Date	CampaignId	CampaignName	AdGroupId	AdGroupName	AdId	Impressions	Clicks	Ctr	Cost	AvgCpc	Conversions	Revenue
2026-09-05	118776773	Поиск Корпоративы	5552984033	тематические корпоративные мероприятия	16902913701	1	0	0.00	0.00	--	0	0.00
2026-09-05	118776773	Поиск Корпоративы	5552984034	где интересно провести корпоратив	16902913704	1	1	100.00	492.78	492.77	0	0.00
2026-09-05	118776773	Поиск Корпоративы	5552984072	залы проведения корпоративов	16902913772	1	0	0.00	0.00	--	0	0.00
2026-09-05	118776773	Поиск Корпоративы	5552984084	компании организации корпоратива	16902913790	1	0	0.00	0.00	--	0	0.00
2026-09-05	118776773	Поиск Корпоративы	5552984084	компании организации корпоратива	16902913791	1	0	0.00	0.00	--	0	0.00
2026-09-05	118776773	Поиск Корпоративы	5552984098	корпоративные мероприятия москва	16902913816	1	0	0.00	0.00	--	0	0.00
2026-09-05	118776773	Поиск Корпоративы	5552984098	корпоративные мероприятия москва	16902913817	2	0	0.00	0.00	--	0	0.00
2026-09-05	118776773	Поиск Корпоративы	5552984168	праздничные корпоративные мероприятия	16902913944	1	0	0.00	0.00	--	0	0.00
2026-09-05	118776773	Поиск Корпоративы	5552984168	праздничные корпоративные мероприятия	16902913945	1	0	0.00	0.00	--	0	0.00
2026-09-05	118776773	Поиск Корпоративы	5552984178	отметить корпоратив	16902913972	1	0	0.00	0.00	--	0	0.00
2026-09-05	118776773	Поиск Корпоративы	5552984190	ресторан для корпоратива	16902913993	2	0	0.00	0.00	--	0	0.00
2026-09-05	118776779	Поиск Свадебные банкеты	5552984232	зал для свадьбы в москве	16902921422	1	0	0.00	0.00	--	0	0.00
2026-09-05	118776779	Поиск Свадебные банкеты	5552984244	где отметить свадьбу	16902921471	2	0	0.00	0.00	--	0	0.00
2026-09-05	118776779	Поиск Свадебные банкеты	5552984248	веранды для свадьбы в москве	16902921484	2	1	50.00	90.32	90.32	1	0.00
2026-09-05	118776779	Поиск Свадебные банкеты	5552984251	банкет на свадьбу	16902921496	1	0	0.00	0.00	--	0	0.00
2026-09-05	118776779	Поиск Свадебные банкеты	5552984251	банкет на свадьбу	16902921497	1	0	0.00	0.00	--	0	0.00
2026-09-05	118776779	Поиск Свадебные банкеты	5552984251	банкет на свадьбу	16902921499	1	0	0.00	0.00	--	0	0.00
2026-09-05	118776779	Поиск Свадебные банкеты	5552984255	как отметить свадьбу москве	16902921513	2	0	0.00	0.00	--	0	0.00
2026-09-05	118776779	Поиск Свадебные банкеты	5552984255	как отметить свадьбу москве	16902921514	1	0	0.00	0.00	--	0	0.00
2026-09-05	118776779	Поиск Свадебные банкеты	5552984255	как отметить свадьбу москве	16902921515	2	0	0.00	0.00	--	0	0.00
2026-09-05	118776779	Поиск Свадебные банкеты	5552984256	как отпраздновать свадьбу	16902921518	1	0	0.00	0.00	--	0	0.00
2026-09-05	118776779	Поиск Свадебные банкеты	5552984257	красивая свадьба в москве	16902921521	1	0	0.00	0.00	--	0	0.00
2026-09-05	118776779	Поиск Свадебные банкеты	5552984257	красивая свадьба в москве	16902921522	3	0	0.00	0.00	--	0	0.00
2026-09-05	118776779	Поиск Свадебные банкеты	5552984257	красивая свадьба в москве	16902921523	5	1	20.00	494.10	494.10	1	0.00
2026-09-05	118776779	Поиск Свадебные банкеты	5552984267	места для проведения свадьбы	16902921562	1	0	0.00	0.00	--	0	0.00
2026-09-05	118776779	Поиск Свадебные банкеты	5552984270	место для свадьбы	16902921573	1	1	100.00	343.75	343.75	1	0.00
2026-09-05	118776779	Поиск Свадебные банкеты	5552984272	организация свадьбы в москве	16902921581	1	1	100.00	292.76	292.76	1	0.00
2026-09-05	118776779	Поиск Свадебные банкеты	5552984272	организация свадьбы в москве	16902921583	1	0	0.00	0.00	--	0	0.00
2026-09-05	118776779	Поиск Свадебные банкеты	5552984281	площадки для свадьбы	16902921618	4	0	0.00	0.00	--	0	0.00
2026-09-05	118776779	Поиск Свадебные банкеты	5552984281	площадки для свадьбы	16902921619	2	1	50.00	397.14	397.14	1	0.00
2026-09-05	118776779	Поиск Свадебные банкеты	5552984281	площадки для свадьбы	16902921620	1	0	0.00	0.00	--	0	0.00
2026-09-05	118776779	Поиск Свадебные банкеты	5552984282	площадки для свадьбы в москве	16902921622	2	0	0.00	0.00	--	0	0.00
2026-09-05	118776779	Поиск Свадебные банкеты	5552984282	площадки для свадьбы в москве	16902921623	2	0	0.00	0.00	--	0	0.00
2026-09-05	118776779	Поиск Свадебные банкеты	5552984285	проведение свадеб в москве	16902921633	3	0	0.00	0.00	--	0	0.00
2026-09-05	118776779	Поиск Свадебные банкеты	5552984286	проведение свадьбы	16902921638	3	0	0.00	0.00	--	0	0.00
2026-09-05	118776779	Поиск Свадебные банкеты	5552984286	проведение свадьбы	16902921639	1	0	0.00	0.00	--	0	0.00
2026-09-05	118776779	Поиск Свадебные банкеты	5552984287	провести свадьбу в москве	16902921642	1	1	100.00	96.77	96.77	1	0.00
2026-09-05	118776779	Поиск Свадебные банкеты	5552984313	свадебные рестораны в москве	16902921745	2	0	0.00	0.00	--	0	0.00
2026-09-05	118776779	Поиск Свадебные банкеты	5552984315	свадебный банкет в москве	16902921754	2	0	0.00	0.00	--	0	0.00
2026-09-05	118776779	Поиск Свадебные банкеты	5552984325	свадьба цена	16902921795	1	0	0.00	0.00	--	0	0.00
2026-09-05	118776779	Поиск Свадебные банкеты	5552984327	сколько стоит свадьба в москве	16902921803	2	0	0.00	0.00	--	0	0.00
2026-09-05	118776779	Поиск Свадебные банкеты	5552984328	снять зал для свадьбы	16902921807	1	0	0.00	0.00	--	0	0.00
2026-09-05	118776779	Поиск Свадебные банкеты	5552984341	свадьба в ресторане	16902921859	2	0	0.00	0.00	--	0	0.00
2026-09-05	118776779	Поиск Свадебные банкеты	5552984346	место для свадебной церемонии	16902921878	1	0	0.00	0.00	--	0	0.00
2026-09-05	118776779	Поиск Свадебные банкеты	5552984351	ресторан для свадьбы в москве	16902921897	1	0	0.00	0.00	--	0	0.00
2026-09-05	118776785	Ремаркетинг	5552984378	Новая группа	16902928679	5	0	0.00	0.00	--	0	0.00
2026-09-05	118776785	Ремаркетинг	5552984378	Новая группа	16902937188	1	0	0.00	0.00	--	0	0.00
2026-09-05	118776779	Поиск Свадебные банкеты	5596541487	банкетный зал для свадьбы москва	17078756108	1	0	0.00	0.00	--	0	0.00
2026-09-05	118776779	Поиск Свадебные банкеты	5596541487	банкетный зал для свадьбы москва	17078756110	1	0	0.00	0.00	--	0	0.00
2026-09-05	700792063	Тест РСЯ банкет	5598457174	Банкеты	17085709723	41	1	2.44	0.63	0.63	0	0.00
2026-09-05	700792063	Тест РСЯ банкет	5598457174	Банкеты	17085709724	77	14	18.18	15.87	1.13	0	0.00
2026-09-05	700792063	Тест РСЯ банкет	5598457174	Банкеты	17085709725	3866	280	7.24	1711.76	6.11	2	0.00
2026-09-05	700792063	Тест РСЯ банкет	5598457174	Банкеты	17085709726	29	2	6.90	1.10	0.55	0	0.00
2026-09-05	700792063	Тест РСЯ банкет	5598457175	Баннеры	17085709727	26	0	0.00	0.00	--	0	0.00
2026-09-05	700792072	Тест РСЯ конференции	5598457234	аренда семинар	17085710057	1	0	0.00	0.00	--	0	0.00
2026-09-05	700792082	Тест РСЯ Корпоративы	5598457300	провести корпоратив	17085710298	88	0	0.00	0.00	--	0	0.00
2026-09-05	700792082	Тест РСЯ Корпоративы	5598457301	корпоративные мероприятия	17085710301	37	0	0.00	0.00	--	0	0.00
2026-09-05	700792082	Тест РСЯ Корпоративы	5598457302	организация корпоратива	17085710304	441	4	0.91	27.37	6.84	0	0.00
2026-09-05	700792082	Тест РСЯ Корпоративы	5598457303	корпоративный праздник	17085710305	9	0	0.00	0.00	--	0	0.00
2026-09-05	700792082	Тест РСЯ Корпоративы	5598457303	корпоративный праздник	17085710306	865	21	2.43	208.12	9.91	0	0.00
2026-09-05	700792082	Тест РСЯ Корпоративы	5598457303	корпоративный праздник	17085710307	15	0	0.00	0.00	--	0	0.00
2026-09-05	700792082	Тест РСЯ Корпоративы	5598457304	проведение корпоратива	17085710308	28	0	0.00	0.00	--	0	0.00
2026-09-05	700792082	Тест РСЯ Корпоративы	5598457304	проведение корпоратива	17085710309	126	0	0.00	0.00	--	0	0.00
2026-09-05	700792082	Тест РСЯ Корпоративы	5598457305	ресторан для корпоратива	17085710311	32	0	0.00	0.00	--	0	0.00
2026-09-05	700792082	Тест РСЯ Корпоративы	5598457307	отметить корпоратив	17085710317	17	0	0.00	0.00	--	0	0.00
2026-09-05	700792082	Тест РСЯ Корпоративы	5598457307	отметить корпоратив	17085710318	36	0	0.00	0.00	--	0	0.00
2026-09-05	700792082	Тест РСЯ Корпоративы	5598457308	корпоратив в центре	17085710321	804	6	0.75	72.65	12.11	0	0.00
2026-09-05	700792082	Тест РСЯ Корпоративы	5598457310	корпоратив на 50 челоек	17085710326	161	0	0.00	0.00	--	0	0.00
2026-09-05	700792082	Тест РСЯ Корпоративы	5598457310	корпоратив на 50 челоек	17085710327	1507	8	0.53	50.14	6.27	0	0.00
2026-09-05	700792082	Тест РСЯ Корпоративы	5598457310	корпоратив на 50 челоек	17085710328	30	0	0.00	0.00	--	0	0.00
2026-09-05	700792082	Тест РСЯ Корпоративы	5598457311	корпоратив на 100 челоек	17085710329	16	0	0.00	0.00	--	0	0.00
2026-09-05	700792082	Тест РСЯ Корпоративы	5598457311	корпоратив на 100 челоек	17085710330	92	2	2.17	16.70	8.35	0	0.00
2026-09-05	700792082	Тест РСЯ Корпоративы	5598457311	корпоратив на 100 челоек	17085710331	62	0	0.00	0.00	--	0	0.00
2026-09-05	700792082	Тест РСЯ Корпоративы	5598457312	корпоратив на 150 челоек	17085710332	19	0	0.00	0.00	--	0	0.00
2026-09-05	700792082	Тест РСЯ Корпоративы	5598457312	корпоратив на 150 челоек	17085710333	589	6	1.02	87.79	14.63	0	0.00
2026-09-05	700792082	Тест РСЯ Корпоративы	5598457312	корпоратив на 150 челоек	17085710334	44	0	0.00	0.00	--	0	0.00
2026-09-05	700792082	Тест РСЯ Корпоративы	5598457313	корпоратив на 200 челоек	17085710335	8615	410	4.76	2268.35	5.53	4	0.00
2026-09-05	700792082	Тест РСЯ Корпоративы	5598457313	корпоратив на 200 челоек	17085710336	86	1	1.16	0.93	0.93	0	0.00
2026-09-05	700792082	Тест РСЯ Корпоративы	5598457313	корпоратив на 200 челоек	17085710337	9	2	22.22	3.73	1.87	0	0.00
2026-09-05	700792082	Тест РСЯ Корпоративы	5598457314	корпоратив на 250 челоек	17085710338	96	1	1.04	53.94	53.94	1	0.00
2026-09-05	700792082	Тест РСЯ Корпоративы	5598457314	корпоратив на 250 челоек	17085710339	174	0	0.00	0.00	--	0	0.00
2026-09-05	700792082	Тест РСЯ Корпоративы	5598457315	корпоратив на чистых прудах	17085710341	2	0	0.00	0.00	--	0	0.00
2026-09-05	700792082	Тест РСЯ Корпоративы	5598457315	корпоратив на чистых прудах	17085710342	17	0	0.00	0.00	--	0	0.00
2026-09-05	700792082	Тест РСЯ Корпоративы	5598457316	корпоратив на красных воротах	17085710344	4	1	25.00	1.27	1.27	0	0.00
2026-09-05	700792082	Тест РСЯ Корпоративы	5598457316	корпоратив на красных воротах	17085710345	611	12	1.96	80.80	6.73	0	0.00
2026-09-05	700792082	Тест РСЯ Корпоративы	5598457316	корпоратив на красных воротах	17085710346	104	2	1.92	13.36	6.68	0	0.00
2026-09-05	700792082	Тест РСЯ Корпоративы	5598457317	корпоративы с караоке	17085710347	22	0	0.00	0.00	--	0	0.00
2026-09-05	700792082	Тест РСЯ Корпоративы	5598457317	корпоративы с караоке	17085710348	48	0	0.00	0.00	--	0	0.00
2026-09-05	700792082	Тест РСЯ Корпоративы	5598457317	корпоративы с караоке	17085710349	23	0	0.00	0.00	--	0	0.00
2026-09-05	700792082	Тест РСЯ Корпоративы	5598457318	Баннеры	17085710350	8	1	12.50	4.71	4.71	0	0.00
2026-09-05	700792082	Тест РСЯ Корпоративы	5598457318	Баннеры	17085710351	1	0	0.00	0.00	--	0	0.00
2026-09-05	700792082	Тест РСЯ Корпоративы	5598457318	Баннеры	17085710352	6	0	0.00	0.00	--	0	0.00
2026-09-05	700792082	Тест РСЯ Корпоративы	5598457321	корпоратив 30	17085710360	7	0	0.00	0.00	--	0	0.00
2026-09-05	700792082	Тест РСЯ Корпоративы	5598457321	корпоратив 30	17085710361	5	0	0.00	0.00	--	0	0.00
2026-09-05	700792082	Тест РСЯ Корпоративы	5598457321	корпоратив 30	17085710362	118	0	0.00	0.00	--	0	0.00
2026-09-05	700792082	Тест РСЯ Корпоративы	5598457322	корпоратив 40	17085710363	132	2	1.52	11.04	5.52	0	0.00
2026-09-05	700792082	Тест РСЯ Корпоративы	5598457322	корпоратив 40	17085710364	257	10	3.89	79.03	7.90	0	0.00
2026-09-05	700792082	Тест РСЯ Корпоративы	5598457322	корпоратив 40	17085710365	109	2	1.83	8.34	4.17	0	0.00
2026-09-05	700792084	Тест РСЯ Свадебные банкеты	5598457353	свадьба в москве	17085710533	855	11	1.29	271.58	24.69	6	0.00
2026-09-05	700792084	Тест РСЯ Свадебные банкеты	5598457353	свадьба в москве	17085710534	1433	16	1.12	668.16	41.76	14	0.00
2026-09-05	700792084	Тест РСЯ Свадебные банкеты	5598457353	свадьба в москве	17085710535	6	0	0.00	0.00	--	0	0.00
2026-09-05	700792084	Тест РСЯ Свадебные банкеты	5598457353	свадьба в москве	17085710536	10	0	0.00	0.00	--	0	0.00
2026-09-05	700792084	Тест РСЯ Свадебные банкеты	5598457354	свадебный ресторан	17085710537	3	0	0.00	0.00	--	0	0.00
2026-09-05	700792084	Тест РСЯ Свадебные банкеты	5598457354	свадебный ресторан	17085710538	155	10	6.45	18.70	1.87	11	0.00
2026-09-05	700792084	Тест РСЯ Свадебные банкеты	5598457354	свадебный ресторан	17085710539	7	0	0.00	0.00	--	0	0.00
2026-09-05	700792084	Тест РСЯ Свадебные банкеты	5598457354	свадебный ресторан	17085710540	2	0	0.00	0.00	--	0	0.00
2026-09-05	700792084	Тест РСЯ Свадебные банкеты	5598457355	площадка для свадьбы	17085710541	2	2	100.00	0.72	0.36	1	0.00
2026-09-05	700792084	Тест РСЯ Свадебные банкеты	5598457355	площадка для свадьбы	17085710544	7	1	14.29	0.64	0.64	3	0.00
2026-09-05	700792084	Тест РСЯ Свадебные банкеты	5598457356	веранда для свадьбы	17085710545	1	0	0.00	0.00	--	0	0.00
2026-09-05	700792084	Тест РСЯ Свадебные банкеты	5598457356	веранда для свадьбы	17085710546	118	5	4.24	158.53	31.71	4	0.00
2026-09-05	700792084	Тест РСЯ Свадебные банкеты	5598457356	веранда для свадьбы	17085710547	2	0	0.00	0.00	--	0	0.00
2026-09-05	700792084	Тест РСЯ Свадебные банкеты	5598457356	веранда для свадьбы	17085710548	1	0	0.00	0.00	--	0	0.00
2026-09-05	700792084	Тест РСЯ Свадебные банкеты	5598457357	свадебный зал	17085710549	23	1	4.35	0.46	0.46	1	0.00
2026-09-05	700792084	Тест РСЯ Свадебные банкеты	5598457357	свадебный зал	17085710550	97	6	6.19	83.40	13.90	8	0.00
2026-09-05	700792084	Тест РСЯ Свадебные банкеты	5598457357	свадебный зал	17085710551	4	0	0.00	0.00	--	0	0.00
2026-09-05	700792084	Тест РСЯ Свадебные банкеты	5598457357	свадебный зал	17085710552	22	5	22.73	3.83	0.77	6	0.00
2026-09-05	700792084	Тест РСЯ Свадебные банкеты	5598457358	свадьба под ключ	17085710553	101	9	8.91	188.37	20.93	6	0.00
2026-09-05	700792084	Тест РСЯ Свадебные банкеты	5598457358	свадьба под ключ	17085710554	51	0	0.00	0.00	--	0	0.00
2026-09-05	700792084	Тест РСЯ Свадебные банкеты	5598457358	свадьба под ключ	17085710555	33	0	0.00	0.00	--	0	0.00
2026-09-05	700792084	Тест РСЯ Свадебные банкеты	5598457358	свадьба под ключ	17085710556	41	0	0.00	0.00	--	0	0.00
2026-09-05	700792084	Тест РСЯ Свадебные банкеты	5598457359	банкет для свадьбы	17085710557	2	2	100.00	0.85	0.43	2	0.00
2026-09-05	700792084	Тест РСЯ Свадебные банкеты	5598457359	банкет для свадьбы	17085710558	10	1	10.00	0.90	0.90	1	0.00
2026-09-05	700792084	Тест РСЯ Свадебные банкеты	5598457359	банкет для свадьбы	17085710560	7	0	0.00	0.00	--	0	0.00
2026-09-05	700792084	Тест РСЯ Свадебные банкеты	5598457360	ресторан для свадьбы	17085710561	14	0	0.00	0.00	--	3	0.00
2026-09-05	700792084	Тест РСЯ Свадебные банкеты	5598457360	ресторан для свадьбы	17085710563	65	7	10.77	115.44	16.49	8	0.00
2026-09-05	700792084	Тест РСЯ Свадебные банкеты	5598457360	ресторан для свадьбы	17085710564	195	8	4.10	4.29	0.54	5	0.00
2026-09-05	700792084	Тест РСЯ Свадебные банкеты	5598457361	зал для свадьбы	17085710566	10	0	0.00	0.00	--	0	0.00
2026-09-05	700792084	Тест РСЯ Свадебные банкеты	5598457361	зал для свадьбы	17085710567	18	5	27.78	2.62	0.52	6	0.00
2026-09-05	700792084	Тест РСЯ Свадебные банкеты	5598457361	зал для свадьбы	17085710568	14	2	14.29	0.44	0.22	1	0.00
2026-09-05	700792084	Тест РСЯ Свадебные банкеты	5598457362	Ремаркетинг на просмотры страницы свадьбы	17085710569	80	5	6.25	6.25	1.25	7	0.00
2026-09-05	702195391	Тест РСЯ банкет (Похожие сайты)	5622970380	Банкеты	17201006655	14	7	50.00	7.60	1.09	0	0.00
2026-09-05	702195391	Тест РСЯ банкет (Похожие сайты)	5622970380	Банкеты	17201006656	12	3	25.00	5.81	1.94	0	0.00
2026-09-05	702195391	Тест РСЯ банкет (Похожие сайты)	5622970380	Банкеты	17201006657	251	7	2.79	57.10	8.16	0	0.00
2026-09-05	702195391	Тест РСЯ банкет (Похожие сайты)	5622970380	Банкеты	17201006658	11	3	27.27	6.66	2.22	0	0.00
2026-09-05	702195391	Тест РСЯ банкет (Похожие сайты)	5622970381	Баннеры	17201006659	441	1	0.23	12.41	12.41	0	0.00
2026-09-05	700792082	Тест РСЯ Корпоративы	5628294387	новогодний корпоратив	17235485071	65	0	0.00	0.00	--	0	0.00
2026-09-05	700792082	Тест РСЯ Корпоративы	5628294388	корпоративный новый год	17235485072	63	0	0.00	0.00	--	0	0.00
2026-09-05	700792082	Тест РСЯ Корпоративы	5628294389	корпоратив на новый год	17235485073	15	0	0.00	0.00	--	0	0.00
2026-09-05	708328266	РСЯ банкетное меню	5734561489	Банкеты	17663635579	3649	307	8.41	773.29	2.52	0	0.00
2026-09-05	709907560	Поиск Банкеты( конверсии)	5750739665	ресторан для банкета	17718636708	2	0	0.00	0.00	--	0	0.00
2026-09-05	709907560	Поиск Банкеты( конверсии)	5750739665	ресторан для банкета	17718636709	1	0	0.00	0.00	--	0	0.00
2026-09-05	709907560	Поиск Банкеты( конверсии)	5750739674	банкет на день рождения	17718636747	1	0	0.00	0.00	--	0	0.00
2026-09-05	709907560	Поиск Банкеты( конверсии)	5750739676	банкет с полным обслуживанием	17718636756	1	1	100.00	328.53	328.53	0	0.00
2026-09-05	709907560	Поиск Банкеты( конверсии)	5750739683	банкетная площадка	17718636784	1	0	0.00	0.00	--	0	0.00
2026-09-05	709907560	Поиск Банкеты( конверсии)	5750739683	банкетная площадка	17718636786	2	1	50.00	1008.58	1008.58	0	0.00
2026-09-05	709907560	Поиск Банкеты( конверсии)	5750739685	банкетные залы	17718636792	4	0	0.00	0.00	--	0	0.00
2026-09-05	709907560	Поиск Банкеты( конверсии)	5750739685	банкетные залы	17718636794	2	0	0.00	0.00	--	0	0.00
2026-09-05	709907560	Поиск Банкеты( конверсии)	5750739685	банкетные залы	17718636795	5	0	0.00	0.00	--	0	0.00
2026-09-05	709907560	Поиск Банкеты( конверсии)	5750739686	Отметить день рождения в ресторане	17718636797	1	0	0.00	0.00	--	0	0.00
2026-09-05	709907560	Поиск Банкеты( конверсии)	5750739686	Отметить день рождения в ресторане	17718636799	8	0	0.00	0.00	--	0	0.00
2026-09-05	709907560	Поиск Банкеты( конверсии)	5750739687	день рождения в ресторане	17718636804	1	0	0.00	0.00	--	0	0.00
2026-09-05	709907560	Поиск Банкеты( конверсии)	5750739687	день рождения в ресторане	17718636805	1	0	0.00	0.00	--	0	0.00
2026-09-05	118776773	Поиск Корпоративы	5552984042	где отметить новогодний корпоратив	17770196279	1	0	0.00	0.00	--	0	0.00
2026-09-05	118776773	Поиск Корпоративы	5552984131	новогодний корпоратив в москве	17770196381	1	0	0.00	0.00	--	0	0.00
2026-09-05	700792082	Тест РСЯ Корпоративы	5628294387	новогодний корпоратив	17770196555	54	0	0.00	0.00	--	0	0.00
2026-09-05	700792082	Тест РСЯ Корпоративы	5628294387	новогодний корпоратив	17770196556	48	0	0.00	0.00	--	0	0.00
2026-09-05	700792082	Тест РСЯ Корпоративы	5628294388	корпоративный новый год	17770196557	14	0	0.00	0.00	--	0	0.00
2026-09-05	118776773	Поиск Корпоративы	5770058767	площадка для корпоратива	17776485005	2	0	0.00	0.00	--	0	0.00
2026-09-05	712849433	Поиск Банкеты квиз( конверсии)	5773918661	веранда банкет	1915822986185365502	1	0	0.00	0.00	--	0	0.00
2026-09-05	712849433	Поиск Банкеты квиз( конверсии)	5773918665	банкет на день рождения	1915822986185365506	2	1	50.00	115.12	115.12	1	0.00
2026-09-05	712849433	Поиск Банкеты квиз( конверсии)	5773918673	банкетная площадка	1915822986185365514	2	0	0.00	0.00	--	0	0.00
2026-09-05	712849433	Поиск Банкеты квиз( конверсии)	5773918675	банкетные залы	1915822986185365516	10	1	10.00	219.75	219.75	0	0.00
2026-09-05	712849433	Поиск Банкеты квиз( конверсии)	5773918676	Отметить день рождения в ресторане	1915822986185365517	5	0	0.00	0.00	--	0	0.00
2026-09-05	712849433	Поиск Банкеты квиз( конверсии)	5773918677	день рождения в ресторане	1915822986185365518	2	1	50.00	102.37	102.37	1	0.00
2026-09-05	712849433	Поиск Банкеты квиз( конверсии)	5773918687	банкетный зал 150	1915822986185365528	1	0	0.00	0.00	--	0	0.00
2026-09-06	118776773	Поиск Корпоративы	5552984098	корпоративные мероприятия москва	16902913817	1	0	0.00	0.00	--	0	0.00
2026-09-06	118776779	Поиск Свадебные банкеты	5552984230	залы для свадебных банкетов	16902921413	1	0	0.00	0.00	--	0	0.00
2026-09-06	118776779	Поиск Свадебные банкеты	5552984232	зал для свадьбы в москве	16902921422	5	1	20.00	85.76	85.76	1	0.00
2026-09-06	118776779	Поиск Свадебные банкеты	5552984252	где отметить свадьбу в москве	16902921501	1	1	100.00	590.10	590.10	1	0.00
2026-09-06	118776779	Поиск Свадебные банкеты	5552984252	где отметить свадьбу в москве	16902921503	1	0	0.00	0.00	--	0	0.00
2026-09-06	118776779	Поиск Свадебные банкеты	5552984255	как отметить свадьбу москве	16902921513	1	0	0.00	0.00	--	0	0.00
2026-09-06	118776779	Поиск Свадебные банкеты	5552984257	красивая свадьба в москве	16902921521	1	0	0.00	0.00	--	0	0.00
2026-09-06	118776779	Поиск Свадебные банкеты	5552984268	места для проведения свадьбы в москве	16902921567	1	0	0.00	0.00	--	0	0.00
2026-09-06	118776779	Поиск Свадебные банкеты	5552984281	площадки для свадьбы	16902921618	2	0	0.00	0.00	--	0	0.00
2026-09-06	118776779	Поиск Свадебные банкеты	5552984281	площадки для свадьбы	16902921620	1	0	0.00	0.00	--	0	0.00
2026-09-06	118776779	Поиск Свадебные банкеты	5552984285	проведение свадеб в москве	16902921633	1	1	100.00	246.34	246.34	1	0.00
2026-09-06	118776779	Поиск Свадебные банкеты	5552984285	проведение свадеб в москве	16902921634	1	0	0.00	0.00	--	0	0.00
2026-09-06	118776779	Поиск Свадебные банкеты	5552984286	проведение свадьбы	16902921637	2	0	0.00	0.00	--	0	0.00
2026-09-06	118776779	Поиск Свадебные банкеты	5552984286	проведение свадьбы	16902921638	1	0	0.00	0.00	--	0	0.00
2026-09-06	118776779	Поиск Свадебные банкеты	5552984287	провести свадьбу в москве	16902921642	1	0	0.00	0.00	--	0	0.00
2026-09-06	118776779	Поиск Свадебные банкеты	5552984312	свадебные залы москвы	16902921742	1	0	0.00	0.00	--	0	0.00
2026-09-06	118776779	Поиск Свадебные банкеты	5552984315	свадебный банкет в москве	16902921754	2	0	0.00	0.00	--	0	0.00
2026-09-06	118776779	Поиск Свадебные банкеты	5552984316	свадебный банкетный зал	16902921758	1	0	0.00	0.00	--	0	0.00
2026-09-06	118776779	Поиск Свадебные банкеты	5552984325	свадьба цена	16902921795	1	0	0.00	0.00	--	0	0.00
2026-09-06	118776779	Поиск Свадебные банкеты	5552984325	свадьба цена	16902921796	1	0	0.00	0.00	--	0	0.00
2026-09-06	118776779	Поиск Свадебные банкеты	5552984327	сколько стоит свадьба в москве	16902921803	1	0	0.00	0.00	--	0	0.00
2026-09-06	118776779	Поиск Свадебные банкеты	5552984327	сколько стоит свадьба в москве	16902921804	1	0	0.00	0.00	--	0	0.00
2026-09-06	118776779	Поиск Свадебные банкеты	5552984334	уютный ресторан для свадьбы	16902921831	1	0	0.00	0.00	--	0	0.00
2026-09-06	118776785	Ремаркетинг	5552984378	Новая группа	16902928679	1	0	0.00	0.00	--	0	0.00
2026-09-06	118776779	Поиск Свадебные банкеты	5596541487	банкетный зал для свадьбы москва	17078756108	1	0	0.00	0.00	--	0	0.00
2026-09-06	118776779	Поиск Свадебные банкеты	5596541487	банкетный зал для свадьбы москва	17078756110	1	0	0.00	0.00	--	0	0.00
2026-09-06	700792063	Тест РСЯ банкет	5598457174	Банкеты	17085709723	54	7	12.96	4.37	0.62	0	0.00
2026-09-06	700792063	Тест РСЯ банкет	5598457174	Банкеты	17085709724	49	6	12.24	2.65	0.44	0	0.00
2026-09-06	700792063	Тест РСЯ банкет	5598457174	Банкеты	17085709725	7819	276	3.53	3043.76	11.03	3	0.00
2026-09-06	700792063	Тест РСЯ банкет	5598457174	Банкеты	17085709726	45	3	6.67	2.53	0.84	0	0.00
2026-09-06	700792063	Тест РСЯ банкет	5598457175	Баннеры	17085709727	30	0	0.00	0.00	--	0	0.00
2026-09-06	700792072	Тест РСЯ конференции	5598457234	аренда семинар	17085710057	1	0	0.00	0.00	--	0	0.00
2026-09-06	700792082	Тест РСЯ Корпоративы	5598457300	провести корпоратив	17085710298	26	0	0.00	0.00	--	0	0.00
2026-09-06	700792082	Тест РСЯ Корпоративы	5598457301	корпоративные мероприятия	17085710301	73	1	1.37	2.52	2.52	0	0.00
2026-09-06	700792082	Тест РСЯ Корпоративы	5598457302	организация корпоратива	17085710304	1915	13	0.68	167.81	12.91	0	0.00
2026-09-06	700792082	Тест РСЯ Корпоративы	5598457303	корпоративный праздник	17085710305	11	0	0.00	0.00	--	0	0.00
2026-09-06	700792082	Тест РСЯ Корпоративы	5598457303	корпоративный праздник	17085710306	736	6	0.82	74.27	12.38	0	0.00
2026-09-06	700792082	Тест РСЯ Корпоративы	5598457303	корпоративный праздник	17085710307	4	0	0.00	0.00	--	0	0.00
2026-09-06	700792082	Тест РСЯ Корпоративы	5598457304	проведение корпоратива	17085710308	33	0	0.00	0.00	--	0	0.00
2026-09-06	700792082	Тест РСЯ Корпоративы	5598457304	проведение корпоратива	17085710309	76	0	0.00	0.00	--	0	0.00
2026-09-06	700792082	Тест РСЯ Корпоративы	5598457305	ресторан для корпоратива	17085710311	50	0	0.00	0.00	--	0	0.00
2026-09-06	700792082	Тест РСЯ Корпоративы	5598457307	отметить корпоратив	17085710317	23	1	4.35	1.78	1.78	0	0.00
2026-09-06	700792082	Тест РСЯ Корпоративы	5598457307	отметить корпоратив	17085710318	84	0	0.00	0.00	--	0	0.00
2026-09-06	700792082	Тест РСЯ Корпоративы	5598457308	корпоратив в центре	17085710321	779	5	0.64	43.09	8.62	0	0.00
2026-09-06	700792082	Тест РСЯ Корпоративы	5598457310	корпоратив на 50 челоек	17085710326	20	0	0.00	0.00	--	0	0.00
2026-09-06	700792082	Тест РСЯ Корпоративы	5598457310	корпоратив на 50 челоек	17085710327	3143	11	0.35	78.05	7.10	0	0.00
2026-09-06	700792082	Тест РСЯ Корпоративы	5598457310	корпоратив на 50 челоек	17085710328	24	0	0.00	0.00	--	0	0.00
2026-09-06	700792082	Тест РСЯ Корпоративы	5598457311	корпоратив на 100 челоек	17085710329	17	0	0.00	0.00	--	0	0.00
2026-09-06	700792082	Тест РСЯ Корпоративы	5598457311	корпоратив на 100 челоек	17085710330	99	3	3.03	23.14	7.71	0	0.00
2026-09-06	700792082	Тест РСЯ Корпоративы	5598457311	корпоратив на 100 челоек	17085710331	246	1	0.41	5.99	5.99	0	0.00
2026-09-06	700792082	Тест РСЯ Корпоративы	5598457312	корпоратив на 150 челоек	17085710332	36	0	0.00	0.00	--	0	0.00
2026-09-06	700792082	Тест РСЯ Корпоративы	5598457312	корпоратив на 150 челоек	17085710333	550	8	1.45	137.27	17.16	0	0.00
2026-09-06	700792082	Тест РСЯ Корпоративы	5598457312	корпоратив на 150 челоек	17085710334	58	1	1.72	27.89	27.89	0	0.00
2026-09-06	700792082	Тест РСЯ Корпоративы	5598457313	корпоратив на 200 челоек	17085710335	9122	340	3.73	2145.61	6.31	2	0.00
2026-09-06	700792082	Тест РСЯ Корпоративы	5598457313	корпоратив на 200 челоек	17085710336	33	0	0.00	0.00	--	0	0.00
2026-09-06	700792082	Тест РСЯ Корпоративы	5598457313	корпоратив на 200 челоек	17085710337	13	0	0.00	0.00	--	0	0.00
2026-09-06	700792082	Тест РСЯ Корпоративы	5598457314	корпоратив на 250 челоек	17085710338	235	0	0.00	0.00	--	0	0.00
2026-09-06	700792082	Тест РСЯ Корпоративы	5598457314	корпоратив на 250 челоек	17085710339	422	0	0.00	0.00	--	0	0.00
2026-09-06	700792082	Тест РСЯ Корпоративы	5598457315	корпоратив на чистых прудах	17085710341	1	0	0.00	0.00	--	0	0.00
2026-09-06	700792082	Тест РСЯ Корпоративы	5598457315	корпоратив на чистых прудах	17085710342	15	0	0.00	0.00	--	0	0.00
2026-09-06	700792082	Тест РСЯ Корпоративы	5598457316	корпоратив на красных воротах	17085710345	526	21	3.99	149.54	7.12	0	0.00
2026-09-06	700792082	Тест РСЯ Корпоративы	5598457316	корпоратив на красных воротах	17085710346	56	2	3.57	9.34	4.67	0	0.00
2026-09-06	700792082	Тест РСЯ Корпоративы	5598457317	корпоративы с караоке	17085710347	13	0	0.00	0.00	--	0	0.00
2026-09-06	700792082	Тест РСЯ Корпоративы	5598457317	корпоративы с караоке	17085710348	32	1	3.12	6.04	6.04	0	0.00
2026-09-06	700792082	Тест РСЯ Корпоративы	5598457317	корпоративы с караоке	17085710349	5	0	0.00	0.00	--	0	0.00
2026-09-06	700792082	Тест РСЯ Корпоративы	5598457318	Баннеры	17085710350	8	2	25.00	10.54	5.27	0	0.00
2026-09-06	700792082	Тест РСЯ Корпоративы	5598457318	Баннеры	17085710351	1	0	0.00	0.00	--	0	0.00
2026-09-06	700792082	Тест РСЯ Корпоративы	5598457318	Баннеры	17085710352	10	3	30.00	13.97	4.66	0	0.00
2026-09-06	700792082	Тест РСЯ Корпоративы	5598457321	корпоратив 30	17085710360	92	0	0.00	0.00	--	0	0.00
2026-09-06	700792082	Тест РСЯ Корпоративы	5598457321	корпоратив 30	17085710361	7	0	0.00	0.00	--	0	0.00
2026-09-06	700792082	Тест РСЯ Корпоративы	5598457321	корпоратив 30	17085710362	507	2	0.39	64.24	32.12	0	0.00
2026-09-06	700792082	Тест РСЯ Корпоративы	5598457322	корпоратив 40	17085710363	133	2	1.50	18.58	9.29	0	0.00
2026-09-06	700792082	Тест РСЯ Корпоративы	5598457322	корпоратив 40	17085710364	467	36	7.71	231.77	6.44	0	0.00
2026-09-06	700792082	Тест РСЯ Корпоративы	5598457322	корпоратив 40	17085710365	100	4	4.00	15.43	3.86	0	0.00
2026-09-06	700792084	Тест РСЯ Свадебные банкеты	5598457353	свадьба в москве	17085710533	1078	40	3.71	534.56	13.36	32	0.00
2026-09-06	700792084	Тест РСЯ Свадебные банкеты	5598457353	свадьба в москве	17085710534	776	8	1.03	464.14	58.02	6	0.00
2026-09-06	700792084	Тест РСЯ Свадебные банкеты	5598457353	свадьба в москве	17085710535	15	0	0.00	0.00	--	0	0.00
2026-09-06	700792084	Тест РСЯ Свадебные банкеты	5598457353	свадьба в москве	17085710536	16	0	0.00	0.00	--	0	0.00
2026-09-06	700792084	Тест РСЯ Свадебные банкеты	5598457354	свадебный ресторан	17085710537	8	2	25.00	1.29	0.64	0	0.00
2026-09-06	700792084	Тест РСЯ Свадебные банкеты	5598457354	свадебный ресторан	17085710538	806	47	5.83	243.60	5.18	36	0.00
2026-09-06	700792084	Тест РСЯ Свадебные банкеты	5598457354	свадебный ресторан	17085710539	12	1	8.33	0.48	0.48	1	0.00
2026-09-06	700792084	Тест РСЯ Свадебные банкеты	5598457354	свадебный ресторан	17085710540	4	0	0.00	0.00	--	0	0.00
2026-09-06	700792084	Тест РСЯ Свадебные банкеты	5598457355	площадка для свадьбы	17085710541	4	2	50.00	0.64	0.32	3	0.00
2026-09-06	700792084	Тест РСЯ Свадебные банкеты	5598457355	площадка для свадьбы	17085710542	6	3	50.00	2.50	0.83	4	0.00
2026-09-06	700792084	Тест РСЯ Свадебные банкеты	5598457355	площадка для свадьбы	17085710543	16	7	43.75	4.69	0.67	7	0.00
2026-09-06	700792084	Тест РСЯ Свадебные банкеты	5598457355	площадка для свадьбы	17085710544	9	2	22.22	1.08	0.54	3	0.00
2026-09-06	700792084	Тест РСЯ Свадебные банкеты	5598457356	веранда для свадьбы	17085710546	265	29	10.94	84.29	2.91	19	0.00
2026-09-06	700792084	Тест РСЯ Свадебные банкеты	5598457356	веранда для свадьбы	17085710547	9	0	0.00	0.00	--	0	0.00
2026-09-06	700792084	Тест РСЯ Свадебные банкеты	5598457357	свадебный зал	17085710549	14	0	0.00	0.00	--	0	0.00
2026-09-06	700792084	Тест РСЯ Свадебные банкеты	5598457357	свадебный зал	17085710550	45	4	8.89	2.09	0.52	5	0.00
2026-09-06	700792084	Тест РСЯ Свадебные банкеты	5598457357	свадебный зал	17085710551	3	0	0.00	0.00	--	0	0.00
2026-09-06	700792084	Тест РСЯ Свадебные банкеты	5598457357	свадебный зал	17085710552	82	21	25.61	17.20	0.82	23	0.00
2026-09-06	700792084	Тест РСЯ Свадебные банкеты	5598457358	свадьба под ключ	17085710553	46	1	2.17	5.26	5.26	1	0.00
2026-09-06	700792084	Тест РСЯ Свадебные банкеты	5598457358	свадьба под ключ	17085710554	64	0	0.00	0.00	--	0	0.00
2026-09-06	700792084	Тест РСЯ Свадебные банкеты	5598457358	свадьба под ключ	17085710555	35	2	5.71	69.04	34.52	3	0.00
2026-09-06	700792084	Тест РСЯ Свадебные банкеты	5598457358	свадьба под ключ	17085710556	58	1	1.72	0.41	0.41	0	0.00
2026-09-06	700792084	Тест РСЯ Свадебные банкеты	5598457359	банкет для свадьбы	17085710557	7	2	28.57	1.68	0.84	2	0.00
2026-09-06	700792084	Тест РСЯ Свадебные банкеты	5598457359	банкет для свадьбы	17085710558	3	1	33.33	1.12	1.12	1	0.00
2026-09-06	700792084	Тест РСЯ Свадебные банкеты	5598457359	банкет для свадьбы	17085710559	2	0	0.00	0.00	--	0	0.00
2026-09-06	700792084	Тест РСЯ Свадебные банкеты	5598457359	банкет для свадьбы	17085710560	2	0	0.00	0.00	--	0	0.00
2026-09-06	700792084	Тест РСЯ Свадебные банкеты	5598457360	ресторан для свадьбы	17085710561	11	0	0.00	0.00	--	0	0.00
2026-09-06	700792084	Тест РСЯ Свадебные банкеты	5598457360	ресторан для свадьбы	17085710562	5	0	0.00	0.00	--	0	0.00
2026-09-06	700792084	Тест РСЯ Свадебные банкеты	5598457360	ресторан для свадьбы	17085710563	30	2	6.67	1.23	0.61	3	0.00
2026-09-06	700792084	Тест РСЯ Свадебные банкеты	5598457360	ресторан для свадьбы	17085710564	396	14	3.54	34.65	2.47	6	0.00
2026-09-06	700792084	Тест РСЯ Свадебные банкеты	5598457361	зал для свадьбы	17085710565	2	1	50.00	0.41	0.41	1	0.00
2026-09-06	700792084	Тест РСЯ Свадебные банкеты	5598457361	зал для свадьбы	17085710566	22	0	0.00	0.00	--	0	0.00
2026-09-06	700792084	Тест РСЯ Свадебные банкеты	5598457361	зал для свадьбы	17085710567	131	28	21.37	25.02	0.89	38	0.00
2026-09-06	700792084	Тест РСЯ Свадебные банкеты	5598457361	зал для свадьбы	17085710568	9	3	33.33	2.09	0.70	3	0.00
2026-09-06	700792084	Тест РСЯ Свадебные банкеты	5598457362	Ремаркетинг на просмотры страницы свадьбы	17085710569	34	2	5.88	2.05	1.02	7	0.00
2026-09-06	702195391	Тест РСЯ банкет (Похожие сайты)	5622970380	Банкеты	17201006655	9	4	44.44	6.55	1.64	0	0.00
2026-09-06	702195391	Тест РСЯ банкет (Похожие сайты)	5622970380	Банкеты	17201006656	19	1	5.26	0.34	0.34	0	0.00
2026-09-06	702195391	Тест РСЯ банкет (Похожие сайты)	5622970380	Банкеты	17201006657	436	3	0.69	114.46	38.15	1	0.00
2026-09-06	702195391	Тест РСЯ банкет (Похожие сайты)	5622970380	Банкеты	17201006658	24	4	16.67	4.80	1.20	0	0.00
2026-09-06	702195391	Тест РСЯ банкет (Похожие сайты)	5622970381	Баннеры	17201006659	732	2	0.27	33.37	16.68	0	0.00
2026-09-06	700792082	Тест РСЯ Корпоративы	5628294387	новогодний корпоратив	17235485071	34	0	0.00	0.00	--	0	0.00
2026-09-06	700792082	Тест РСЯ Корпоративы	5628294388	корпоративный новый год	17235485072	49	0	0.00	0.00	--	0	0.00
2026-09-06	700792082	Тест РСЯ Корпоративы	5628294389	корпоратив на новый год	17235485073	27	1	3.70	7.41	7.41	0	0.00
2026-09-06	708328266	РСЯ банкетное меню	5734561489	Банкеты	17663635579	9618	380	3.95	1849.74	4.87	2	0.00
2026-09-06	709907560	Поиск Банкеты( конверсии)	5750739674	банкет на день рождения	17718636747	1	0	0.00	0.00	--	0	0.00
2026-09-06	709907560	Поиск Банкеты( конверсии)	5750739676	банкет с полным обслуживанием	17718636756	2	1	50.00	126.21	126.21	1	0.00
2026-09-06	709907560	Поиск Банкеты( конверсии)	5750739680	организация банкетов	17718636772	1	0	0.00	0.00	--	0	0.00
2026-09-06	709907560	Поиск Банкеты( конверсии)	5750739685	банкетные залы	17718636792	2	0	0.00	0.00	--	0	0.00
2026-09-06	709907560	Поиск Банкеты( конверсии)	5750739685	банкетные залы	17718636793	1	0	0.00	0.00	--	0	0.00
2026-09-06	709907560	Поиск Банкеты( конверсии)	5750739685	банкетные залы	17718636794	3	0	0.00	0.00	--	0	0.00
2026-09-06	709907560	Поиск Банкеты( конверсии)	5750739685	банкетные залы	17718636795	1	0	0.00	0.00	--	0	0.00
2026-09-06	709907560	Поиск Банкеты( конверсии)	5750739686	Отметить день рождения в ресторане	17718636799	2	0	0.00	0.00	--	0	0.00
2026-09-06	700792082	Тест РСЯ Корпоративы	5628294387	новогодний корпоратив	17770196555	46	0	0.00	0.00	--	0	0.00
2026-09-06	700792082	Тест РСЯ Корпоративы	5628294387	новогодний корпоратив	17770196556	30	0	0.00	0.00	--	0	0.00
2026-09-06	700792082	Тест РСЯ Корпоративы	5628294388	корпоративный новый год	17770196557	5	0	0.00	0.00	--	0	0.00
2026-09-06	700792082	Тест РСЯ Корпоративы	5628294388	корпоративный новый год	17770196558	16	0	0.00	0.00	--	0	0.00
2026-09-06	712849433	Поиск Банкеты квиз( конверсии)	5773918656	ресторан для банкета	1915822986185365497	2	1	50.00	331.74	331.74	1	0.00
2026-09-06	712849433	Поиск Банкеты квиз( конверсии)	5773918675	банкетные залы	1915822986185365516	14	1	7.14	294.61	294.61	1	0.00
2026-09-06	712849433	Поиск Банкеты квиз( конверсии)	5773918676	Отметить день рождения в ресторане	1915822986185365517	4	0	0.00	0.00	--	0	0.00
2026-09-07	118776764	Поиск Конференция	5552983943	конференц зал москва	16902905749	1	0	0.00	0.00	--	0	0.00
2026-09-07	118776773	Поиск Корпоративы	5552984022	проведение праздников корпоративов	16902913672	2	0	0.00	0.00	--	0	0.00
2026-09-07	118776773	Поиск Корпоративы	5552984025	развлекательные корпоративные мероприятия	16902913680	3	0	0.00	0.00	--	0	0.00
2026-09-07	118776773	Поиск Корпоративы	5552984025	развлекательные корпоративные мероприятия	16902913681	1	1	100.00	972.95	972.95	1	0.00
2026-09-07	118776773	Поиск Корпоративы	5552984028	семейные корпоративные мероприятия	16902913690	2	0	0.00	0.00	--	0	0.00
2026-09-07	118776773	Поиск Корпоративы	5552984033	тематические корпоративные мероприятия	16902913701	1	0	0.00	0.00	--	0	0.00
2026-09-07	118776773	Поиск Корпоративы	5552984038	где можно провести корпоратив	16902913716	1	0	0.00	0.00	--	0	0.00
2026-09-07	118776773	Поиск Корпоративы	5552984041	цена корпоративного мероприятия	16902913723	1	1	100.00	627.79	627.79	0	0.00
2026-09-07	118776773	Поиск Корпоративы	5552984045	частные корпоративные мероприятия	16902913733	1	0	0.00	0.00	--	0	0.00
2026-09-07	118776773	Поиск Корпоративы	5552984059	заказать корпоративное мероприятие	16902913753	1	0	0.00	0.00	--	0	0.00
2026-09-07	118776773	Поиск Корпоративы	5552984072	залы проведения корпоративов	16902913772	1	1	100.00	394.15	394.15	0	0.00
2026-09-07	118776773	Поиск Корпоративы	5552984098	корпоративные мероприятия москва	16902913815	5	0	0.00	0.00	--	0	0.00
2026-09-07	118776773	Поиск Корпоративы	5552984098	корпоративные мероприятия москва	16902913816	1	0	0.00	0.00	--	0	0.00
2026-09-07	118776773	Поиск Корпоративы	5552984098	корпоративные мероприятия москва	16902913817	4	0	0.00	0.00	--	0	0.00
2026-09-07	118776773	Поиск Корпоративы	5552984130	новогодний корпоратив 2027	16902913859	2	0	0.00	0.00	--	0	0.00
2026-09-07	118776773	Поиск Корпоративы	5552984143	организация корпоратива в москве цена	16902913883	2	0	0.00	0.00	--	0	0.00
2026-09-07	118776773	Поиск Корпоративы	5552984148	организация корпоративных мероприятий москва	16902913899	1	0	0.00	0.00	--	0	0.00
2026-09-07	118776773	Поиск Корпоративы	5552984150	организация корпоративов	16902913904	2	0	0.00	0.00	--	0	0.00
2026-09-07	118776773	Поиск Корпоративы	5552984154	организация праздников и корпоративов	16902913912	1	0	0.00	0.00	--	0	0.00
2026-09-07	118776773	Поиск Корпоративы	5552984162	площадки для корпоративных мероприятий в москве	16902913932	1	0	0.00	0.00	--	0	0.00
2026-09-07	118776773	Поиск Корпоративы	5552984163	площадки для новогоднего корпоратива	16902913934	2	0	0.00	0.00	--	0	0.00
2026-09-07	118776773	Поиск Корпоративы	5552984168	праздничные корпоративные мероприятия	16902913945	1	0	0.00	0.00	--	0	0.00
2026-09-07	118776773	Поиск Корпоративы	5552984172	проведение корпоративных мероприятий	16902913953	1	0	0.00	0.00	--	0	0.00
2026-09-07	118776773	Поиск Корпоративы	5552984178	отметить корпоратив	16902913970	2	0	0.00	0.00	--	0	0.00
2026-09-07	118776773	Поиск Корпоративы	5552984178	отметить корпоратив	16902913971	1	0	0.00	0.00	--	0	0.00
2026-09-07	118776773	Поиск Корпоративы	5552984178	отметить корпоратив	16902913972	1	0	0.00	0.00	--	0	0.00
2026-09-07	118776773	Поиск Корпоративы	5552984186	корпоратив в ресторане	16902913985	3	0	0.00	0.00	--	0	0.00
2026-09-07	118776773	Поиск Корпоративы	5552984190	ресторан для корпоратива	16902913993	2	1	50.00	416.02	416.02	0	0.00
2026-09-07	118776773	Поиск Корпоративы	5552984192	лучший ресторан для корпоратива	16902913997	5	2	40.00	872.23	436.12	1	0.00
2026-09-07	118776773	Поиск Корпоративы	5552984196	большой ресторан для корпоратива	16902914005	4	1	25.00	335.92	335.92	1	0.00
2026-09-07	118776779	Поиск Свадебные банкеты	5552984223	заказать свадьбу	16902921385	2	0	0.00	0.00	--	0	0.00
2026-09-07	118776779	Поиск Свадебные банкеты	5552984224	где провести свадьбу в москве	16902921390	1	0	0.00	0.00	--	0	0.00
2026-09-07	118776779	Поиск Свадебные банкеты	5552984225	банкетный зал для свадьбы	16902921395	1	0	0.00	0.00	--	0	0.00
2026-09-07	118776779	Поиск Свадебные банкеты	5552984226	банкетный зал для проведения свадьбы	16902921397	1	0	0.00	0.00	--	0	0.00
2026-09-07	118776779	Поиск Свадебные банкеты	5552984229	залы для проведения свадьбы	16902921410	2	0	0.00	0.00	--	0	0.00
2026-09-07	118776779	Поиск Свадебные банкеты	5552984230	залы для свадебных банкетов	16902921413	1	0	0.00	0.00	--	0	0.00
2026-09-07	118776779	Поиск Свадебные банкеты	5552984232	зал для свадьбы в москве	16902921422	2	0	0.00	0.00	--	0	0.00
2026-09-07	118776779	Поиск Свадебные банкеты	5552984233	заказ свадьбы	16902921427	1	0	0.00	0.00	--	0	0.00
2026-09-07	118776779	Поиск Свадебные банкеты	5552984235	где сыграть свадьбу в москве	16902921434	2	0	0.00	0.00	--	0	0.00
2026-09-07	118776779	Поиск Свадебные банкеты	5552984241	где провести свадьбу	16902921457	1	0	0.00	0.00	--	0	0.00
2026-09-07	118776779	Поиск Свадебные банкеты	5552984242	где можно отметить свадьбу	16902921460	1	0	0.00	0.00	--	0	0.00
2026-09-07	118776779	Поиск Свадебные банкеты	5552984243	зал для свадьбы	16902921466	3	0	0.00	0.00	--	0	0.00
2026-09-07	118776779	Поиск Свадебные банкеты	5552984244	где отметить свадьбу	16902921469	3	0	0.00	0.00	--	0	0.00
2026-09-07	118776779	Поиск Свадебные банкеты	5552984245	банкетные залы для свадьбы в москве	16902921472	1	0	0.00	0.00	--	0	0.00
2026-09-07	118776779	Поиск Свадебные банкеты	5552984252	где отметить свадьбу в москве	16902921501	1	0	0.00	0.00	--	0	0.00
2026-09-07	118776779	Поиск Свадебные банкеты	5552984252	где отметить свадьбу в москве	16902921503	3	0	0.00	0.00	--	0	0.00
2026-09-07	118776779	Поиск Свадебные банкеты	5552984253	как организовать свадьбу	16902921506	4	0	0.00	0.00	--	0	0.00
2026-09-07	118776779	Поиск Свадебные банкеты	5552984254	как отметить свадьбу	16902921510	1	0	0.00	0.00	--	0	0.00
2026-09-07	118776779	Поиск Свадебные банкеты	5552984255	как отметить свадьбу москве	16902921513	2	0	0.00	0.00	--	0	0.00
2026-09-07	118776779	Поиск Свадебные банкеты	5552984255	как отметить свадьбу москве	16902921514	7	0	0.00	0.00	--	0	0.00
2026-09-07	118776779	Поиск Свадебные банкеты	5552984255	как отметить свадьбу москве	16902921515	2	0	0.00	0.00	--	0	0.00
2026-09-07	118776779	Поиск Свадебные банкеты	5552984255	как отметить свадьбу москве	16902921516	1	0	0.00	0.00	--	0	0.00
2026-09-07	118776779	Поиск Свадебные банкеты	5552984256	как отпраздновать свадьбу	16902921518	3	0	0.00	0.00	--	0	0.00
2026-09-07	118776779	Поиск Свадебные банкеты	5552984257	красивая свадьба в москве	16902921521	8	0	0.00	0.00	--	0	0.00
2026-09-07	118776779	Поиск Свадебные банкеты	5552984257	красивая свадьба в москве	16902921522	4	0	0.00	0.00	--	0	0.00
2026-09-07	118776779	Поиск Свадебные банкеты	5552984257	красивая свадьба в москве	16902921523	4	0	0.00	0.00	--	0	0.00
2026-09-07	118776779	Поиск Свадебные банкеты	5552984257	красивая свадьба в москве	16902921524	5	0	0.00	0.00	--	0	0.00
2026-09-07	118776779	Поиск Свадебные банкеты	5552984259	красивые рестораны для свадьбы	16902921530	1	0	0.00	0.00	--	0	0.00
2026-09-07	118776779	Поиск Свадебные банкеты	5552984259	красивые рестораны для свадьбы	16902921531	1	0	0.00	0.00	--	0	0.00
2026-09-07	118776779	Поиск Свадебные банкеты	5552984264	лучшие рестораны москвы для свадьбы	16902921549	1	0	0.00	0.00	--	0	0.00
2026-09-07	118776779	Поиск Свадебные банкеты	5552984267	места для проведения свадьбы	16902921562	2	0	0.00	0.00	--	0	0.00
2026-09-07	118776779	Поиск Свадебные банкеты	5552984269	места для свадьбы в москве	16902921569	2	1	50.00	289.48	289.48	1	0.00
2026-09-07	118776779	Поиск Свадебные банкеты	5552984270	место для свадьбы	16902921573	4	1	25.00	554.29	554.29	1	0.00
2026-09-07	118776779	Поиск Свадебные банкеты	5552984270	место для свадьбы	16902921574	2	0	0.00	0.00	--	0	0.00
2026-09-07	118776779	Поиск Свадебные банкеты	5552984270	место для свадьбы	16902921575	2	1	50.00	375.89	375.89	1	0.00
2026-09-07	118776779	Поиск Свадебные банкеты	5552984272	организация свадьбы в москве	16902921581	1	0	0.00	0.00	--	0	0.00
2026-09-07	118776779	Поиск Свадебные банкеты	5552984272	организация свадьбы в москве	16902921582	3	0	0.00	0.00	--	0	0.00
2026-09-07	118776779	Поиск Свадебные банкеты	5552984272	организация свадьбы в москве	16902921584	1	0	0.00	0.00	--	0	0.00
2026-09-07	118776779	Поиск Свадебные банкеты	5552984275	организация свадьбы под ключ в москве	16902921596	2	0	0.00	0.00	--	0	0.00
2026-09-07	118776779	Поиск Свадебные банкеты	5552984276	организовать свадьбу в москве	16902921598	2	0	0.00	0.00	--	0	0.00
2026-09-07	118776779	Поиск Свадебные банкеты	5552984276	организовать свадьбу в москве	16902921599	1	0	0.00	0.00	--	0	0.00
2026-09-07	118776779	Поиск Свадебные банкеты	5552984281	площадки для свадьбы	16902921617	10	1	10.00	492.56	492.56	1	0.00
2026-09-07	118776779	Поиск Свадебные банкеты	5552984281	площадки для свадьбы	16902921618	17	2	11.76	570.93	285.47	1	0.00
2026-09-07	118776779	Поиск Свадебные банкеты	5552984281	площадки для свадьбы	16902921619	5	0	0.00	0.00	--	0	0.00
2026-09-07	118776779	Поиск Свадебные банкеты	5552984282	площадки для свадьбы в москве	16902921622	3	0	0.00	0.00	--	0	0.00
2026-09-07	118776779	Поиск Свадебные банкеты	5552984282	площадки для свадьбы в москве	16902921623	3	1	33.33	106.84	106.84	0	0.00
2026-09-07	118776779	Поиск Свадебные банкеты	5552984282	площадки для свадьбы в москве	16902921624	2	0	0.00	0.00	--	0	0.00
2026-09-07	118776779	Поиск Свадебные банкеты	5552984285	проведение свадеб в москве	16902921633	3	0	0.00	0.00	--	0	0.00
2026-09-07	118776779	Поиск Свадебные банкеты	5552984285	проведение свадеб в москве	16902921634	1	0	0.00	0.00	--	0	0.00
2026-09-07	118776779	Поиск Свадебные банкеты	5552984285	проведение свадеб в москве	16902921636	1	0	0.00	0.00	--	0	0.00
2026-09-07	118776779	Поиск Свадебные банкеты	5552984286	проведение свадьбы	16902921637	7	0	0.00	0.00	--	0	0.00
2026-09-07	118776779	Поиск Свадебные банкеты	5552984286	проведение свадьбы	16902921638	2	0	0.00	0.00	--	0	0.00
2026-09-07	118776779	Поиск Свадебные банкеты	5552984286	проведение свадьбы	16902921639	1	0	0.00	0.00	--	0	0.00
2026-09-07	118776779	Поиск Свадебные банкеты	5552984286	проведение свадьбы	16902921640	4	0	0.00	0.00	--	0	0.00
2026-09-07	118776779	Поиск Свадебные банкеты	5552984287	провести свадьбу в москве	16902921641	5	0	0.00	0.00	--	0	0.00
2026-09-07	118776779	Поиск Свадебные банкеты	5552984287	провести свадьбу в москве	16902921642	6	2	33.33	446.24	223.12	2	0.00
2026-09-07	118776779	Поиск Свадебные банкеты	5552984289	ресторан в москве для проведения свадьбы	16902921649	1	0	0.00	0.00	--	0	0.00
2026-09-07	118776779	Поиск Свадебные банкеты	5552984289	ресторан в москве для проведения свадьбы	16902921652	1	1	100.00	337.65	337.65	1	0.00
2026-09-07	118776779	Поиск Свадебные банкеты	5552984291	ресторан в центре москвы для свадьбы	16902921660	1	0	0.00	0.00	--	0	0.00
2026-09-07	118776779	Поиск Свадебные банкеты	5552984292	ресторан для свадьбы	16902921662	3	1	33.33	9.44	9.44	0	0.00
2026-09-07	118776779	Поиск Свадебные банкеты	5552984292	ресторан для свадьбы	16902921663	1	0	0.00	0.00	--	0	0.00
2026-09-07	118776779	Поиск Свадебные банкеты	5552984302	ресторан свадебный зал	16902921702	1	0	0.00	0.00	--	0	0.00
2026-09-07	118776779	Поиск Свадебные банкеты	5552984304	рестораны для проведения свадьбы	16902921710	5	0	0.00	0.00	--	0	0.00
2026-09-07	118776779	Поиск Свадебные банкеты	5552984305	рестораны для свадьбы в москве	16902921715	2	1	50.00	395.71	395.71	1	0.00
2026-09-07	118776779	Поиск Свадебные банкеты	5552984305	рестораны для свадьбы в москве	16902921716	2	0	0.00	0.00	--	0	0.00
2026-09-07	118776779	Поиск Свадебные банкеты	5552984308	рестораны с территорией для свадьбы	16902921727	2	0	0.00	0.00	--	0	0.00
2026-09-07	118776779	Поиск Свадебные банкеты	5552984312	свадебные залы москвы	16902921741	2	0	0.00	0.00	--	0	0.00
2026-09-07	118776779	Поиск Свадебные банкеты	5552984312	свадебные залы москвы	16902921742	1	0	0.00	0.00	--	0	0.00
2026-09-07	118776779	Поиск Свадебные банкеты	5552984313	свадебные рестораны в москве	16902921745	5	0	0.00	0.00	--	0	0.00
2026-09-07	118776779	Поиск Свадебные банкеты	5552984314	свадебный банкет	16902921750	1	0	0.00	0.00	--	0	0.00
2026-09-07	118776779	Поиск Свадебные банкеты	5552984315	свадебный банкет в москве	16902921754	1	0	0.00	0.00	--	0	0.00
2026-09-07	118776779	Поиск Свадебные банкеты	5552984315	свадебный банкет в москве	16902921755	2	0	0.00	0.00	--	0	0.00
2026-09-07	118776779	Поиск Свадебные банкеты	5552984319	свадьба в москве где	16902921771	1	0	0.00	0.00	--	0	0.00
2026-09-07	118776779	Поиск Свадебные банкеты	5552984325	свадьба цена	16902921793	2	1	50.00	139.65	139.65	1	0.00
2026-09-07	118776779	Поиск Свадебные банкеты	5552984325	свадьба цена	16902921794	2	0	0.00	0.00	--	0	0.00
2026-09-07	118776779	Поиск Свадебные банкеты	5552984325	свадьба цена	16902921795	1	1	100.00	476.18	476.18	0	0.00
2026-09-07	118776779	Поиск Свадебные банкеты	5552984325	свадьба цена	16902921796	5	0	0.00	0.00	--	0	0.00
2026-09-07	118776779	Поиск Свадебные банкеты	5552984327	сколько стоит свадьба в москве	16902921801	5	0	0.00	0.00	--	0	0.00
2026-09-07	118776779	Поиск Свадебные банкеты	5552984327	сколько стоит свадьба в москве	16902921803	1	0	0.00	0.00	--	0	0.00
2026-09-07	118776779	Поиск Свадебные банкеты	5552984327	сколько стоит свадьба в москве	16902921804	1	0	0.00	0.00	--	0	0.00
2026-09-07	118776779	Поиск Свадебные банкеты	5552984328	снять зал для свадьбы	16902921807	1	0	0.00	0.00	--	0	0.00
2026-09-07	118776779	Поиск Свадебные банкеты	5552984329	снять ресторан для свадьбы	16902921809	1	0	0.00	0.00	--	0	0.00
2026-09-07	118776779	Поиск Свадебные банкеты	5552984332	сыграть свадьбу в москве	16902921821	1	0	0.00	0.00	--	0	0.00
2026-09-07	118776779	Поиск Свадебные банкеты	5552984332	сыграть свадьбу в москве	16902921823	3	0	0.00	0.00	--	0	0.00
2026-09-07	118776779	Поиск Свадебные банкеты	5552984333	услуги проведения свадьбы	16902921826	4	0	0.00	0.00	--	0	0.00
2026-09-07	118776779	Поиск Свадебные банкеты	5552984334	уютный ресторан для свадьбы	16902921829	1	0	0.00	0.00	--	0	0.00
2026-09-07	118776779	Поиск Свадебные банкеты	5552984334	уютный ресторан для свадьбы	16902921831	5	1	20.00	625.91	625.91	1	0.00
2026-09-07	118776779	Поиск Свадебные банкеты	5552984341	свадьба в ресторане	16902921857	1	0	0.00	0.00	--	0	0.00
2026-09-07	118776779	Поиск Свадебные банкеты	5552984341	свадьба в ресторане	16902921858	3	1	33.33	70.82	70.82	1	0.00
2026-09-07	118776779	Поиск Свадебные банкеты	5552984342	отметить свадьбу в ресторане	16902921862	5	0	0.00	0.00	--	0	0.00
2026-09-07	118776779	Поиск Свадебные банкеты	5552984346	место для свадебной церемонии	16902921878	2	0	0.00	0.00	--	0	0.00
2026-09-07	118776779	Поиск Свадебные банкеты	5552984351	ресторан для свадьбы в москве	16902921897	3	1	33.33	241.24	241.24	1	0.00
2026-09-07	118776779	Поиск Свадебные банкеты	5552984351	ресторан для свадьбы в москве	16902921898	3	0	0.00	0.00	--	0	0.00
2026-09-07	118776779	Поиск Свадебные банкеты	5552984351	ресторан для свадьбы в москве	16902921899	1	0	0.00	0.00	--	0	0.00
2026-09-07	118776779	Поиск Свадебные банкеты	5552984351	ресторан для свадьбы в москве	16902921900	1	0	0.00	0.00	--	0	0.00
2026-09-07	118776785	Ремаркетинг	5552984378	Новая группа	16902928679	4	0	0.00	0.00	--	0	0.00
2026-09-07	118776779	Поиск Свадебные банкеты	5596541487	банкетный зал для свадьбы москва	17078756108	2	0	0.00	0.00	--	0	0.00
2026-09-07	118776779	Поиск Свадебные банкеты	5596541487	банкетный зал для свадьбы москва	17078756109	1	1	100.00	229.85	229.85	1	0.00
2026-09-07	118776779	Поиск Свадебные банкеты	5596541487	банкетный зал для свадьбы москва	17078756110	1	0	0.00	0.00	--	0	0.00
2026-09-07	700792063	Тест РСЯ банкет	5598457174	Банкеты	17085709723	68	8	11.76	8.42	1.05	0	0.00
2026-09-07	700792063	Тест РСЯ банкет	5598457174	Банкеты	17085709724	245	21	8.57	23.02	1.10	0	0.00
2026-09-07	700792063	Тест РСЯ банкет	5598457174	Банкеты	17085709725	11986	506	4.22	4620.83	9.13	14	0.00
2026-09-07	700792063	Тест РСЯ банкет	5598457174	Банкеты	17085709726	111	10	9.01	7.93	0.79	0	0.00
2026-09-07	700792063	Тест РСЯ банкет	5598457175	Баннеры	17085709727	97	0	0.00	0.00	--	0	0.00
2026-09-07	700792072	Тест РСЯ конференции	5598457233	помещения для конференции	17085710055	2	0	0.00	0.00	--	0	0.00
2026-09-07	700792072	Тест РСЯ конференции	5598457247	зал с экраном	17085710083	1	0	0.00	0.00	--	0	0.00
2026-09-07	700792082	Тест РСЯ Корпоративы	5598457300	провести корпоратив	17085710298	22	0	0.00	0.00	--	0	0.00
2026-09-07	700792082	Тест РСЯ Корпоративы	5598457301	корпоративные мероприятия	17085710301	48	3	6.25	12.83	4.28	0	0.00
2026-09-07	700792082	Тест РСЯ Корпоративы	5598457302	организация корпоратива	17085710304	1096	9	0.82	53.60	5.96	0	0.00
2026-09-07	700792082	Тест РСЯ Корпоративы	5598457303	корпоративный праздник	17085710305	13	0	0.00	0.00	--	0	0.00
2026-09-07	700792082	Тест РСЯ Корпоративы	5598457303	корпоративный праздник	17085710306	150	1	0.67	6.76	6.76	0	0.00
2026-09-07	700792082	Тест РСЯ Корпоративы	5598457303	корпоративный праздник	17085710307	3	0	0.00	0.00	--	0	0.00
2026-09-07	700792082	Тест РСЯ Корпоративы	5598457304	проведение корпоратива	17085710308	77	0	0.00	0.00	--	0	0.00
2026-09-07	700792082	Тест РСЯ Корпоративы	5598457304	проведение корпоратива	17085710309	29	0	0.00	0.00	--	0	0.00
2026-09-07	700792082	Тест РСЯ Корпоративы	5598457305	ресторан для корпоратива	17085710311	12	0	0.00	0.00	--	0	0.00
2026-09-07	700792082	Тест РСЯ Корпоративы	5598457307	отметить корпоратив	17085710317	8	0	0.00	0.00	--	0	0.00
2026-09-07	700792082	Тест РСЯ Корпоративы	5598457307	отметить корпоратив	17085710318	114	0	0.00	0.00	--	0	0.00
2026-09-07	700792082	Тест РСЯ Корпоративы	5598457308	корпоратив в центре	17085710321	851	3	0.35	68.95	22.98	1	0.00
2026-09-07	700792082	Тест РСЯ Корпоративы	5598457310	корпоратив на 50 челоек	17085710326	20	0	0.00	0.00	--	0	0.00
2026-09-07	700792082	Тест РСЯ Корпоративы	5598457310	корпоратив на 50 челоек	17085710327	1093	23	2.10	78.41	3.41	0	0.00
2026-09-07	700792082	Тест РСЯ Корпоративы	5598457310	корпоратив на 50 челоек	17085710328	50	0	0.00	0.00	--	0	0.00
2026-09-07	700792082	Тест РСЯ Корпоративы	5598457311	корпоратив на 100 челоек	17085710329	32	0	0.00	0.00	--	0	0.00
2026-09-07	700792082	Тест РСЯ Корпоративы	5598457311	корпоратив на 100 челоек	17085710330	88	0	0.00	0.00	--	0	0.00
2026-09-07	700792082	Тест РСЯ Корпоративы	5598457311	корпоратив на 100 челоек	17085710331	466	5	1.07	76.43	15.29	0	0.00
2026-09-07	700792082	Тест РСЯ Корпоративы	5598457312	корпоратив на 150 челоек	17085710332	46	0	0.00	0.00	--	0	0.00
2026-09-07	700792082	Тест РСЯ Корпоративы	5598457312	корпоратив на 150 челоек	17085710333	726	15	2.07	177.01	11.80	0	0.00
2026-09-07	700792082	Тест РСЯ Корпоративы	5598457312	корпоратив на 150 челоек	17085710334	71	0	0.00	0.00	--	0	0.00
2026-09-07	700792082	Тест РСЯ Корпоративы	5598457313	корпоратив на 200 челоек	17085710335	12102	326	2.69	2002.97	6.14	1	0.00
2026-09-07	700792082	Тест РСЯ Корпоративы	5598457313	корпоратив на 200 челоек	17085710336	118	2	1.69	9.69	4.85	0	0.00
2026-09-07	700792082	Тест РСЯ Корпоративы	5598457313	корпоратив на 200 челоек	17085710337	46	1	2.17	12.33	12.33	0	0.00
2026-09-07	700792082	Тест РСЯ Корпоративы	5598457314	корпоратив на 250 челоек	17085710338	54	0	0.00	0.00	--	0	0.00
2026-09-07	700792082	Тест РСЯ Корпоративы	5598457314	корпоратив на 250 челоек	17085710339	60	0	0.00	0.00	--	0	0.00
2026-09-07	700792082	Тест РСЯ Корпоративы	5598457315	корпоратив на чистых прудах	17085710341	16	0	0.00	0.00	--	0	0.00
2026-09-07	700792082	Тест РСЯ Корпоративы	5598457315	корпоратив на чистых прудах	17085710342	63	0	0.00	0.00	--	0	0.00
2026-09-07	700792082	Тест РСЯ Корпоративы	5598457316	корпоратив на красных воротах	17085710344	3	0	0.00	0.00	--	0	0.00
2026-09-07	700792082	Тест РСЯ Корпоративы	5598457316	корпоратив на красных воротах	17085710345	323	8	2.48	43.92	5.49	0	0.00
2026-09-07	700792082	Тест РСЯ Корпоративы	5598457316	корпоратив на красных воротах	17085710346	20	0	0.00	0.00	--	0	0.00
2026-09-07	700792082	Тест РСЯ Корпоративы	5598457317	корпоративы с караоке	17085710347	42	0	0.00	0.00	--	0	0.00
2026-09-07	700792082	Тест РСЯ Корпоративы	5598457317	корпоративы с караоке	17085710348	20	0	0.00	0.00	--	0	0.00
2026-09-07	700792082	Тест РСЯ Корпоративы	5598457317	корпоративы с караоке	17085710349	33	0	0.00	0.00	--	0	0.00
2026-09-07	700792082	Тест РСЯ Корпоративы	5598457318	Баннеры	17085710350	41	6	14.63	16.46	2.74	0	0.00
2026-09-07	700792082	Тест РСЯ Корпоративы	5598457318	Баннеры	17085710352	3	1	33.33	1.78	1.78	0	0.00
2026-09-07	700792082	Тест РСЯ Корпоративы	5598457321	корпоратив 30	17085710360	79	0	0.00	0.00	--	0	0.00
2026-09-07	700792082	Тест РСЯ Корпоративы	5598457321	корпоратив 30	17085710361	19	0	0.00	0.00	--	0	0.00
2026-09-07	700792082	Тест РСЯ Корпоративы	5598457321	корпоратив 30	17085710362	423	2	0.47	39.50	19.75	0	0.00
2026-09-07	700792082	Тест РСЯ Корпоративы	5598457322	корпоратив 40	17085710363	212	0	0.00	0.00	--	0	0.00
2026-09-07	700792082	Тест РСЯ Корпоративы	5598457322	корпоратив 40	17085710364	120	14	11.67	57.04	4.07	0	0.00
2026-09-07	700792082	Тест РСЯ Корпоративы	5598457322	корпоратив 40	17085710365	413	25	6.05	108.36	4.33	0	0.00
2026-09-07	700792084	Тест РСЯ Свадебные банкеты	5598457353	свадьба в москве	17085710533	5945	97	1.63	1246.45	12.85	80	0.00
2026-09-07	700792084	Тест РСЯ Свадебные банкеты	5598457353	свадьба в москве	17085710534	5621	86	1.53	962.49	11.19	64	0.00
2026-09-07	700792084	Тест РСЯ Свадебные банкеты	5598457353	свадьба в москве	17085710535	27	0	0.00	0.00	--	0	0.00
2026-09-07	700792084	Тест РСЯ Свадебные банкеты	5598457353	свадьба в москве	17085710536	91	0	0.00	0.00	--	0	0.00
2026-09-07	700792084	Тест РСЯ Свадебные банкеты	5598457354	свадебный ресторан	17085710537	30	0	0.00	0.00	--	0	0.00
2026-09-07	700792084	Тест РСЯ Свадебные банкеты	5598457354	свадебный ресторан	17085710538	928	11	1.19	20.34	1.85	9	0.00
2026-09-07	700792084	Тест РСЯ Свадебные банкеты	5598457354	свадебный ресторан	17085710539	196	3	1.53	5.26	1.75	2	0.00
2026-09-07	700792084	Тест РСЯ Свадебные банкеты	5598457354	свадебный ресторан	17085710540	46	0	0.00	0.00	--	0	0.00
2026-09-07	700792084	Тест РСЯ Свадебные банкеты	5598457355	площадка для свадьбы	17085710541	7	2	28.57	2.11	1.05	3	0.00
2026-09-07	700792084	Тест РСЯ Свадебные банкеты	5598457355	площадка для свадьбы	17085710542	8	1	12.50	0.32	0.32	1	0.00
2026-09-07	700792084	Тест РСЯ Свадебные банкеты	5598457355	площадка для свадьбы	17085710543	33	10	30.30	7.10	0.71	15	0.00
2026-09-07	700792084	Тест РСЯ Свадебные банкеты	5598457355	площадка для свадьбы	17085710544	20	9	45.00	12.42	1.38	10	0.00
2026-09-07	700792084	Тест РСЯ Свадебные банкеты	5598457356	веранда для свадьбы	17085710546	311	7	2.25	138.73	19.82	6	0.00
2026-09-07	700792084	Тест РСЯ Свадебные банкеты	5598457356	веранда для свадьбы	17085710547	8	0	0.00	0.00	--	0	0.00
2026-09-07	700792084	Тест РСЯ Свадебные банкеты	5598457356	веранда для свадьбы	17085710548	8	0	0.00	0.00	--	0	0.00
2026-09-07	700792084	Тест РСЯ Свадебные банкеты	5598457357	свадебный зал	17085710549	38	5	13.16	3.76	0.75	6	0.00
2026-09-07	700792084	Тест РСЯ Свадебные банкеты	5598457357	свадебный зал	17085710550	108	16	14.81	7.28	0.46	15	0.00
2026-09-07	700792084	Тест РСЯ Свадебные банкеты	5598457357	свадебный зал	17085710551	33	0	0.00	0.00	--	0	0.00
2026-09-07	700792084	Тест РСЯ Свадебные банкеты	5598457357	свадебный зал	17085710552	129	33	25.58	23.23	0.70	37	0.00
2026-09-07	700792084	Тест РСЯ Свадебные банкеты	5598457358	свадьба под ключ	17085710553	276	6	2.17	8.20	1.37	7	0.00
2026-09-07	700792084	Тест РСЯ Свадебные банкеты	5598457358	свадьба под ключ	17085710554	46	0	0.00	0.00	--	0	0.00
2026-09-07	700792084	Тест РСЯ Свадебные банкеты	5598457358	свадьба под ключ	17085710555	326	4	1.23	166.67	41.67	5	0.00
2026-09-07	700792084	Тест РСЯ Свадебные банкеты	5598457358	свадьба под ключ	17085710556	70	1	1.43	114.52	114.52	1	0.00
2026-09-07	700792084	Тест РСЯ Свадебные банкеты	5598457359	банкет для свадьбы	17085710557	10	3	30.00	1.76	0.59	3	0.00
2026-09-07	700792084	Тест РСЯ Свадебные банкеты	5598457359	банкет для свадьбы	17085710558	8	2	25.00	401.67	200.84	2	0.00
2026-09-07	700792084	Тест РСЯ Свадебные банкеты	5598457359	банкет для свадьбы	17085710559	4	1	25.00	0.31	0.31	1	0.00
2026-09-07	700792084	Тест РСЯ Свадебные банкеты	5598457359	банкет для свадьбы	17085710560	60	1	1.67	34.65	34.65	1	0.00
2026-09-07	700792084	Тест РСЯ Свадебные банкеты	5598457360	ресторан для свадьбы	17085710561	17	2	11.76	2.83	1.41	2	0.00
2026-09-07	700792084	Тест РСЯ Свадебные банкеты	5598457360	ресторан для свадьбы	17085710562	31	0	0.00	0.00	--	0	0.00
2026-09-07	700792084	Тест РСЯ Свадебные банкеты	5598457360	ресторан для свадьбы	17085710563	80	3	3.75	2.18	0.73	4	0.00
2026-09-07	700792084	Тест РСЯ Свадебные банкеты	5598457360	ресторан для свадьбы	17085710564	1077	20	1.86	256.17	12.81	20	0.00
2026-09-07	700792084	Тест РСЯ Свадебные банкеты	5598457361	зал для свадьбы	17085710565	18	2	11.11	2.91	1.46	2	0.00
2026-09-07	700792084	Тест РСЯ Свадебные банкеты	5598457361	зал для свадьбы	17085710566	55	1	1.82	34.62	34.62	1	0.00
2026-09-07	700792084	Тест РСЯ Свадебные банкеты	5598457361	зал для свадьбы	17085710567	104	14	13.46	7.65	0.55	13	0.00
2026-09-07	700792084	Тест РСЯ Свадебные банкеты	5598457361	зал для свадьбы	17085710568	52	8	15.38	7.14	0.89	5	0.00
2026-09-07	700792084	Тест РСЯ Свадебные банкеты	5598457362	Ремаркетинг на просмотры страницы свадьбы	17085710569	143	6	4.20	4.99	0.83	8	0.00
2026-09-07	702195391	Тест РСЯ банкет (Похожие сайты)	5622970380	Банкеты	17201006655	30	18	60.00	21.60	1.20	0	0.00
2026-09-07	702195391	Тест РСЯ банкет (Похожие сайты)	5622970380	Банкеты	17201006656	40	2	5.00	5.49	2.74	0	0.00
2026-09-07	702195391	Тест РСЯ банкет (Похожие сайты)	5622970380	Банкеты	17201006657	913	13	1.42	432.77	33.29	0	0.00
2026-09-07	702195391	Тест РСЯ банкет (Похожие сайты)	5622970380	Банкеты	17201006658	64	10	15.62	16.36	1.64	0	0.00
2026-09-07	702195391	Тест РСЯ банкет (Похожие сайты)	5622970381	Баннеры	17201006659	496	1	0.20	38.82	38.82	0	0.00
2026-09-07	700792082	Тест РСЯ Корпоративы	5628294387	новогодний корпоратив	17235485071	117	0	0.00	0.00	--	0	0.00
2026-09-07	700792082	Тест РСЯ Корпоративы	5628294388	корпоративный новый год	17235485072	60	0	0.00	0.00	--	0	0.00
2026-09-07	700792082	Тест РСЯ Корпоративы	5628294389	корпоратив на новый год	17235485073	26	0	0.00	0.00	--	0	0.00
2026-09-07	708328266	РСЯ банкетное меню	5734561489	Банкеты	17663635579	13482	563	4.18	1779.76	3.16	6	0.00
2026-09-07	709907560	Поиск Банкеты( конверсии)	5750739662	помещение для банкета	17718636698	4	1	25.00	262.53	262.53	0	0.00
2026-09-07	709907560	Поиск Банкеты( конверсии)	5750739663	проведение банкетов	17718636702	6	3	50.00	1329.26	443.09	2	0.00
2026-09-07	709907560	Поиск Банкеты( конверсии)	5750739664	провести банкет	17718636706	1	0	0.00	0.00	--	0	0.00
2026-09-07	709907560	Поиск Банкеты( конверсии)	5750739665	ресторан для банкета	17718636708	1	0	0.00	0.00	--	0	0.00
2026-09-07	709907560	Поиск Банкеты( конверсии)	5750739665	ресторан для банкета	17718636709	1	0	0.00	0.00	--	0	0.00
2026-09-07	709907560	Поиск Банкеты( конверсии)	5750739668	банкеты корпоративы	17718636722	9	0	0.00	0.00	--	0	0.00
2026-09-07	709907560	Поиск Банкеты( конверсии)	5750739674	банкет на день рождения	17718636745	1	0	0.00	0.00	--	0	0.00
2026-09-07	709907560	Поиск Банкеты( конверсии)	5750739674	банкет на день рождения	17718636747	13	2	15.38	1025.70	512.85	1	0.00
2026-09-07	709907560	Поиск Банкеты( конверсии)	5750739676	банкет с полным обслуживанием	17718636756	6	0	0.00	0.00	--	0	0.00
2026-09-07	709907560	Поиск Банкеты( конверсии)	5750739676	банкет с полным обслуживанием	17718636758	1	1	100.00	574.10	574.10	0	0.00
2026-09-07	709907560	Поиск Банкеты( конверсии)	5750739678	мероприятия банкеты	17718636764	2	0	0.00	0.00	--	0	0.00
2026-09-07	709907560	Поиск Банкеты( конверсии)	5750739680	организация банкетов	17718636774	1	0	0.00	0.00	--	0	0.00
2026-09-07	709907560	Поиск Банкеты( конверсии)	5750739683	банкетная площадка	17718636785	1	0	0.00	0.00	--	0	0.00
2026-09-07	709907560	Поиск Банкеты( конверсии)	5750739683	банкетная площадка	17718636786	2	1	50.00	395.81	395.81	0	0.00
2026-09-07	709907560	Поиск Банкеты( конверсии)	5750739685	банкетные залы	17718636792	27	1	3.70	464.38	464.38	0	0.00
2026-09-07	709907560	Поиск Банкеты( конверсии)	5750739685	банкетные залы	17718636793	6	0	0.00	0.00	--	0	0.00
2026-09-07	709907560	Поиск Банкеты( конверсии)	5750739685	банкетные залы	17718636794	2	0	0.00	0.00	--	0	0.00
2026-09-07	709907560	Поиск Банкеты( конверсии)	5750739685	банкетные залы	17718636795	31	3	9.68	648.11	216.04	0	0.00
2026-09-07	709907560	Поиск Банкеты( конверсии)	5750739686	Отметить день рождения в ресторане	17718636796	2	1	50.00	293.68	293.68	1	0.00
2026-09-07	709907560	Поиск Банкеты( конверсии)	5750739686	Отметить день рождения в ресторане	17718636797	1	1	100.00	561.16	561.16	0	0.00
2026-09-07	709907560	Поиск Банкеты( конверсии)	5750739686	Отметить день рождения в ресторане	17718636799	14	1	7.14	569.13	569.13	0	0.00
2026-09-07	709907560	Поиск Банкеты( конверсии)	5750739687	день рождения в ресторане	17718636804	5	0	0.00	0.00	--	0	0.00
2026-09-07	709907560	Поиск Банкеты( конверсии)	5750739687	день рождения в ресторане	17718636805	3	0	0.00	0.00	--	0	0.00
2026-09-07	709907560	Поиск Банкеты( конверсии)	5750739687	день рождения в ресторане	17718636809	7	0	0.00	0.00	--	0	0.00
2026-09-07	709907560	Поиск Банкеты( конверсии)	5750739691	банкетный зал 90	17718636824	1	0	0.00	0.00	--	0	0.00
2026-09-07	709907560	Поиск Банкеты( конверсии)	5750739694	банкетный зал 120	17718636836	1	0	0.00	0.00	--	0	0.00
2026-09-07	709907560	Поиск Банкеты( конверсии)	5750739701	банкетный зал 190	17718636866	2	0	0.00	0.00	--	0	0.00
2026-09-07	709907560	Поиск Банкеты( конверсии)	5750739702	банкетный зал 200	17718636868	3	0	0.00	0.00	--	0	0.00
2026-09-07	118776773	Поиск Корпоративы	5552984042	где отметить новогодний корпоратив	17770196280	1	0	0.00	0.00	--	0	0.00
2026-09-07	118776773	Поиск Корпоративы	5552984053	корпоратив на новый год	17770196286	1	0	0.00	0.00	--	0	0.00
2026-09-07	118776773	Поиск Корпоративы	5552984122	места новогоднего корпоратива	17770196366	1	0	0.00	0.00	--	0	0.00
2026-09-07	118776773	Поиск Корпоративы	5552984130	новогодний корпоратив 2027	17770196379	1	0	0.00	0.00	--	0	0.00
2026-09-07	118776773	Поиск Корпоративы	5552984131	новогодний корпоратив в москве	17770196382	3	1	33.33	572.08	572.08	0	0.00
2026-09-07	700792082	Тест РСЯ Корпоративы	5628294387	новогодний корпоратив	17770196555	106	0	0.00	0.00	--	0	0.00
2026-09-07	700792082	Тест РСЯ Корпоративы	5628294387	новогодний корпоратив	17770196556	148	0	0.00	0.00	--	0	0.00
2026-09-07	700792082	Тест РСЯ Корпоративы	5628294388	корпоративный новый год	17770196557	70	0	0.00	0.00	--	0	0.00
2026-09-07	700792082	Тест РСЯ Корпоративы	5628294388	корпоративный новый год	17770196558	59	0	0.00	0.00	--	0	0.00
2026-09-07	700792082	Тест РСЯ Корпоративы	5628294389	корпоратив на новый год	17770196559	7	0	0.00	0.00	--	0	0.00
2026-09-07	700792082	Тест РСЯ Корпоративы	5628294389	корпоратив на новый год	17770196560	4	0	0.00	0.00	--	0	0.00
2026-09-07	118776773	Поиск Корпоративы	5769956561	новогодний корпоратив 2027 москва	17776105637	1	0	0.00	0.00	--	0	0.00
2026-09-07	118776773	Поиск Корпоративы	5770058767	площадка для корпоратива	17776485005	7	1	14.29	1025.90	1025.90	0	0.00
2026-09-07	709907560	Поиск Банкеты( конверсии)	5770058772	банкетный зал на новый год	17776485009	1	0	0.00	0.00	--	0	0.00
2026-09-07	709907560	Поиск Банкеты( конверсии)	5770058773	новогодний банкетный зал	17776485011	1	0	0.00	0.00	--	0	0.00
2026-09-07	709907560	Поиск Банкеты( конверсии)	5770058773	новогодний банкетный зал	17776485014	1	0	0.00	0.00	--	0	0.00
2026-09-07	712849433	Поиск Банкеты квиз( конверсии)	5773918653	помещение для банкета	1915822986185365494	3	0	0.00	0.00	--	0	0.00
2026-09-07	712849433	Поиск Банкеты квиз( конверсии)	5773918654	проведение банкетов	1915822986185365495	6	0	0.00	0.00	--	0	0.00
2026-09-07	712849433	Поиск Банкеты квиз( конверсии)	5773918656	ресторан для банкета	1915822986185365497	12	0	0.00	0.00	--	0	0.00
2026-09-07	712849433	Поиск Банкеты квиз( конверсии)	5773918657	юбилей банкет	1915822986185365498	4	1	25.00	109.56	109.56	1	0.00
2026-09-07	712849433	Поиск Банкеты квиз( конверсии)	5773918659	банкеты корпоративы	1915822986185365500	3	1	33.33	697.83	697.83	1	0.00
2026-09-07	712849433	Поиск Банкеты квиз( конверсии)	5773918661	веранда банкет	1915822986185365502	1	0	0.00	0.00	--	0	0.00
2026-09-07	712849433	Поиск Банкеты квиз( конверсии)	5773918665	банкет на день рождения	1915822986185365506	7	1	14.29	18.86	18.86	1	0.00
2026-09-07	712849433	Поиск Банкеты квиз( конверсии)	5773918668	банкет фуршет	1915822986185365509	4	0	0.00	0.00	--	0	0.00
2026-09-07	712849433	Поиск Банкеты квиз( конверсии)	5773918673	банкетная площадка	1915822986185365514	1	0	0.00	0.00	--	0	0.00
2026-09-07	712849433	Поиск Банкеты квиз( конверсии)	5773918674	ресторан для юбилея	1915822986185365515	1	0	0.00	0.00	--	0	0.00
2026-09-07	712849433	Поиск Банкеты квиз( конверсии)	5773918675	банкетные залы	1915822986185365516	49	3	6.12	963.00	321.00	2	0.00
2026-09-07	712849433	Поиск Банкеты квиз( конверсии)	5773918676	Отметить день рождения в ресторане	1915822986185365517	32	5	15.62	450.92	90.18	5	0.00
2026-09-07	712849433	Поиск Банкеты квиз( конверсии)	5773918677	день рождения в ресторане	1915822986185365518	6	0	0.00	0.00	--	0	0.00
2026-09-07	712849433	Поиск Банкеты квиз( конверсии)	5773918678	банкетный зал 60	1915822986185365519	2	1	50.00	200.36	200.36	1	0.00
2026-09-07	712849433	Поиск Банкеты квиз( конверсии)	5773918679	банкетный зал 70	1915822986185365520	2	1	50.00	226.36	226.36	1	0.00
2026-09-07	712849433	Поиск Банкеты квиз( конверсии)	5773918682	банкетный зал 100	1915822986185365523	1	0	0.00	0.00	--	0	0.00
2026-09-07	712849433	Поиск Банкеты квиз( конверсии)	5773918684	банкетный зал 120	1915822986185365525	2	0	0.00	0.00	--	0	0.00
2026-09-07	712849433	Поиск Банкеты квиз( конверсии)	5773918685	банкетный зал 130	1915822986185365526	5	0	0.00	0.00	--	0	0.00
2026-09-07	712849433	Поиск Банкеты квиз( конверсии)	5773918686	банкетный зал 140	1915822986185365527	1	0	0.00	0.00	--	0	0.00
2026-09-07	712849433	Поиск Банкеты квиз( конверсии)	5773918687	банкетный зал 150	1915822986185365528	2	1	50.00	188.29	188.29	1	0.00
2026-09-07	712849433	Поиск Банкеты квиз( конверсии)	5773918689	банкетный зал 170	1915822986185365530	1	0	0.00	0.00	--	0	0.00
2026-09-07	712849433	Поиск Банкеты квиз( конверсии)	5773918692	банкетный зал 200	1915822986185365533	2	0	0.00	0.00	--	0	0.00
2026-09-08	118776764	Поиск Конференция	5552983939	зал для семинаров	16902905740	1	0	0.00	0.00	--	0	0.00
2026-09-08	118776773	Поиск Корпоративы	5552984018	проведение корпоративов мероприятий	16902913662	2	0	0.00	0.00	--	0	0.00
2026-09-08	118776773	Поиск Корпоративы	5552984022	проведение праздников корпоративов	16902913672	1	0	0.00	0.00	--	0	0.00
2026-09-08	118776773	Поиск Корпоративы	5552984025	развлекательные корпоративные мероприятия	16902913680	4	1	25.00	89.76	89.76	0	0.00
2026-09-08	118776773	Поиск Корпоративы	5552984025	развлекательные корпоративные мероприятия	16902913681	4	0	0.00	0.00	--	0	0.00
2026-09-08	118776773	Поиск Корпоративы	5552984034	где интересно провести корпоратив	16902913704	1	0	0.00	0.00	--	0	0.00
2026-09-08	118776773	Поиск Корпоративы	5552984038	где можно провести корпоратив	16902913716	1	1	100.00	634.46	634.46	0	0.00
2026-09-08	118776773	Поиск Корпоративы	5552984041	цена корпоративного мероприятия	16902913723	1	0	0.00	0.00	--	0	0.00
2026-09-08	118776773	Поиск Корпоративы	5552984044	где провести корпоратив	16902913730	1	0	0.00	0.00	--	0	0.00
2026-09-08	118776773	Поиск Корпоративы	5552984045	частные корпоративные мероприятия	16902913733	1	0	0.00	0.00	--	0	0.00
2026-09-08	118776773	Поиск Корпоративы	5552984050	где провести корпоративное мероприятие	16902913743	1	0	0.00	0.00	--	0	0.00
2026-09-08	118776773	Поиск Корпоративы	5552984055	где провести новогодний корпоратив	16902913748	3	0	0.00	0.00	--	0	0.00
2026-09-08	118776773	Поиск Корпоративы	5552984098	корпоративные мероприятия москва	16902913815	5	0	0.00	0.00	--	0	0.00
2026-09-08	118776773	Поиск Корпоративы	5552984098	корпоративные мероприятия москва	16902913816	6	0	0.00	0.00	--	0	0.00
2026-09-08	118776773	Поиск Корпоративы	5552984098	корпоративные мероприятия москва	16902913817	8	0	0.00	0.00	--	0	0.00
2026-09-08	118776773	Поиск Корпоративы	5552984108	корпоративные мероприятия центры устроители	16902913828	2	0	0.00	0.00	--	0	0.00
2026-09-08	118776773	Поиск Корпоративы	5552984121	места для проведения корпоратива	16902913847	2	1	50.00	178.77	178.77	0	0.00
2026-09-08	118776773	Поиск Корпоративы	5552984130	новогодний корпоратив 2027	16902913859	2	2	100.00	496.80	248.40	0	0.00
2026-09-08	118776773	Поиск Корпоративы	5552984143	организация корпоратива в москве цена	16902913883	2	0	0.00	0.00	--	0	0.00
2026-09-08	118776773	Поиск Корпоративы	5552984148	организация корпоративных мероприятий москва	16902913899	1	0	0.00	0.00	--	0	0.00
2026-09-08	118776773	Поиск Корпоративы	5552984150	организация корпоративов	16902913904	1	0	0.00	0.00	--	0	0.00
2026-09-08	118776773	Поиск Корпоративы	5552984162	площадки для корпоративных мероприятий в москве	16902913932	1	0	0.00	0.00	--	0	0.00
2026-09-08	118776773	Поиск Корпоративы	5552984168	праздничные корпоративные мероприятия	16902913945	2	0	0.00	0.00	--	0	0.00
2026-09-08	118776773	Поиск Корпоративы	5552984171	проведение корпоратива в москве	16902913949	2	0	0.00	0.00	--	0	0.00
2026-09-08	118776773	Поиск Корпоративы	5552984174	проведение корпоративов	16902913958	1	0	0.00	0.00	--	0	0.00
2026-09-08	118776773	Поиск Корпоративы	5552984174	проведение корпоративов	16902913959	2	0	0.00	0.00	--	0	0.00
2026-09-08	118776773	Поиск Корпоративы	5552984178	отметить корпоратив	16902913970	1	0	0.00	0.00	--	0	0.00
2026-09-08	118776773	Поиск Корпоративы	5552984178	отметить корпоратив	16902913971	5	0	0.00	0.00	--	0	0.00
2026-09-08	118776773	Поиск Корпоративы	5552984186	корпоратив в ресторане	16902913984	1	0	0.00	0.00	--	0	0.00
2026-09-08	118776773	Поиск Корпоративы	5552984190	ресторан для корпоратива	16902913992	1	0	0.00	0.00	--	0	0.00
2026-09-08	118776773	Поиск Корпоративы	5552984190	ресторан для корпоратива	16902913993	2	0	0.00	0.00	--	0	0.00
2026-09-08	118776773	Поиск Корпоративы	5552984192	лучший ресторан для корпоратива	16902913997	2	0	0.00	0.00	--	0	0.00
2026-09-08	118776773	Поиск Корпоративы	5552984194	ресторан с банкетным залом для корпоратива	16902914001	2	0	0.00	0.00	--	0	0.00
2026-09-08	118776773	Поиск Корпоративы	5552984196	большой ресторан для корпоратива	16902914005	4	0	0.00	0.00	--	0	0.00
2026-09-08	118776773	Поиск Корпоративы	5552984203	корпоратив на 30 человек	16902914028	2	0	0.00	0.00	--	0	0.00
2026-09-08	118776779	Поиск Свадебные банкеты	5552984223	заказать свадьбу	16902921385	3	0	0.00	0.00	--	0	0.00
2026-09-08	118776779	Поиск Свадебные банкеты	5552984224	где провести свадьбу в москве	16902921390	1	0	0.00	0.00	--	0	0.00
2026-09-08	118776779	Поиск Свадебные банкеты	5552984225	банкетный зал для свадьбы	16902921392	2	0	0.00	0.00	--	0	0.00
2026-09-08	118776779	Поиск Свадебные банкеты	5552984225	банкетный зал для свадьбы	16902921393	1	0	0.00	0.00	--	0	0.00
2026-09-08	118776779	Поиск Свадебные банкеты	5552984225	банкетный зал для свадьбы	16902921395	1	0	0.00	0.00	--	0	0.00
2026-09-08	118776779	Поиск Свадебные банкеты	5552984236	банкет на свадьбу в москве	16902921436	1	0	0.00	0.00	--	0	0.00
2026-09-08	118776779	Поиск Свадебные банкеты	5552984241	где провести свадьбу	16902921457	1	0	0.00	0.00	--	0	0.00
2026-09-08	118776779	Поиск Свадебные банкеты	5552984242	где можно отметить свадьбу	16902921460	1	1	100.00	122.06	122.06	1	0.00
2026-09-08	118776779	Поиск Свадебные банкеты	5552984242	где можно отметить свадьбу	16902921462	1	0	0.00	0.00	--	0	0.00
2026-09-08	118776779	Поиск Свадебные банкеты	5552984244	где отметить свадьбу	16902921469	1	0	0.00	0.00	--	0	0.00
2026-09-08	118776779	Поиск Свадебные банкеты	5552984251	банкет на свадьбу	16902921496	2	0	0.00	0.00	--	0	0.00
2026-09-08	118776779	Поиск Свадебные банкеты	5552984252	где отметить свадьбу в москве	16902921502	1	1	100.00	403.80	403.80	1	0.00
2026-09-08	118776779	Поиск Свадебные банкеты	5552984252	где отметить свадьбу в москве	16902921503	1	0	0.00	0.00	--	0	0.00
2026-09-08	118776779	Поиск Свадебные банкеты	5552984254	как отметить свадьбу	16902921510	1	0	0.00	0.00	--	0	0.00
2026-09-08	118776779	Поиск Свадебные банкеты	5552984255	как отметить свадьбу москве	16902921513	1	0	0.00	0.00	--	0	0.00
2026-09-08	118776779	Поиск Свадебные банкеты	5552984255	как отметить свадьбу москве	16902921514	6	1	16.67	129.07	129.07	1	0.00
2026-09-08	118776779	Поиск Свадебные банкеты	5552984255	как отметить свадьбу москве	16902921515	1	0	0.00	0.00	--	0	0.00
2026-09-08	118776779	Поиск Свадебные банкеты	5552984256	как отпраздновать свадьбу	16902921517	1	0	0.00	0.00	--	0	0.00
2026-09-08	118776779	Поиск Свадебные банкеты	5552984256	как отпраздновать свадьбу	16902921520	3	0	0.00	0.00	--	0	0.00
2026-09-08	118776779	Поиск Свадебные банкеты	5552984257	красивая свадьба в москве	16902921522	4	0	0.00	0.00	--	0	0.00
2026-09-08	118776779	Поиск Свадебные банкеты	5552984257	красивая свадьба в москве	16902921523	5	0	0.00	0.00	--	0	0.00
2026-09-08	118776779	Поиск Свадебные банкеты	5552984257	красивая свадьба в москве	16902921524	3	0	0.00	0.00	--	0	0.00
2026-09-08	118776779	Поиск Свадебные банкеты	5552984258	красивые места для свадьбы в москве	16902921525	1	0	0.00	0.00	--	0	0.00
2026-09-08	118776779	Поиск Свадебные банкеты	5552984263	лучшие места для свадьбы	16902921548	1	0	0.00	0.00	--	0	0.00
2026-09-08	118776779	Поиск Свадебные банкеты	5552984267	места для проведения свадьбы	16902921561	3	0	0.00	0.00	--	0	0.00
2026-09-08	118776779	Поиск Свадебные банкеты	5552984267	места для проведения свадьбы	16902921562	1	0	0.00	0.00	--	0	0.00
2026-09-08	118776779	Поиск Свадебные банкеты	5552984268	места для проведения свадьбы в москве	16902921567	1	0	0.00	0.00	--	0	0.00
2026-09-08	118776779	Поиск Свадебные банкеты	5552984269	места для свадьбы в москве	16902921569	1	1	100.00	376.92	376.92	1	0.00
2026-09-08	118776779	Поиск Свадебные банкеты	5552984270	место для свадьбы	16902921573	1	0	0.00	0.00	--	0	0.00
2026-09-08	118776779	Поиск Свадебные банкеты	5552984270	место для свадьбы	16902921574	2	0	0.00	0.00	--	0	0.00
2026-09-08	118776779	Поиск Свадебные банкеты	5552984270	место для свадьбы	16902921575	3	0	0.00	0.00	--	0	0.00
2026-09-08	118776779	Поиск Свадебные банкеты	5552984272	организация свадьбы в москве	16902921581	2	0	0.00	0.00	--	0	0.00
2026-09-08	118776779	Поиск Свадебные банкеты	5552984272	организация свадьбы в москве	16902921582	4	0	0.00	0.00	--	0	0.00
2026-09-08	118776779	Поиск Свадебные банкеты	5552984272	организация свадьбы в москве	16902921583	3	0	0.00	0.00	--	0	0.00
2026-09-08	118776779	Поиск Свадебные банкеты	5552984272	организация свадьбы в москве	16902921584	4	0	0.00	0.00	--	0	0.00
2026-09-08	118776779	Поиск Свадебные банкеты	5552984275	организация свадьбы под ключ в москве	16902921596	2	0	0.00	0.00	--	0	0.00
2026-09-08	118776779	Поиск Свадебные банкеты	5552984276	организовать свадьбу в москве	16902921597	2	1	50.00	214.18	214.18	1	0.00
2026-09-08	118776779	Поиск Свадебные банкеты	5552984276	организовать свадьбу в москве	16902921599	2	0	0.00	0.00	--	0	0.00
2026-09-08	118776779	Поиск Свадебные банкеты	5552984281	площадки для свадьбы	16902921617	6	0	0.00	0.00	--	0	0.00
2026-09-08	118776779	Поиск Свадебные банкеты	5552984281	площадки для свадьбы	16902921618	9	1	11.11	259.39	259.39	1	0.00
2026-09-08	118776779	Поиск Свадебные банкеты	5552984281	площадки для свадьбы	16902921619	1	0	0.00	0.00	--	0	0.00
2026-09-08	118776779	Поиск Свадебные банкеты	5552984281	площадки для свадьбы	16902921620	1	1	100.00	139.44	139.44	1	0.00
2026-09-08	118776779	Поиск Свадебные банкеты	5552984282	площадки для свадьбы в москве	16902921621	1	0	0.00	0.00	--	0	0.00
2026-09-08	118776779	Поиск Свадебные банкеты	5552984282	площадки для свадьбы в москве	16902921623	2	0	0.00	0.00	--	0	0.00
2026-09-08	118776779	Поиск Свадебные банкеты	5552984282	площадки для свадьбы в москве	16902921624	1	0	0.00	0.00	--	0	0.00
2026-09-08	118776779	Поиск Свадебные банкеты	5552984285	проведение свадеб в москве	16902921633	1	1	100.00	373.78	373.78	1	0.00
2026-09-08	118776779	Поиск Свадебные банкеты	5552984285	проведение свадеб в москве	16902921634	2	0	0.00	0.00	--	0	0.00
2026-09-08	118776779	Поиск Свадебные банкеты	5552984286	проведение свадьбы	16902921637	5	0	0.00	0.00	--	0	0.00
2026-09-08	118776779	Поиск Свадебные банкеты	5552984286	проведение свадьбы	16902921638	3	0	0.00	0.00	--	0	0.00
2026-09-08	118776779	Поиск Свадебные банкеты	5552984286	проведение свадьбы	16902921640	4	0	0.00	0.00	--	0	0.00
2026-09-08	118776779	Поиск Свадебные банкеты	5552984287	провести свадьбу в москве	16902921641	2	0	0.00	0.00	--	0	0.00
2026-09-08	118776779	Поиск Свадебные банкеты	5552984287	провести свадьбу в москве	16902921642	4	0	0.00	0.00	--	0	0.00
2026-09-08	118776779	Поиск Свадебные банкеты	5552984287	провести свадьбу в москве	16902921643	1	0	0.00	0.00	--	0	0.00
2026-09-08	118776779	Поиск Свадебные банкеты	5552984289	ресторан в москве для проведения свадьбы	16902921649	3	0	0.00	0.00	--	0	0.00
2026-09-08	118776779	Поиск Свадебные банкеты	5552984292	ресторан для свадьбы	16902921661	1	0	0.00	0.00	--	0	0.00
2026-09-08	118776779	Поиск Свадебные банкеты	5552984292	ресторан для свадьбы	16902921662	3	0	0.00	0.00	--	0	0.00
2026-09-08	118776779	Поиск Свадебные банкеты	5552984292	ресторан для свадьбы	16902921663	2	0	0.00	0.00	--	0	0.00
2026-09-08	118776779	Поиск Свадебные банкеты	5552984305	рестораны для свадьбы в москве	16902921715	8	1	12.50	106.87	106.87	1	0.00
2026-09-08	118776779	Поиск Свадебные банкеты	5552984305	рестораны для свадьбы в москве	16902921716	1	0	0.00	0.00	--	0	0.00
2026-09-08	118776779	Поиск Свадебные банкеты	5552984312	свадебные залы москвы	16902921741	2	0	0.00	0.00	--	0	0.00
2026-09-08	118776779	Поиск Свадебные банкеты	5552984313	свадебные рестораны в москве	16902921745	1	0	0.00	0.00	--	0	0.00
2026-09-08	118776779	Поиск Свадебные банкеты	5552984313	свадебные рестораны в москве	16902921747	1	0	0.00	0.00	--	0	0.00
2026-09-08	118776779	Поиск Свадебные банкеты	5552984315	свадебный банкет в москве	16902921754	2	0	0.00	0.00	--	0	0.00
2026-09-08	118776779	Поиск Свадебные банкеты	5552984319	свадьба в москве где	16902921769	3	1	33.33	191.68	191.68	1	0.00
2026-09-08	118776779	Поиск Свадебные банкеты	5552984319	свадьба в москве где	16902921771	2	1	50.00	149.14	149.14	1	0.00
2026-09-08	118776779	Поиск Свадебные банкеты	5552984322	свадьба под ключ в москве	16902921782	1	0	0.00	0.00	--	0	0.00
2026-09-08	118776779	Поиск Свадебные банкеты	5552984325	свадьба цена	16902921794	2	0	0.00	0.00	--	0	0.00
2026-09-08	118776779	Поиск Свадебные банкеты	5552984325	свадьба цена	16902921796	2	1	50.00	322.63	322.63	1	0.00
2026-09-08	118776779	Поиск Свадебные банкеты	5552984327	сколько стоит свадьба в москве	16902921801	3	0	0.00	0.00	--	0	0.00
2026-09-08	118776779	Поиск Свадебные банкеты	5552984327	сколько стоит свадьба в москве	16902921804	1	0	0.00	0.00	--	0	0.00
2026-09-08	118776779	Поиск Свадебные банкеты	5552984331	стоимость свадьбы в москве	16902921817	1	0	0.00	0.00	--	0	0.00
2026-09-08	118776779	Поиск Свадебные банкеты	5552984332	сыграть свадьбу в москве	16902921823	5	1	20.00	293.08	293.08	2	0.00
2026-09-08	118776779	Поиск Свадебные банкеты	5552984333	услуги проведения свадьбы	16902921826	3	0	0.00	0.00	--	0	0.00
2026-09-08	118776779	Поиск Свадебные банкеты	5552984341	свадьба в ресторане	16902921858	1	0	0.00	0.00	--	0	0.00
2026-09-08	118776779	Поиск Свадебные банкеты	5552984346	место для свадебной церемонии	16902921878	1	0	0.00	0.00	--	0	0.00
2026-09-08	118776779	Поиск Свадебные банкеты	5552984351	ресторан для свадьбы в москве	16902921897	1	0	0.00	0.00	--	0	0.00
2026-09-08	118776779	Поиск Свадебные банкеты	5552984351	ресторан для свадьбы в москве	16902921898	1	0	0.00	0.00	--	0	0.00
2026-09-08	118776779	Поиск Свадебные банкеты	5552984351	ресторан для свадьбы в москве	16902921899	1	0	0.00	0.00	--	0	0.00
2026-09-08	118776779	Поиск Свадебные банкеты	5596541487	банкетный зал для свадьбы москва	17078756108	1	0	0.00	0.00	--	0	0.00
2026-09-08	118776779	Поиск Свадебные банкеты	5596541487	банкетный зал для свадьбы москва	17078756109	2	1	50.00	54.84	54.84	1	0.00
2026-09-08	700792063	Тест РСЯ банкет	5598457174	Банкеты	17085709723	84	2	2.38	2.16	1.08	0	0.00
2026-09-08	700792063	Тест РСЯ банкет	5598457174	Банкеты	17085709724	169	3	1.78	117.21	39.07	0	0.00
2026-09-08	700792063	Тест РСЯ банкет	5598457174	Банкеты	17085709725	29697	293	0.99	5144.73	17.56	19	0.00
2026-09-08	700792063	Тест РСЯ банкет	5598457174	Банкеты	17085709726	106	2	1.89	0.68	0.34	0	0.00
2026-09-08	700792063	Тест РСЯ банкет	5598457175	Баннеры	17085709727	246	0	0.00	0.00	--	0	0.00
2026-09-08	700792072	Тест РСЯ конференции	5598457238	конференц зал	17085710064	5	0	0.00	0.00	--	0	0.00
2026-09-08	700792072	Тест РСЯ конференции	5598457240	организация конференций	17085710069	1	0	0.00	0.00	--	0	0.00
2026-09-08	700792082	Тест РСЯ Корпоративы	5598457300	провести корпоратив	17085710298	103	0	0.00	0.00	--	0	0.00
2026-09-08	700792082	Тест РСЯ Корпоративы	5598457301	корпоративные мероприятия	17085710301	416	6	1.44	45.96	7.66	0	0.00
2026-09-08	700792082	Тест РСЯ Корпоративы	5598457302	организация корпоратива	17085710304	3304	19	0.58	171.92	9.05	0	0.00
2026-09-08	700792082	Тест РСЯ Корпоративы	5598457303	корпоративный праздник	17085710305	10	0	0.00	0.00	--	0	0.00
2026-09-08	700792082	Тест РСЯ Корпоративы	5598457303	корпоративный праздник	17085710306	709	2	0.28	35.29	17.64	0	0.00
2026-09-08	700792082	Тест РСЯ Корпоративы	5598457303	корпоративный праздник	17085710307	19	1	5.26	16.99	16.99	0	0.00
2026-09-08	700792082	Тест РСЯ Корпоративы	5598457304	проведение корпоратива	17085710308	52	0	0.00	0.00	--	0	0.00
2026-09-08	700792082	Тест РСЯ Корпоративы	5598457304	проведение корпоратива	17085710309	71	1	1.41	13.37	13.37	0	0.00
2026-09-08	700792082	Тест РСЯ Корпоративы	5598457305	ресторан для корпоратива	17085710311	57	0	0.00	0.00	--	0	0.00
2026-09-08	700792082	Тест РСЯ Корпоративы	5598457307	отметить корпоратив	17085710317	40	0	0.00	0.00	--	0	0.00
2026-09-08	700792082	Тест РСЯ Корпоративы	5598457307	отметить корпоратив	17085710318	173	0	0.00	0.00	--	0	0.00
2026-09-08	700792082	Тест РСЯ Корпоративы	5598457308	корпоратив в центре	17085710321	1474	8	0.54	183.91	22.99	1	0.00
2026-09-08	700792082	Тест РСЯ Корпоративы	5598457310	корпоратив на 50 челоек	17085710326	373	1	0.27	34.19	34.19	0	0.00
2026-09-08	700792082	Тест РСЯ Корпоративы	5598457310	корпоратив на 50 челоек	17085710327	5996	111	1.85	453.67	4.09	1	0.00
2026-09-08	700792082	Тест РСЯ Корпоративы	5598457310	корпоратив на 50 челоек	17085710328	215	2	0.93	22.76	11.38	0	0.00
2026-09-08	700792082	Тест РСЯ Корпоративы	5598457311	корпоратив на 100 челоек	17085710329	48	0	0.00	0.00	--	0	0.00
2026-09-08	700792082	Тест РСЯ Корпоративы	5598457311	корпоратив на 100 челоек	17085710330	279	3	1.08	15.89	5.30	0	0.00
2026-09-08	700792082	Тест РСЯ Корпоративы	5598457311	корпоратив на 100 челоек	17085710331	223	0	0.00	0.00	--	0	0.00
2026-09-08	700792082	Тест РСЯ Корпоративы	5598457312	корпоратив на 150 челоек	17085710332	88	0	0.00	0.00	--	0	0.00
2026-09-08	700792082	Тест РСЯ Корпоративы	5598457312	корпоратив на 150 челоек	17085710333	1422	11	0.77	130.16	11.83	0	0.00
2026-09-08	700792082	Тест РСЯ Корпоративы	5598457312	корпоратив на 150 челоек	17085710334	235	0	0.00	0.00	--	0	0.00
2026-09-08	700792082	Тест РСЯ Корпоративы	5598457313	корпоратив на 200 челоек	17085710335	23983	631	2.63	4161.44	6.59	4	0.00
2026-09-08	700792082	Тест РСЯ Корпоративы	5598457313	корпоратив на 200 челоек	17085710336	543	14	2.58	106.19	7.59	0	0.00
2026-09-08	700792082	Тест РСЯ Корпоративы	5598457313	корпоратив на 200 челоек	17085710337	169	4	2.37	27.94	6.98	0	0.00
2026-09-08	700792082	Тест РСЯ Корпоративы	5598457314	корпоратив на 250 челоек	17085710338	180	0	0.00	0.00	--	0	0.00
2026-09-08	700792082	Тест РСЯ Корпоративы	5598457314	корпоратив на 250 челоек	17085710339	664	4	0.60	74.99	18.75	0	0.00
2026-09-08	700792082	Тест РСЯ Корпоративы	5598457314	корпоратив на 250 челоек	17085710340	6	0	0.00	0.00	--	0	0.00
2026-09-08	700792082	Тест РСЯ Корпоративы	5598457315	корпоратив на чистых прудах	17085710341	15	0	0.00	0.00	--	0	0.00
2026-09-08	700792082	Тест РСЯ Корпоративы	5598457315	корпоратив на чистых прудах	17085710342	163	0	0.00	0.00	--	0	0.00
2026-09-08	700792082	Тест РСЯ Корпоративы	5598457316	корпоратив на красных воротах	17085710344	6	0	0.00	0.00	--	0	0.00
2026-09-08	700792082	Тест РСЯ Корпоративы	5598457316	корпоратив на красных воротах	17085710345	1548	16	1.03	171.76	10.73	0	0.00
2026-09-08	700792082	Тест РСЯ Корпоративы	5598457316	корпоратив на красных воротах	17085710346	113	1	0.88	7.41	7.41	0	0.00
2026-09-08	700792082	Тест РСЯ Корпоративы	5598457317	корпоративы с караоке	17085710347	48	0	0.00	0.00	--	0	0.00
2026-09-08	700792082	Тест РСЯ Корпоративы	5598457317	корпоративы с караоке	17085710348	83	2	2.41	20.40	10.20	0	0.00
2026-09-08	700792082	Тест РСЯ Корпоративы	5598457317	корпоративы с караоке	17085710349	110	1	0.91	11.48	11.48	0	0.00
2026-09-08	700792082	Тест РСЯ Корпоративы	5598457318	Баннеры	17085710350	126	19	15.08	130.30	6.86	0	0.00
2026-09-08	700792082	Тест РСЯ Корпоративы	5598457318	Баннеры	17085710351	6	0	0.00	0.00	--	0	0.00
2026-09-08	700792082	Тест РСЯ Корпоративы	5598457318	Баннеры	17085710352	12	1	8.33	1.52	1.52	0	0.00
2026-09-08	700792082	Тест РСЯ Корпоративы	5598457318	Баннеры	17085710353	2	0	0.00	0.00	--	0	0.00
2026-09-08	700792082	Тест РСЯ Корпоративы	5598457321	корпоратив 30	17085710360	230	1	0.43	47.55	47.55	0	0.00
2026-09-08	700792082	Тест РСЯ Корпоративы	5598457321	корпоратив 30	17085710361	66	0	0.00	0.00	--	0	0.00
2026-09-08	700792082	Тест РСЯ Корпоративы	5598457321	корпоратив 30	17085710362	2041	13	0.64	230.62	17.74	0	0.00
2026-09-08	700792082	Тест РСЯ Корпоративы	5598457322	корпоратив 40	17085710363	376	2	0.53	25.90	12.95	0	0.00
2026-09-08	700792082	Тест РСЯ Корпоративы	5598457322	корпоратив 40	17085710364	506	39	7.71	239.97	6.15	0	0.00
2026-09-08	700792082	Тест РСЯ Корпоративы	5598457322	корпоратив 40	17085710365	641	40	6.24	231.91	5.80	0	0.00
2026-09-08	700792084	Тест РСЯ Свадебные банкеты	5598457353	свадьба в москве	17085710533	8246	67	0.81	720.81	10.76	67	0.00
2026-09-08	700792084	Тест РСЯ Свадебные банкеты	5598457353	свадьба в москве	17085710534	8587	89	1.04	715.10	8.03	87	0.00
2026-09-08	700792084	Тест РСЯ Свадебные банкеты	5598457353	свадьба в москве	17085710535	95	1	1.05	20.48	20.48	1	0.00
2026-09-08	700792084	Тест РСЯ Свадебные банкеты	5598457353	свадьба в москве	17085710536	112	0	0.00	0.00	--	0	0.00
2026-09-08	700792084	Тест РСЯ Свадебные банкеты	5598457354	свадебный ресторан	17085710537	5	2	40.00	1.92	0.96	2	0.00
2026-09-08	700792084	Тест РСЯ Свадебные банкеты	5598457354	свадебный ресторан	17085710538	259	23	8.88	181.90	7.91	40	0.00
2026-09-08	700792084	Тест РСЯ Свадебные банкеты	5598457354	свадебный ресторан	17085710539	47	0	0.00	0.00	--	0	0.00
2026-09-08	700792084	Тест РСЯ Свадебные банкеты	5598457354	свадебный ресторан	17085710540	64	0	0.00	0.00	--	0	0.00
2026-09-08	700792084	Тест РСЯ Свадебные банкеты	5598457355	площадка для свадьбы	17085710541	5	0	0.00	0.00	--	0	0.00
2026-09-08	700792084	Тест РСЯ Свадебные банкеты	5598457355	площадка для свадьбы	17085710542	16	4	25.00	77.87	19.47	5	0.00
2026-09-08	700792084	Тест РСЯ Свадебные банкеты	5598457355	площадка для свадьбы	17085710543	73	26	35.62	19.90	0.77	26	0.00
2026-09-08	700792084	Тест РСЯ Свадебные банкеты	5598457355	площадка для свадьбы	17085710544	49	2	4.08	1.43	0.71	5	0.00
2026-09-08	700792084	Тест РСЯ Свадебные банкеты	5598457356	веранда для свадьбы	17085710545	1	0	0.00	0.00	--	0	0.00
2026-09-08	700792084	Тест РСЯ Свадебные банкеты	5598457356	веранда для свадьбы	17085710546	861	74	8.59	49.46	0.67	63	0.00
2026-09-08	700792084	Тест РСЯ Свадебные банкеты	5598457356	веранда для свадьбы	17085710547	28	0	0.00	0.00	--	0	0.00
2026-09-08	700792084	Тест РСЯ Свадебные банкеты	5598457356	веранда для свадьбы	17085710548	31	0	0.00	0.00	--	0	0.00
2026-09-08	700792084	Тест РСЯ Свадебные банкеты	5598457357	свадебный зал	17085710549	133	24	18.05	17.72	0.74	25	0.00
2026-09-08	700792084	Тест РСЯ Свадебные банкеты	5598457357	свадебный зал	17085710550	120	18	15.00	8.02	0.45	17	0.00
2026-09-08	700792084	Тест РСЯ Свадебные банкеты	5598457357	свадебный зал	17085710551	69	0	0.00	0.00	--	0	0.00
2026-09-08	700792084	Тест РСЯ Свадебные банкеты	5598457357	свадебный зал	17085710552	81	10	12.35	5.72	0.57	9	0.00
2026-09-08	700792084	Тест РСЯ Свадебные банкеты	5598457358	свадьба под ключ	17085710553	17	0	0.00	0.00	--	1	0.00
2026-09-08	700792084	Тест РСЯ Свадебные банкеты	5598457358	свадьба под ключ	17085710554	86	0	0.00	0.00	--	0	0.00
2026-09-08	700792084	Тест РСЯ Свадебные банкеты	5598457358	свадьба под ключ	17085710555	58	1	1.72	0.86	0.86	1	0.00
2026-09-08	700792084	Тест РСЯ Свадебные банкеты	5598457358	свадьба под ключ	17085710556	67	0	0.00	0.00	--	0	0.00
2026-09-08	700792084	Тест РСЯ Свадебные банкеты	5598457359	банкет для свадьбы	17085710557	29	8	27.59	9.33	1.17	8	0.00
2026-09-08	700792084	Тест РСЯ Свадебные банкеты	5598457359	банкет для свадьбы	17085710558	48	1	2.08	140.28	140.28	3	0.00
2026-09-08	700792084	Тест РСЯ Свадебные банкеты	5598457359	банкет для свадьбы	17085710559	8	0	0.00	0.00	--	0	0.00
2026-09-08	700792084	Тест РСЯ Свадебные банкеты	5598457359	банкет для свадьбы	17085710560	54	0	0.00	0.00	--	0	0.00
2026-09-08	700792084	Тест РСЯ Свадебные банкеты	5598457360	ресторан для свадьбы	17085710561	33	0	0.00	0.00	--	0	0.00
2026-09-08	700792084	Тест РСЯ Свадебные банкеты	5598457360	ресторан для свадьбы	17085710562	102	0	0.00	0.00	--	1	0.00
2026-09-08	700792084	Тест РСЯ Свадебные банкеты	5598457360	ресторан для свадьбы	17085710563	263	6	2.28	4.54	0.76	6	0.00
2026-09-08	700792084	Тест РСЯ Свадебные банкеты	5598457360	ресторан для свадьбы	17085710564	3841	38	0.99	378.65	9.96	43	0.00
2026-09-08	700792084	Тест РСЯ Свадебные банкеты	5598457361	зал для свадьбы	17085710565	23	0	0.00	0.00	--	2	0.00
2026-09-08	700792084	Тест РСЯ Свадебные банкеты	5598457361	зал для свадьбы	17085710566	38	0	0.00	0.00	--	0	0.00
2026-09-08	700792084	Тест РСЯ Свадебные банкеты	5598457361	зал для свадьбы	17085710567	205	9	4.39	7.06	0.78	15	0.00
2026-09-08	700792084	Тест РСЯ Свадебные банкеты	5598457361	зал для свадьбы	17085710568	47	1	2.13	3.78	3.78	2	0.00
2026-09-08	700792084	Тест РСЯ Свадебные банкеты	5598457362	Ремаркетинг на просмотры страницы свадьбы	17085710569	158	1	0.63	1.03	1.03	8	0.00
2026-09-08	702195391	Тест РСЯ банкет (Похожие сайты)	5622970380	Банкеты	17201006655	108	34	31.48	39.70	1.17	0	0.00
2026-09-08	702195391	Тест РСЯ банкет (Похожие сайты)	5622970380	Банкеты	17201006656	189	25	13.23	49.04	1.96	0	0.00
2026-09-08	702195391	Тест РСЯ банкет (Похожие сайты)	5622970380	Банкеты	17201006657	2274	32	1.41	670.78	20.96	2	0.00
2026-09-08	702195391	Тест РСЯ банкет (Похожие сайты)	5622970380	Банкеты	17201006658	358	65	18.16	264.16	4.06	0	0.00
2026-09-08	702195391	Тест РСЯ банкет (Похожие сайты)	5622970381	Баннеры	17201006659	4996	19	0.38	483.57	25.45	1	0.00
2026-09-08	700792082	Тест РСЯ Корпоративы	5628294387	новогодний корпоратив	17235485071	160	1	0.62	49.39	49.39	0	0.00
2026-09-08	700792082	Тест РСЯ Корпоративы	5628294388	корпоративный новый год	17235485072	215	3	1.40	80.08	26.69	0	0.00
2026-09-08	700792082	Тест РСЯ Корпоративы	5628294389	корпоратив на новый год	17235485073	86	0	0.00	0.00	--	0	0.00
2026-09-08	708328266	РСЯ банкетное меню	5734561489	Банкеты	17663635579	15523	238	1.53	3114.60	13.09	8	0.00
2026-09-08	709907560	Поиск Банкеты( конверсии)	5750739661	отметить банкет	17718636694	1	1	100.00	259.79	259.79	0	0.00
2026-09-08	709907560	Поиск Банкеты( конверсии)	5750739662	помещение для банкета	17718636696	2	0	0.00	0.00	--	0	0.00
2026-09-08	709907560	Поиск Банкеты( конверсии)	5750739662	помещение для банкета	17718636698	2	0	0.00	0.00	--	0	0.00
2026-09-08	709907560	Поиск Банкеты( конверсии)	5750739663	проведение банкетов	17718636702	4	0	0.00	0.00	--	0	0.00
2026-09-08	709907560	Поиск Банкеты( конверсии)	5750739665	ресторан для банкета	17718636708	4	2	50.00	1898.22	949.11	0	0.00
2026-09-08	709907560	Поиск Банкеты( конверсии)	5750739665	ресторан для банкета	17718636710	1	0	0.00	0.00	--	0	0.00
2026-09-08	709907560	Поиск Банкеты( конверсии)	5750739669	банкеты под ключ	17718636727	2	1	50.00	466.35	466.35	0	0.00
2026-09-08	709907560	Поиск Банкеты( конверсии)	5750739674	банкет на день рождения	17718636747	3	0	0.00	0.00	--	0	0.00
2026-09-08	709907560	Поиск Банкеты( конверсии)	5750739676	банкет с полным обслуживанием	17718636756	6	0	0.00	0.00	--	0	0.00
2026-09-08	709907560	Поиск Банкеты( конверсии)	5750739676	банкет с полным обслуживанием	17718636758	1	0	0.00	0.00	--	0	0.00
2026-09-08	709907560	Поиск Банкеты( конверсии)	5750739678	мероприятия банкеты	17718636764	2	0	0.00	0.00	--	0	0.00
2026-09-08	709907560	Поиск Банкеты( конверсии)	5750739679	место под банкет	17718636771	1	0	0.00	0.00	--	0	0.00
2026-09-08	709907560	Поиск Банкеты( конверсии)	5750739680	организация банкетов	17718636774	1	0	0.00	0.00	--	0	0.00
2026-09-08	709907560	Поиск Банкеты( конверсии)	5750739683	банкетная площадка	17718636786	4	0	0.00	0.00	--	0	0.00
2026-09-08	709907560	Поиск Банкеты( конверсии)	5750739683	банкетная площадка	17718636787	1	0	0.00	0.00	--	0	0.00
2026-09-08	709907560	Поиск Банкеты( конверсии)	5750739684	ресторан для юбилея	17718636790	2	0	0.00	0.00	--	0	0.00
2026-09-08	709907560	Поиск Банкеты( конверсии)	5750739685	банкетные залы	17718636792	16	1	6.25	430.30	430.30	1	0.00
2026-09-08	709907560	Поиск Банкеты( конверсии)	5750739685	банкетные залы	17718636793	5	0	0.00	0.00	--	0	0.00
2026-09-08	709907560	Поиск Банкеты( конверсии)	5750739685	банкетные залы	17718636794	9	0	0.00	0.00	--	0	0.00
2026-09-08	709907560	Поиск Банкеты( конверсии)	5750739685	банкетные залы	17718636795	22	0	0.00	0.00	--	0	0.00
2026-09-08	709907560	Поиск Банкеты( конверсии)	5750739686	Отметить день рождения в ресторане	17718636797	2	0	0.00	0.00	--	0	0.00
2026-09-08	709907560	Поиск Банкеты( конверсии)	5750739686	Отметить день рождения в ресторане	17718636799	6	0	0.00	0.00	--	0	0.00
2026-09-08	709907560	Поиск Банкеты( конверсии)	5750739687	день рождения в ресторане	17718636804	1	0	0.00	0.00	--	0	0.00
2026-09-08	709907560	Поиск Банкеты( конверсии)	5750739687	день рождения в ресторане	17718636805	1	0	0.00	0.00	--	0	0.00
2026-09-08	709907560	Поиск Банкеты( конверсии)	5750739687	день рождения в ресторане	17718636809	1	0	0.00	0.00	--	0	0.00
2026-09-08	709907560	Поиск Банкеты( конверсии)	5750739692	банкетный зал 100	17718636830	1	1	100.00	1242.44	1242.44	1	0.00
2026-09-08	709907560	Поиск Банкеты( конверсии)	5750739701	банкетный зал 190	17718636866	2	1	50.00	360.77	360.77	0	0.00
2026-09-08	709907560	Поиск Банкеты( конверсии)	5750739702	банкетный зал 200	17718636868	3	1	33.33	356.37	356.37	0	0.00
2026-09-08	118776773	Поиск Корпоративы	5552984040	где новогодние корпоративы	17770196278	1	0	0.00	0.00	--	0	0.00
2026-09-08	118776773	Поиск Корпоративы	5552984042	где отметить новогодний корпоратив	17770196280	1	0	0.00	0.00	--	0	0.00
2026-09-08	118776773	Поиск Корпоративы	5552984053	корпоратив на новый год	17770196286	3	0	0.00	0.00	--	0	0.00
2026-09-08	118776773	Поиск Корпоративы	5552984129	новогодний корпоратив	17770196377	2	0	0.00	0.00	--	0	0.00
2026-09-08	118776773	Поиск Корпоративы	5552984129	новогодний корпоратив	17770196378	7	1	14.29	167.46	167.46	0	0.00
2026-09-08	118776773	Поиск Корпоративы	5552984130	новогодний корпоратив 2027	17770196379	1	0	0.00	0.00	--	0	0.00
2026-09-08	118776773	Поиск Корпоративы	5552984131	новогодний корпоратив в москве	17770196381	1	0	0.00	0.00	--	0	0.00
2026-09-08	118776773	Поиск Корпоративы	5552984131	новогодний корпоратив в москве	17770196382	2	0	0.00	0.00	--	0	0.00
2026-09-08	700792082	Тест РСЯ Корпоративы	5628294387	новогодний корпоратив	17770196555	103	0	0.00	0.00	--	0	0.00
2026-09-08	700792082	Тест РСЯ Корпоративы	5628294387	новогодний корпоратив	17770196556	237	0	0.00	0.00	--	0	0.00
2026-09-08	700792082	Тест РСЯ Корпоративы	5628294388	корпоративный новый год	17770196557	177	0	0.00	0.00	--	0	0.00
2026-09-08	700792082	Тест РСЯ Корпоративы	5628294388	корпоративный новый год	17770196558	98	0	0.00	0.00	--	0	0.00
2026-09-08	700792082	Тест РСЯ Корпоративы	5628294389	корпоратив на новый год	17770196559	1	0	0.00	0.00	--	0	0.00
2026-09-08	700792082	Тест РСЯ Корпоративы	5628294389	корпоратив на новый год	17770196560	4	0	0.00	0.00	--	0	0.00
2026-09-08	118776773	Поиск Корпоративы	5769956561	новогодний корпоратив 2027 москва	17776105636	1	0	0.00	0.00	--	0	0.00
2026-09-08	118776773	Поиск Корпоративы	5770058766	площадка для новогоднего корпоратива	17776485002	1	1	100.00	772.50	772.50	0	0.00
2026-09-08	118776773	Поиск Корпоративы	5770058767	площадка для корпоратива	17776485004	1	0	0.00	0.00	--	0	0.00
2026-09-08	118776773	Поиск Корпоративы	5770058767	площадка для корпоратива	17776485005	4	1	25.00	674.35	674.35	1	0.00
2026-09-08	118776773	Поиск Корпоративы	5770058767	площадка для корпоратива	17776485006	1	0	0.00	0.00	--	0	0.00
2026-09-08	709907560	Поиск Банкеты( конверсии)	5770058772	банкетный зал на новый год	17776485008	1	0	0.00	0.00	--	0	0.00
2026-09-08	709907560	Поиск Банкеты( конверсии)	5770058773	новогодний банкетный зал	17776485011	1	0	0.00	0.00	--	0	0.00
2026-09-08	712849433	Поиск Банкеты квиз( конверсии)	5773918652	отметить банкет	1915822986185365493	1	1	100.00	153.39	153.39	1	0.00
2026-09-08	712849433	Поиск Банкеты квиз( конверсии)	5773918654	проведение банкетов	1915822986185365495	3	0	0.00	0.00	--	0	0.00
2026-09-08	712849433	Поиск Банкеты квиз( конверсии)	5773918656	ресторан для банкета	1915822986185365497	8	1	12.50	332.15	332.15	1	0.00
2026-09-08	712849433	Поиск Банкеты квиз( конверсии)	5773918658	банкеты караоке	1915822986185365499	1	0	0.00	0.00	--	0	0.00
2026-09-08	712849433	Поиск Банкеты квиз( конверсии)	5773918659	банкеты корпоративы	1915822986185365500	4	0	0.00	0.00	--	0	0.00
2026-09-08	712849433	Поиск Банкеты квиз( конверсии)	5773918660	банкеты под ключ	1915822986185365501	3	1	33.33	175.25	175.25	1	0.00
2026-09-08	712849433	Поиск Банкеты квиз( конверсии)	5773918664	заказать банкет	1915822986185365505	2	0	0.00	0.00	--	0	0.00
2026-09-08	712849433	Поиск Банкеты квиз( конверсии)	5773918665	банкет на день рождения	1915822986185365506	9	0	0.00	0.00	--	0	0.00
2026-09-08	712849433	Поиск Банкеты квиз( конверсии)	5773918667	банкет с полным обслуживанием	1915822986185365508	2	0	0.00	0.00	--	0	0.00
2026-09-08	712849433	Поиск Банкеты квиз( конверсии)	5773918668	банкет фуршет	1915822986185365509	1	0	0.00	0.00	--	0	0.00
2026-09-08	712849433	Поиск Банкеты квиз( конверсии)	5773918673	банкетная площадка	1915822986185365514	2	0	0.00	0.00	--	0	0.00
2026-09-08	712849433	Поиск Банкеты квиз( конверсии)	5773918675	банкетные залы	1915822986185365516	55	3	5.45	465.18	155.06	4	0.00
2026-09-08	712849433	Поиск Банкеты квиз( конверсии)	5773918676	Отметить день рождения в ресторане	1915822986185365517	13	3	23.08	413.15	137.72	3	0.00
2026-09-08	712849433	Поиск Банкеты квиз( конверсии)	5773918677	день рождения в ресторане	1915822986185365518	10	1	10.00	94.74	94.74	1	0.00
2026-09-08	712849433	Поиск Банкеты квиз( конверсии)	5773918678	банкетный зал 60	1915822986185365519	2	0	0.00	0.00	--	0	0.00
2026-09-08	712849433	Поиск Банкеты квиз( конверсии)	5773918679	банкетный зал 70	1915822986185365520	2	0	0.00	0.00	--	0	0.00
2026-09-08	712849433	Поиск Банкеты квиз( конверсии)	5773918682	банкетный зал 100	1915822986185365523	1	0	0.00	0.00	--	0	0.00
2026-09-08	712849433	Поиск Банкеты квиз( конверсии)	5773918684	банкетный зал 120	1915822986185365525	3	0	0.00	0.00	--	0	0.00
2026-09-08	712849433	Поиск Банкеты квиз( конверсии)	5773918688	банкетный зал 160	1915822986185365529	6	0	0.00	0.00	--	0	0.00
2026-09-08	712849433	Поиск Банкеты квиз( конверсии)	5773918692	банкетный зал 200	1915822986185365533	4	0	0.00	0.00	--	0	0.00
2026-09-09	118776764	Поиск Конференция	5552983925	аренда помещения для конференции	16902905712	1	0	0.00	0.00	--	0	0.00
2026-09-09	118776764	Поиск Конференция	5552983933	зал для конференций	16902905728	1	0	0.00	0.00	--	0	0.00
2026-09-09	118776764	Поиск Конференция	5552983985	бизнес завтрак	16902905833	1	0	0.00	0.00	--	0	0.00
2026-09-09	118776764	Поиск Конференция	5552983995	ресторан +для бизнес завтрака	16902905853	2	2	100.00	0.00	0.00	0	0.00
2026-09-09	118776773	Поиск Корпоративы	5552984021	проведение праздников корпоративных мероприятий	16902913669	1	0	0.00	0.00	--	0	0.00
2026-09-09	118776773	Поиск Корпоративы	5552984025	развлекательные корпоративные мероприятия	16902913681	3	0	0.00	0.00	--	0	0.00
2026-09-09	118776773	Поиск Корпоративы	5552984034	где интересно провести корпоратив	16902913704	1	0	0.00	0.00	--	0	0.00
2026-09-09	118776773	Поиск Корпоративы	5552984038	где можно провести корпоратив	16902913716	2	0	0.00	0.00	--	0	0.00
2026-09-09	118776773	Поиск Корпоративы	5552984044	где провести корпоратив	16902913730	1	0	0.00	0.00	--	0	0.00
2026-09-09	118776773	Поиск Корпоративы	5552984045	частные корпоративные мероприятия	16902913733	1	0	0.00	0.00	--	0	0.00
2026-09-09	118776773	Поиск Корпоративы	5552984098	корпоративные мероприятия москва	16902913815	7	0	0.00	0.00	--	0	0.00
2026-09-09	118776773	Поиск Корпоративы	5552984098	корпоративные мероприятия москва	16902913816	2	0	0.00	0.00	--	0	0.00
2026-09-09	118776773	Поиск Корпоративы	5552984098	корпоративные мероприятия москва	16902913817	5	0	0.00	0.00	--	0	0.00
2026-09-09	118776773	Поиск Корпоративы	5552984108	корпоративные мероприятия центры устроители	16902913828	4	0	0.00	0.00	--	0	0.00
2026-09-09	118776773	Поиск Корпоративы	5552984142	организация корпоратива в москве	16902913880	1	0	0.00	0.00	--	0	0.00
2026-09-09	118776773	Поиск Корпоративы	5552984148	организация корпоративных мероприятий москва	16902913899	3	0	0.00	0.00	--	0	0.00
2026-09-09	118776773	Поиск Корпоративы	5552984149	организация корпоративных праздников мероприятий	16902913901	3	1	33.33	260.06	260.06	0	0.00
2026-09-09	118776773	Поиск Корпоративы	5552984150	организация корпоративов	16902913904	1	0	0.00	0.00	--	0	0.00
2026-09-09	118776773	Поиск Корпоративы	5552984162	площадки для корпоративных мероприятий в москве	16902913932	1	1	100.00	1008.94	1008.94	0	0.00
2026-09-09	118776773	Поиск Корпоративы	5552984168	праздничные корпоративные мероприятия	16902913944	3	1	33.33	532.35	532.35	0	0.00
2026-09-09	118776773	Поиск Корпоративы	5552984168	праздничные корпоративные мероприятия	16902913945	5	0	0.00	0.00	--	0	0.00
2026-09-09	118776773	Поиск Корпоративы	5552984173	проведение корпоративных мероприятий москва	16902913956	1	0	0.00	0.00	--	0	0.00
2026-09-09	118776773	Поиск Корпоративы	5552984176	банкетный зал для корпоратива	16902913965	1	0	0.00	0.00	--	0	0.00
2026-09-09	118776773	Поиск Корпоративы	5552984178	отметить корпоратив	16902913970	2	0	0.00	0.00	--	0	0.00
2026-09-09	118776773	Поиск Корпоративы	5552984178	отметить корпоратив	16902913971	3	1	33.33	506.22	506.22	1	0.00
2026-09-09	118776773	Поиск Корпоративы	5552984186	корпоратив в ресторане	16902913984	3	0	0.00	0.00	--	0	0.00
2026-09-09	118776773	Поиск Корпоративы	5552984186	корпоратив в ресторане	16902913985	1	0	0.00	0.00	--	0	0.00
2026-09-09	118776773	Поиск Корпоративы	5552984190	ресторан для корпоратива	16902913993	1	0	0.00	0.00	--	0	0.00
2026-09-09	118776773	Поиск Корпоративы	5552984192	лучший ресторан для корпоратива	16902913997	1	0	0.00	0.00	--	0	0.00
2026-09-09	118776773	Поиск Корпоративы	5552984196	большой ресторан для корпоратива	16902914005	3	1	33.33	489.23	489.23	0	0.00
2026-09-09	118776779	Поиск Свадебные банкеты	5552984223	заказать свадьбу	16902921384	1	0	0.00	0.00	--	0	0.00
2026-09-09	118776779	Поиск Свадебные банкеты	5552984224	где провести свадьбу в москве	16902921388	1	1	100.00	510.57	510.57	1	0.00
2026-09-09	118776779	Поиск Свадебные банкеты	5552984225	банкетный зал для свадьбы	16902921395	6	0	0.00	0.00	--	0	0.00
2026-09-09	118776779	Поиск Свадебные банкеты	5552984226	банкетный зал для проведения свадьбы	16902921397	3	0	0.00	0.00	--	0	0.00
2026-09-09	118776779	Поиск Свадебные банкеты	5552984229	залы для проведения свадьбы	16902921410	1	0	0.00	0.00	--	0	0.00
2026-09-09	118776779	Поиск Свадебные банкеты	5552984232	зал для свадьбы в москве	16902921422	1	0	0.00	0.00	--	0	0.00
2026-09-09	118776779	Поиск Свадебные банкеты	5552984233	заказ свадьбы	16902921425	1	0	0.00	0.00	--	0	0.00
2026-09-09	118776779	Поиск Свадебные банкеты	5552984236	банкет на свадьбу в москве	16902921438	1	0	0.00	0.00	--	0	0.00
2026-09-09	118776779	Поиск Свадебные банкеты	5552984243	зал для свадьбы	16902921465	1	0	0.00	0.00	--	0	0.00
2026-09-09	118776779	Поиск Свадебные банкеты	5552984243	зал для свадьбы	16902921466	1	0	0.00	0.00	--	0	0.00
2026-09-09	118776779	Поиск Свадебные банкеты	5552984245	банкетные залы для свадьбы в москве	16902921474	1	0	0.00	0.00	--	0	0.00
2026-09-09	118776779	Поиск Свадебные банкеты	5552984253	как организовать свадьбу	16902921505	2	0	0.00	0.00	--	0	0.00
2026-09-09	118776779	Поиск Свадебные банкеты	5552984254	как отметить свадьбу	16902921509	2	0	0.00	0.00	--	0	0.00
2026-09-09	118776779	Поиск Свадебные банкеты	5552984254	как отметить свадьбу	16902921510	7	0	0.00	0.00	--	0	0.00
2026-09-09	118776779	Поиск Свадебные банкеты	5552984254	как отметить свадьбу	16902921512	3	0	0.00	0.00	--	0	0.00
2026-09-09	118776779	Поиск Свадебные банкеты	5552984255	как отметить свадьбу москве	16902921513	1	1	100.00	387.06	387.06	1	0.00
2026-09-09	118776779	Поиск Свадебные банкеты	5552984255	как отметить свадьбу москве	16902921514	3	1	33.33	199.85	199.85	1	0.00
2026-09-09	118776779	Поиск Свадебные банкеты	5552984255	как отметить свадьбу москве	16902921515	4	0	0.00	0.00	--	0	0.00
2026-09-09	118776779	Поиск Свадебные банкеты	5552984255	как отметить свадьбу москве	16902921516	1	0	0.00	0.00	--	0	0.00
2026-09-09	118776779	Поиск Свадебные банкеты	5552984257	красивая свадьба в москве	16902921522	4	0	0.00	0.00	--	0	0.00
2026-09-09	118776779	Поиск Свадебные банкеты	5552984257	красивая свадьба в москве	16902921523	3	0	0.00	0.00	--	0	0.00
2026-09-09	118776779	Поиск Свадебные банкеты	5552984257	красивая свадьба в москве	16902921524	3	0	0.00	0.00	--	0	0.00
2026-09-09	118776779	Поиск Свадебные банкеты	5552984267	места для проведения свадьбы	16902921562	2	0	0.00	0.00	--	0	0.00
2026-09-09	118776779	Поиск Свадебные банкеты	5552984268	места для проведения свадьбы в москве	16902921565	3	0	0.00	0.00	--	0	0.00
2026-09-09	118776779	Поиск Свадебные банкеты	5552984268	места для проведения свадьбы в москве	16902921567	1	0	0.00	0.00	--	0	0.00
2026-09-09	118776779	Поиск Свадебные банкеты	5552984269	места для свадьбы в москве	16902921569	1	0	0.00	0.00	--	0	0.00
2026-09-09	118776779	Поиск Свадебные банкеты	5552984269	места для свадьбы в москве	16902921570	1	0	0.00	0.00	--	0	0.00
2026-09-09	118776779	Поиск Свадебные банкеты	5552984269	места для свадьбы в москве	16902921571	2	0	0.00	0.00	--	0	0.00
2026-09-09	118776779	Поиск Свадебные банкеты	5552984270	место для свадьбы	16902921573	5	1	20.00	247.79	247.79	1	0.00
2026-09-09	118776779	Поиск Свадебные банкеты	5552984270	место для свадьбы	16902921574	4	0	0.00	0.00	--	0	0.00
2026-09-09	118776779	Поиск Свадебные банкеты	5552984270	место для свадьбы	16902921575	3	0	0.00	0.00	--	0	0.00
2026-09-09	118776779	Поиск Свадебные банкеты	5552984272	организация свадьбы в москве	16902921581	15	0	0.00	0.00	--	0	0.00
2026-09-09	118776779	Поиск Свадебные банкеты	5552984272	организация свадьбы в москве	16902921582	6	0	0.00	0.00	--	0	0.00
2026-09-09	118776779	Поиск Свадебные банкеты	5552984272	организация свадьбы в москве	16902921583	2	0	0.00	0.00	--	0	0.00
2026-09-09	118776779	Поиск Свадебные банкеты	5552984272	организация свадьбы в москве	16902921584	6	0	0.00	0.00	--	0	0.00
2026-09-09	118776779	Поиск Свадебные банкеты	5552984275	организация свадьбы под ключ в москве	16902921595	1	0	0.00	0.00	--	0	0.00
2026-09-09	118776779	Поиск Свадебные банкеты	5552984275	организация свадьбы под ключ в москве	16902921596	1	0	0.00	0.00	--	0	0.00
2026-09-09	118776779	Поиск Свадебные банкеты	5552984276	организовать свадьбу в москве	16902921597	4	0	0.00	0.00	--	0	0.00
2026-09-09	118776779	Поиск Свадебные банкеты	5552984276	организовать свадьбу в москве	16902921599	1	0	0.00	0.00	--	0	0.00
2026-09-09	118776779	Поиск Свадебные банкеты	5552984281	площадки для свадьбы	16902921617	2	0	0.00	0.00	--	0	0.00
2026-09-09	118776779	Поиск Свадебные банкеты	5552984281	площадки для свадьбы	16902921618	6	1	16.67	264.28	264.28	1	0.00
2026-09-09	118776779	Поиск Свадебные банкеты	5552984281	площадки для свадьбы	16902921619	4	0	0.00	0.00	--	0	0.00
2026-09-09	118776779	Поиск Свадебные банкеты	5552984281	площадки для свадьбы	16902921620	2	0	0.00	0.00	--	0	0.00
2026-09-09	118776779	Поиск Свадебные банкеты	5552984282	площадки для свадьбы в москве	16902921621	1	0	0.00	0.00	--	0	0.00
2026-09-09	118776779	Поиск Свадебные банкеты	5552984282	площадки для свадьбы в москве	16902921623	2	1	50.00	242.47	242.47	1	0.00
2026-09-09	118776779	Поиск Свадебные банкеты	5552984282	площадки для свадьбы в москве	16902921624	2	0	0.00	0.00	--	0	0.00
2026-09-09	118776779	Поиск Свадебные банкеты	5552984285	проведение свадеб в москве	16902921633	1	0	0.00	0.00	--	0	0.00
2026-09-09	118776779	Поиск Свадебные банкеты	5552984285	проведение свадеб в москве	16902921634	5	0	0.00	0.00	--	0	0.00
2026-09-09	118776779	Поиск Свадебные банкеты	5552984286	проведение свадьбы	16902921637	7	0	0.00	0.00	--	0	0.00
2026-09-09	118776779	Поиск Свадебные банкеты	5552984286	проведение свадьбы	16902921638	8	1	12.50	349.04	349.04	1	0.00
2026-09-09	118776779	Поиск Свадебные банкеты	5552984286	проведение свадьбы	16902921640	6	1	16.67	704.27	704.27	1	0.00
2026-09-09	118776779	Поиск Свадебные банкеты	5552984287	провести свадьбу в москве	16902921641	3	0	0.00	0.00	--	0	0.00
2026-09-09	118776779	Поиск Свадебные банкеты	5552984287	провести свадьбу в москве	16902921642	4	1	25.00	204.63	204.63	1	0.00
2026-09-09	118776779	Поиск Свадебные банкеты	5552984287	провести свадьбу в москве	16902921643	1	0	0.00	0.00	--	0	0.00
2026-09-09	118776779	Поиск Свадебные банкеты	5552984289	ресторан в москве для проведения свадьбы	16902921649	1	0	0.00	0.00	--	0	0.00
2026-09-09	118776779	Поиск Свадебные банкеты	5552984289	ресторан в москве для проведения свадьбы	16902921650	1	0	0.00	0.00	--	0	0.00
2026-09-09	118776779	Поиск Свадебные банкеты	5552984289	ресторан в москве для проведения свадьбы	16902921651	1	0	0.00	0.00	--	0	0.00
2026-09-09	118776779	Поиск Свадебные банкеты	5552984289	ресторан в москве для проведения свадьбы	16902921652	1	0	0.00	0.00	--	0	0.00
2026-09-09	118776779	Поиск Свадебные банкеты	5552984292	ресторан для свадьбы	16902921661	2	0	0.00	0.00	--	0	0.00
2026-09-09	118776779	Поиск Свадебные банкеты	5552984292	ресторан для свадьбы	16902921662	2	0	0.00	0.00	--	0	0.00
2026-09-09	118776779	Поиск Свадебные банкеты	5552984292	ресторан для свадьбы	16902921663	2	0	0.00	0.00	--	0	0.00
2026-09-09	118776779	Поиск Свадебные банкеты	5552984304	рестораны для проведения свадьбы	16902921710	3	0	0.00	0.00	--	0	0.00
2026-09-09	118776779	Поиск Свадебные банкеты	5552984305	рестораны для свадьбы в москве	16902921715	2	1	50.00	263.79	263.79	0	0.00
2026-09-09	118776779	Поиск Свадебные банкеты	5552984312	свадебные залы москвы	16902921741	2	0	0.00	0.00	--	0	0.00
2026-09-09	118776779	Поиск Свадебные банкеты	5552984312	свадебные залы москвы	16902921743	1	0	0.00	0.00	--	0	0.00
2026-09-09	118776779	Поиск Свадебные банкеты	5552984313	свадебные рестораны в москве	16902921745	4	1	25.00	275.38	275.38	1	0.00
2026-09-09	118776779	Поиск Свадебные банкеты	5552984317	свадебный зал	16902921762	1	0	0.00	0.00	--	0	0.00
2026-09-09	118776779	Поиск Свадебные банкеты	5552984318	свадебный ресторан	16902921766	1	0	0.00	0.00	--	0	0.00
2026-09-09	118776779	Поиск Свадебные банкеты	5552984319	свадьба в москве где	16902921769	1	0	0.00	0.00	--	0	0.00
2026-09-09	118776779	Поиск Свадебные банкеты	5552984319	свадьба в москве где	16902921771	4	0	0.00	0.00	--	0	0.00
2026-09-09	118776779	Поиск Свадебные банкеты	5552984325	свадьба цена	16902921793	4	0	0.00	0.00	--	0	0.00
2026-09-09	118776779	Поиск Свадебные банкеты	5552984325	свадьба цена	16902921794	1	0	0.00	0.00	--	0	0.00
2026-09-09	118776779	Поиск Свадебные банкеты	5552984325	свадьба цена	16902921795	3	0	0.00	0.00	--	0	0.00
2026-09-09	118776779	Поиск Свадебные банкеты	5552984327	сколько стоит свадьба в москве	16902921801	1	0	0.00	0.00	--	0	0.00
2026-09-09	118776779	Поиск Свадебные банкеты	5552984327	сколько стоит свадьба в москве	16902921803	1	0	0.00	0.00	--	0	0.00
2026-09-09	118776779	Поиск Свадебные банкеты	5552984328	снять зал для свадьбы	16902921807	1	0	0.00	0.00	--	0	0.00
2026-09-09	118776779	Поиск Свадебные банкеты	5552984332	сыграть свадьбу в москве	16902921821	1	1	100.00	334.33	334.33	1	0.00
2026-09-09	118776779	Поиск Свадебные банкеты	5552984332	сыграть свадьбу в москве	16902921823	5	1	20.00	371.73	371.73	2	0.00
2026-09-09	118776779	Поиск Свадебные банкеты	5552984333	услуги проведения свадьбы	16902921826	2	0	0.00	0.00	--	0	0.00
2026-09-09	118776779	Поиск Свадебные банкеты	5552984334	уютный ресторан для свадьбы	16902921831	1	0	0.00	0.00	--	0	0.00
2026-09-09	118776779	Поиск Свадебные банкеты	5552984341	свадьба в ресторане	16902921857	1	0	0.00	0.00	--	0	0.00
2026-09-09	118776779	Поиск Свадебные банкеты	5552984342	отметить свадьбу в ресторане	16902921862	1	0	0.00	0.00	--	0	0.00
2026-09-09	118776779	Поиск Свадебные банкеты	5552984346	место для свадебной церемонии	16902921878	1	0	0.00	0.00	--	0	0.00
2026-09-09	118776779	Поиск Свадебные банкеты	5552984351	ресторан для свадьбы в москве	16902921897	2	0	0.00	0.00	--	0	0.00
2026-09-09	118776779	Поиск Свадебные банкеты	5552984351	ресторан для свадьбы в москве	16902921898	1	0	0.00	0.00	--	0	0.00
2026-09-09	118776779	Поиск Свадебные банкеты	5552984351	ресторан для свадьбы в москве	16902921899	2	0	0.00	0.00	--	0	0.00
2026-09-09	118776779	Поиск Свадебные банкеты	5552984351	ресторан для свадьбы в москве	16902921900	1	1	100.00	137.23	137.23	1	0.00
2026-09-09	118776785	Ремаркетинг	5552984378	Новая группа	16902928679	22	1	4.55	0.00	0.00	1	0.00
2026-09-09	118776779	Поиск Свадебные банкеты	5596541487	банкетный зал для свадьбы москва	17078756108	2	0	0.00	0.00	--	0	0.00
2026-09-09	118776779	Поиск Свадебные банкеты	5596541487	банкетный зал для свадьбы москва	17078756109	2	0	0.00	0.00	--	0	0.00
2026-09-09	700792063	Тест РСЯ банкет	5598457174	Банкеты	17085709723	119	1	0.84	0.25	0.25	0	0.00
2026-09-09	700792063	Тест РСЯ банкет	5598457174	Банкеты	17085709724	390	22	5.64	57.68	2.62	0	0.00
2026-09-09	700792063	Тест РСЯ банкет	5598457174	Банкеты	17085709725	35894	202	0.56	8505.96	42.11	23	0.00
2026-09-09	700792063	Тест РСЯ банкет	5598457174	Банкеты	17085709726	163	1	0.61	0.55	0.55	0	0.00
2026-09-09	700792063	Тест РСЯ банкет	5598457175	Баннеры	17085709727	152	0	0.00	0.00	--	0	0.00
2026-09-09	700792072	Тест РСЯ конференции	5598457237	зал семинар	17085710062	8	0	0.00	0.00	--	0	0.00
2026-09-09	700792072	Тест РСЯ конференции	5598457238	конференц зал	17085710064	13	0	0.00	0.00	--	0	0.00
2026-09-09	700792072	Тест РСЯ конференции	5598457238	конференц зал	17085710065	1	0	0.00	0.00	--	0	0.00
2026-09-09	700792072	Тест РСЯ конференции	5598457239	место для конференции	17085710067	1	0	0.00	0.00	--	0	0.00
2026-09-09	700792072	Тест РСЯ конференции	5598457241	организовать конференцию	17085710070	1	1	100.00	0.00	0.00	0	0.00
2026-09-09	700792082	Тест РСЯ Корпоративы	5598457300	провести корпоратив	17085710298	15	0	0.00	0.00	--	0	0.00
2026-09-09	700792082	Тест РСЯ Корпоративы	5598457301	корпоративные мероприятия	17085710301	71	0	0.00	0.00	--	0	0.00
2026-09-09	700792082	Тест РСЯ Корпоративы	5598457302	организация корпоратива	17085710304	1215	9	0.74	105.23	11.69	0	0.00
2026-09-09	700792082	Тест РСЯ Корпоративы	5598457303	корпоративный праздник	17085710305	11	0	0.00	0.00	--	0	0.00
2026-09-09	700792082	Тест РСЯ Корпоративы	5598457303	корпоративный праздник	17085710306	455	1	0.22	71.03	71.03	0	0.00
2026-09-09	700792082	Тест РСЯ Корпоративы	5598457303	корпоративный праздник	17085710307	13	0	0.00	0.00	--	0	0.00
2026-09-09	700792082	Тест РСЯ Корпоративы	5598457304	проведение корпоратива	17085710308	12	0	0.00	0.00	--	0	0.00
2026-09-09	700792082	Тест РСЯ Корпоративы	5598457304	проведение корпоратива	17085710309	37	1	2.70	12.65	12.65	0	0.00
2026-09-09	700792082	Тест РСЯ Корпоративы	5598457305	ресторан для корпоратива	17085710311	42	0	0.00	0.00	--	0	0.00
2026-09-09	700792082	Тест РСЯ Корпоративы	5598457307	отметить корпоратив	17085710317	1	0	0.00	0.00	--	0	0.00
2026-09-09	700792082	Тест РСЯ Корпоративы	5598457307	отметить корпоратив	17085710318	40	0	0.00	0.00	--	0	0.00
2026-09-09	700792082	Тест РСЯ Корпоративы	5598457308	корпоратив в центре	17085710321	1485	3	0.20	37.82	12.61	0	0.00
2026-09-09	700792082	Тест РСЯ Корпоративы	5598457310	корпоратив на 50 челоек	17085710326	257	1	0.39	6.56	6.56	0	0.00
2026-09-09	700792082	Тест РСЯ Корпоративы	5598457310	корпоратив на 50 челоек	17085710327	7786	55	0.71	408.26	7.42	0	0.00
2026-09-09	700792082	Тест РСЯ Корпоративы	5598457310	корпоратив на 50 челоек	17085710328	326	0	0.00	0.00	--	0	0.00
2026-09-09	700792082	Тест РСЯ Корпоративы	5598457311	корпоратив на 100 челоек	17085710329	49	0	0.00	0.00	--	0	0.00
2026-09-09	700792082	Тест РСЯ Корпоративы	5598457311	корпоратив на 100 челоек	17085710330	136	1	0.74	11.89	11.89	0	0.00
2026-09-09	700792082	Тест РСЯ Корпоративы	5598457311	корпоратив на 100 челоек	17085710331	941	2	0.21	54.75	27.37	0	0.00
2026-09-09	700792082	Тест РСЯ Корпоративы	5598457312	корпоратив на 150 челоек	17085710332	102	0	0.00	0.00	--	0	0.00
2026-09-09	700792082	Тест РСЯ Корпоративы	5598457312	корпоратив на 150 челоек	17085710333	1664	14	0.84	107.32	7.67	0	0.00
2026-09-09	700792082	Тест РСЯ Корпоративы	5598457312	корпоратив на 150 челоек	17085710334	238	0	0.00	0.00	--	0	0.00
2026-09-09	700792082	Тест РСЯ Корпоративы	5598457313	корпоратив на 200 челоек	17085710335	13367	353	2.64	2103.22	5.96	0	0.00
2026-09-09	700792082	Тест РСЯ Корпоративы	5598457313	корпоратив на 200 челоек	17085710336	465	6	1.29	23.17	3.86	0	0.00
2026-09-09	700792082	Тест РСЯ Корпоративы	5598457313	корпоратив на 200 челоек	17085710337	19	0	0.00	0.00	--	0	0.00
2026-09-09	700792082	Тест РСЯ Корпоративы	5598457314	корпоратив на 250 челоек	17085710338	31	0	0.00	0.00	--	0	0.00
2026-09-09	700792082	Тест РСЯ Корпоративы	5598457314	корпоратив на 250 челоек	17085710339	196	0	0.00	0.00	--	0	0.00
2026-09-09	700792082	Тест РСЯ Корпоративы	5598457315	корпоратив на чистых прудах	17085710341	11	0	0.00	0.00	--	0	0.00
2026-09-09	700792082	Тест РСЯ Корпоративы	5598457315	корпоратив на чистых прудах	17085710342	38	0	0.00	0.00	--	0	0.00
2026-09-09	700792082	Тест РСЯ Корпоративы	5598457316	корпоратив на красных воротах	17085710344	5	1	20.00	27.10	27.10	0	0.00
2026-09-09	700792082	Тест РСЯ Корпоративы	5598457316	корпоратив на красных воротах	17085710345	218	3	1.38	33.20	11.07	0	0.00
2026-09-09	700792082	Тест РСЯ Корпоративы	5598457316	корпоратив на красных воротах	17085710346	10	0	0.00	0.00	--	0	0.00
2026-09-09	700792082	Тест РСЯ Корпоративы	5598457317	корпоративы с караоке	17085710347	67	0	0.00	0.00	--	0	0.00
2026-09-09	700792082	Тест РСЯ Корпоративы	5598457317	корпоративы с караоке	17085710348	47	0	0.00	0.00	--	0	0.00
2026-09-09	700792082	Тест РСЯ Корпоративы	5598457317	корпоративы с караоке	17085710349	12	0	0.00	0.00	--	0	0.00
2026-09-09	700792082	Тест РСЯ Корпоративы	5598457318	Баннеры	17085710350	68	12	17.65	68.58	5.72	0	0.00
2026-09-09	700792082	Тест РСЯ Корпоративы	5598457318	Баннеры	17085710352	26	5	19.23	12.79	2.56	0	0.00
2026-09-09	700792082	Тест РСЯ Корпоративы	5598457321	корпоратив 30	17085710360	715	0	0.00	0.00	--	0	0.00
2026-09-09	700792082	Тест РСЯ Корпоративы	5598457321	корпоратив 30	17085710361	179	0	0.00	0.00	--	0	0.00
2026-09-09	700792082	Тест РСЯ Корпоративы	5598457321	корпоратив 30	17085710362	1186	6	0.51	77.54	12.92	0	0.00
2026-09-09	700792082	Тест РСЯ Корпоративы	5598457322	корпоратив 40	17085710363	509	6	1.18	60.42	10.07	0	0.00
2026-09-09	700792082	Тест РСЯ Корпоративы	5598457322	корпоратив 40	17085710364	104	13	12.50	69.01	5.31	0	0.00
2026-09-09	700792082	Тест РСЯ Корпоративы	5598457322	корпоратив 40	17085710365	72	1	1.39	9.75	9.75	0	0.00
2026-09-09	700792084	Тест РСЯ Свадебные банкеты	5598457353	свадьба в москве	17085710533	5998	82	1.37	1103.78	13.46	64	0.00
2026-09-09	700792084	Тест РСЯ Свадебные банкеты	5598457353	свадьба в москве	17085710534	10558	62	0.59	748.30	12.07	55	0.00
2026-09-09	700792084	Тест РСЯ Свадебные банкеты	5598457353	свадьба в москве	17085710535	92	0	0.00	0.00	--	0	0.00
2026-09-09	700792084	Тест РСЯ Свадебные банкеты	5598457353	свадьба в москве	17085710536	78	0	0.00	0.00	--	0	0.00
2026-09-09	700792084	Тест РСЯ Свадебные банкеты	5598457354	свадебный ресторан	17085710537	4	0	0.00	0.00	--	1	0.00
2026-09-09	700792084	Тест РСЯ Свадебные банкеты	5598457354	свадебный ресторан	17085710538	140	11	7.86	141.42	12.86	6	0.00
2026-09-09	700792084	Тест РСЯ Свадебные банкеты	5598457354	свадебный ресторан	17085710539	28	0	0.00	0.00	--	0	0.00
2026-09-09	700792084	Тест РСЯ Свадебные банкеты	5598457354	свадебный ресторан	17085710540	20	0	0.00	0.00	--	0	0.00
2026-09-09	700792084	Тест РСЯ Свадебные банкеты	5598457355	площадка для свадьбы	17085710541	14	5	35.71	5.20	1.04	3	0.00
2026-09-09	700792084	Тест РСЯ Свадебные банкеты	5598457355	площадка для свадьбы	17085710542	7	0	0.00	0.00	--	0	0.00
2026-09-09	700792084	Тест РСЯ Свадебные банкеты	5598457355	площадка для свадьбы	17085710543	7	0	0.00	0.00	--	0	0.00
2026-09-09	700792084	Тест РСЯ Свадебные банкеты	5598457355	площадка для свадьбы	17085710544	10	1	10.00	0.27	0.27	1	0.00
2026-09-09	700792084	Тест РСЯ Свадебные банкеты	5598457356	веранда для свадьбы	17085710545	1	0	0.00	0.00	--	0	0.00
2026-09-09	700792084	Тест РСЯ Свадебные банкеты	5598457356	веранда для свадьбы	17085710546	956	0	0.00	0.00	--	1	0.00
2026-09-09	700792084	Тест РСЯ Свадебные банкеты	5598457356	веранда для свадьбы	17085710547	14	0	0.00	0.00	--	0	0.00
2026-09-09	700792084	Тест РСЯ Свадебные банкеты	5598457356	веранда для свадьбы	17085710548	30	0	0.00	0.00	--	0	0.00
2026-09-09	700792084	Тест РСЯ Свадебные банкеты	5598457357	свадебный зал	17085710549	25	1	4.00	0.33	0.33	1	0.00
2026-09-09	700792084	Тест РСЯ Свадебные банкеты	5598457357	свадебный зал	17085710550	110	2	1.82	1.67	0.84	2	0.00
2026-09-09	700792084	Тест РСЯ Свадебные банкеты	5598457357	свадебный зал	17085710551	47	0	0.00	0.00	--	0	0.00
2026-09-09	700792084	Тест РСЯ Свадебные банкеты	5598457357	свадебный зал	17085710552	68	9	13.24	5.74	0.64	8	0.00
2026-09-09	700792084	Тест РСЯ Свадебные банкеты	5598457358	свадьба под ключ	17085710553	35	5	14.29	2.04	0.41	5	0.00
2026-09-09	700792084	Тест РСЯ Свадебные банкеты	5598457358	свадьба под ключ	17085710554	39	0	0.00	0.00	--	0	0.00
2026-09-09	700792084	Тест РСЯ Свадебные банкеты	5598457358	свадьба под ключ	17085710555	61	0	0.00	0.00	--	0	0.00
2026-09-09	700792084	Тест РСЯ Свадебные банкеты	5598457358	свадьба под ключ	17085710556	44	2	4.55	11.92	5.96	2	0.00
2026-09-09	700792084	Тест РСЯ Свадебные банкеты	5598457359	банкет для свадьбы	17085710557	8	1	12.50	0.67	0.67	1	0.00
2026-09-09	700792084	Тест РСЯ Свадебные банкеты	5598457359	банкет для свадьбы	17085710558	99	0	0.00	0.00	--	0	0.00
2026-09-09	700792084	Тест РСЯ Свадебные банкеты	5598457359	банкет для свадьбы	17085710559	15	0	0.00	0.00	--	0	0.00
2026-09-09	700792084	Тест РСЯ Свадебные банкеты	5598457359	банкет для свадьбы	17085710560	74	0	0.00	0.00	--	0	0.00
2026-09-09	700792084	Тест РСЯ Свадебные банкеты	5598457360	ресторан для свадьбы	17085710561	5	1	20.00	1.44	1.44	1	0.00
2026-09-09	700792084	Тест РСЯ Свадебные банкеты	5598457360	ресторан для свадьбы	17085710562	12	1	8.33	0.37	0.37	0	0.00
2026-09-09	700792084	Тест РСЯ Свадебные банкеты	5598457360	ресторан для свадьбы	17085710563	23	0	0.00	0.00	--	1	0.00
2026-09-09	700792084	Тест РСЯ Свадебные банкеты	5598457360	ресторан для свадьбы	17085710564	3624	97	2.68	485.24	5.00	86	0.00
2026-09-09	700792084	Тест РСЯ Свадебные банкеты	5598457361	зал для свадьбы	17085710565	10	0	0.00	0.00	--	0	0.00
2026-09-09	700792084	Тест РСЯ Свадебные банкеты	5598457361	зал для свадьбы	17085710566	31	0	0.00	0.00	--	0	0.00
2026-09-09	700792084	Тест РСЯ Свадебные банкеты	5598457361	зал для свадьбы	17085710567	116	8	6.90	4.99	0.62	6	0.00
2026-09-09	700792084	Тест РСЯ Свадебные банкеты	5598457361	зал для свадьбы	17085710568	25	1	4.00	0.57	0.57	0	0.00
2026-09-09	700792084	Тест РСЯ Свадебные банкеты	5598457362	Ремаркетинг на просмотры страницы свадьбы	17085710569	137	3	2.19	34.63	11.54	2	0.00
2026-09-09	702195391	Тест РСЯ банкет (Похожие сайты)	5622970380	Банкеты	17201006655	1	0	0.00	0.00	--	0	0.00
2026-09-09	702195391	Тест РСЯ банкет (Похожие сайты)	5622970380	Банкеты	17201006656	23	3	13.04	6.95	2.32	0	0.00
2026-09-09	702195391	Тест РСЯ банкет (Похожие сайты)	5622970380	Банкеты	17201006657	397	8	2.02	163.40	20.42	0	0.00
2026-09-09	702195391	Тест РСЯ банкет (Похожие сайты)	5622970380	Банкеты	17201006658	45	13	28.89	76.77	5.91	1	0.00
2026-09-09	702195391	Тест РСЯ банкет (Похожие сайты)	5622970381	Баннеры	17201006659	100	4	4.00	38.35	9.59	0	0.00
2026-09-09	700792082	Тест РСЯ Корпоративы	5628294387	новогодний корпоратив	17235485071	394	1	0.25	50.49	50.49	0	0.00
2026-09-09	700792082	Тест РСЯ Корпоративы	5628294388	корпоративный новый год	17235485072	93	1	1.08	63.20	63.20	0	0.00
2026-09-09	700792082	Тест РСЯ Корпоративы	5628294389	корпоратив на новый год	17235485073	4	0	0.00	0.00	--	0	0.00
2026-09-09	708328266	РСЯ банкетное меню	5734561489	Банкеты	17663635579	19706	168	0.85	2176.92	12.96	5	0.00
2026-09-09	709907560	Поиск Банкеты( конверсии)	5750739662	помещение для банкета	17718636696	3	0	0.00	0.00	--	0	0.00
2026-09-09	709907560	Поиск Банкеты( конверсии)	5750739662	помещение для банкета	17718636698	1	0	0.00	0.00	--	0	0.00
2026-09-09	709907560	Поиск Банкеты( конверсии)	5750739663	проведение банкетов	17718636702	2	0	0.00	0.00	--	0	0.00
2026-09-09	709907560	Поиск Банкеты( конверсии)	5750739663	проведение банкетов	17718636703	1	0	0.00	0.00	--	0	0.00
2026-09-09	709907560	Поиск Банкеты( конверсии)	5750739665	ресторан для банкета	17718636708	7	0	0.00	0.00	--	0	0.00
2026-09-09	709907560	Поиск Банкеты( конверсии)	5750739668	банкеты корпоративы	17718636722	3	1	33.33	708.02	708.02	0	0.00
2026-09-09	709907560	Поиск Банкеты( конверсии)	5750739669	банкеты под ключ	17718636727	1	0	0.00	0.00	--	0	0.00
2026-09-09	709907560	Поиск Банкеты( конверсии)	5750739674	банкет на день рождения	17718636747	12	1	8.33	639.25	639.25	0	0.00
2026-09-09	709907560	Поиск Банкеты( конверсии)	5750739676	банкет с полным обслуживанием	17718636756	3	0	0.00	0.00	--	0	0.00
2026-09-09	709907560	Поиск Банкеты( конверсии)	5750739678	мероприятия банкеты	17718636764	8	1	12.50	713.66	713.66	0	0.00
2026-09-09	709907560	Поиск Банкеты( конверсии)	5750739679	место под банкет	17718636769	2	0	0.00	0.00	--	0	0.00
2026-09-09	709907560	Поиск Банкеты( конверсии)	5750739683	банкетная площадка	17718636786	3	0	0.00	0.00	--	0	0.00
2026-09-09	709907560	Поиск Банкеты( конверсии)	5750739685	банкетные залы	17718636792	6	0	0.00	0.00	--	0	0.00
2026-09-09	709907560	Поиск Банкеты( конверсии)	5750739685	банкетные залы	17718636793	4	0	0.00	0.00	--	0	0.00
2026-09-09	709907560	Поиск Банкеты( конверсии)	5750739685	банкетные залы	17718636794	5	1	20.00	1809.53	1809.53	0	0.00
2026-09-09	709907560	Поиск Банкеты( конверсии)	5750739685	банкетные залы	17718636795	32	1	3.12	281.27	281.27	0	0.00
2026-09-09	709907560	Поиск Банкеты( конверсии)	5750739686	Отметить день рождения в ресторане	17718636796	1	0	0.00	0.00	--	0	0.00
2026-09-09	709907560	Поиск Банкеты( конверсии)	5750739686	Отметить день рождения в ресторане	17718636797	3	0	0.00	0.00	--	0	0.00
2026-09-09	709907560	Поиск Банкеты( конверсии)	5750739686	Отметить день рождения в ресторане	17718636799	9	0	0.00	0.00	--	0	0.00
2026-09-09	709907560	Поиск Банкеты( конверсии)	5750739687	день рождения в ресторане	17718636804	2	0	0.00	0.00	--	0	0.00
2026-09-09	709907560	Поиск Банкеты( конверсии)	5750739687	день рождения в ресторане	17718636805	2	0	0.00	0.00	--	0	0.00
2026-09-09	709907560	Поиск Банкеты( конверсии)	5750739687	день рождения в ресторане	17718636807	1	0	0.00	0.00	--	0	0.00
2026-09-09	709907560	Поиск Банкеты( конверсии)	5750739687	день рождения в ресторане	17718636809	6	1	16.67	185.96	185.96	0	0.00
2026-09-09	709907560	Поиск Банкеты( конверсии)	5750739690	банкетный зал 80	17718636820	1	0	0.00	0.00	--	0	0.00
2026-09-09	709907560	Поиск Банкеты( конверсии)	5750739692	банкетный зал 100	17718636828	2	0	0.00	0.00	--	0	0.00
2026-09-09	709907560	Поиск Банкеты( конверсии)	5750739692	банкетный зал 100	17718636830	1	0	0.00	0.00	--	0	0.00
2026-09-09	709907560	Поиск Банкеты( конверсии)	5750739694	банкетный зал 120	17718636839	4	0	0.00	0.00	--	0	0.00
2026-09-09	709907560	Поиск Банкеты( конверсии)	5750739697	банкетный зал 150	17718636850	2	0	0.00	0.00	--	0	0.00
2026-09-09	709907560	Поиск Банкеты( конверсии)	5750739701	банкетный зал 190	17718636866	1	0	0.00	0.00	--	0	0.00
2026-09-09	118776773	Поиск Корпоративы	5552984053	корпоратив на новый год	17770196286	3	0	0.00	0.00	--	0	0.00
2026-09-09	118776773	Поиск Корпоративы	5552984129	новогодний корпоратив	17770196377	2	0	0.00	0.00	--	0	0.00
2026-09-09	118776773	Поиск Корпоративы	5552984129	новогодний корпоратив	17770196378	1	0	0.00	0.00	--	0	0.00
2026-09-09	118776773	Поиск Корпоративы	5552984130	новогодний корпоратив 2027	17770196379	2	0	0.00	0.00	--	0	0.00
2026-09-09	118776773	Поиск Корпоративы	5552984131	новогодний корпоратив в москве	17770196381	2	0	0.00	0.00	--	0	0.00
2026-09-09	118776773	Поиск Корпоративы	5552984131	новогодний корпоратив в москве	17770196382	4	0	0.00	0.00	--	0	0.00
2026-09-09	118776773	Поиск Корпоративы	5552984189	ресторан для новогоднего корпоратива	17770196409	1	0	0.00	0.00	--	0	0.00
2026-09-09	118776773	Поиск Корпоративы	5552984189	ресторан для новогоднего корпоратива	17770196410	2	1	50.00	670.98	670.98	0	0.00
2026-09-09	700792082	Тест РСЯ Корпоративы	5628294387	новогодний корпоратив	17770196555	198	1	0.51	45.97	45.97	0	0.00
2026-09-09	700792082	Тест РСЯ Корпоративы	5628294387	новогодний корпоратив	17770196556	198	1	0.51	36.35	36.35	0	0.00
2026-09-09	700792082	Тест РСЯ Корпоративы	5628294388	корпоративный новый год	17770196557	126	0	0.00	0.00	--	0	0.00
2026-09-09	700792082	Тест РСЯ Корпоративы	5628294388	корпоративный новый год	17770196558	75	0	0.00	0.00	--	0	0.00
2026-09-09	700792082	Тест РСЯ Корпоративы	5628294389	корпоратив на новый год	17770196559	2	0	0.00	0.00	--	0	0.00
2026-09-09	700792082	Тест РСЯ Корпоративы	5628294389	корпоратив на новый год	17770196560	5	0	0.00	0.00	--	0	0.00
2026-09-09	118776773	Поиск Корпоративы	5769956561	новогодний корпоратив 2027 москва	17776105636	1	0	0.00	0.00	--	0	0.00
2026-09-09	118776773	Поиск Корпоративы	5770058766	площадка для новогоднего корпоратива	17776485002	2	0	0.00	0.00	--	0	0.00
2026-09-09	118776773	Поиск Корпоративы	5770058767	площадка для корпоратива	17776485005	4	2	50.00	1003.04	501.52	0	0.00
2026-09-09	118776773	Поиск Корпоративы	5770058767	площадка для корпоратива	17776485006	1	0	0.00	0.00	--	0	0.00
2026-09-09	709907560	Поиск Банкеты( конверсии)	5770058773	новогодний банкетный зал	17776485014	1	0	0.00	0.00	--	0	0.00
2026-09-09	712849433	Поиск Банкеты квиз( конверсии)	5773918653	помещение для банкета	1915822986185365494	1	1	100.00	121.13	121.13	1	0.00
2026-09-09	712849433	Поиск Банкеты квиз( конверсии)	5773918655	провести банкет	1915822986185365496	1	0	0.00	0.00	--	0	0.00
2026-09-09	712849433	Поиск Банкеты квиз( конверсии)	5773918656	ресторан для банкета	1915822986185365497	14	0	0.00	0.00	--	0	0.00
2026-09-09	712849433	Поиск Банкеты квиз( конверсии)	5773918658	банкеты караоке	1915822986185365499	4	0	0.00	0.00	--	0	0.00
2026-09-09	712849433	Поиск Банкеты квиз( конверсии)	5773918659	банкеты корпоративы	1915822986185365500	5	1	20.00	391.67	391.67	1	0.00
2026-09-09	712849433	Поиск Банкеты квиз( конверсии)	5773918660	банкеты под ключ	1915822986185365501	1	0	0.00	0.00	--	0	0.00
2026-09-09	712849433	Поиск Банкеты квиз( конверсии)	5773918665	банкет на день рождения	1915822986185365506	17	0	0.00	0.00	--	0	0.00
2026-09-09	712849433	Поиск Банкеты квиз( конверсии)	5773918667	банкет с полным обслуживанием	1915822986185365508	1	0	0.00	0.00	--	0	0.00
2026-09-09	712849433	Поиск Банкеты квиз( конверсии)	5773918668	банкет фуршет	1915822986185365509	1	0	0.00	0.00	--	0	0.00
2026-09-09	712849433	Поиск Банкеты квиз( конверсии)	5773918669	мероприятия банкеты	1915822986185365510	1	1	100.00	330.87	330.87	1	0.00
2026-09-09	712849433	Поиск Банкеты квиз( конверсии)	5773918673	банкетная площадка	1915822986185365514	4	0	0.00	0.00	--	0	0.00
2026-09-09	712849433	Поиск Банкеты квиз( конверсии)	5773918674	ресторан для юбилея	1915822986185365515	2	0	0.00	0.00	--	0	0.00
2026-09-09	712849433	Поиск Банкеты квиз( конверсии)	5773918675	банкетные залы	1915822986185365516	35	1	2.86	128.66	128.66	1	0.00
2026-09-09	712849433	Поиск Банкеты квиз( конверсии)	5773918676	Отметить день рождения в ресторане	1915822986185365517	18	2	11.11	228.58	114.29	2	0.00
2026-09-09	712849433	Поиск Банкеты квиз( конверсии)	5773918677	день рождения в ресторане	1915822986185365518	9	1	11.11	78.97	78.97	1	0.00
2026-09-09	712849433	Поиск Банкеты квиз( конверсии)	5773918679	банкетный зал 70	1915822986185365520	2	0	0.00	0.00	--	0	0.00
2026-09-09	712849433	Поиск Банкеты квиз( конверсии)	5773918680	банкетный зал 80	1915822986185365521	1	0	0.00	0.00	--	0	0.00
2026-09-09	712849433	Поиск Банкеты квиз( конверсии)	5773918682	банкетный зал 100	1915822986185365523	4	0	0.00	0.00	--	0	0.00
2026-09-09	712849433	Поиск Банкеты квиз( конверсии)	5773918684	банкетный зал 120	1915822986185365525	2	0	0.00	0.00	--	0	0.00
2026-09-09	712849433	Поиск Банкеты квиз( конверсии)	5773918685	банкетный зал 130	1915822986185365526	2	0	0.00	0.00	--	0	0.00
2026-09-09	712849433	Поиск Банкеты квиз( конверсии)	5773918687	банкетный зал 150	1915822986185365528	2	0	0.00	0.00	--	0	0.00
2026-09-09	712849433	Поиск Банкеты квиз( конверсии)	5773918688	банкетный зал 160	1915822986185365529	1	1	100.00	126.96	126.96	0	0.00
2026-09-09	712849433	Поиск Банкеты квиз( конверсии)	5773918691	банкетный зал 190	1915822986185365532	1	0	0.00	0.00	--	0	0.00
2026-09-09	712849433	Поиск Банкеты квиз( конверсии)	5773918692	банкетный зал 200	1915822986185365533	3	1	33.33	85.92	85.92	1	0.00
2026-09-10	118776764	Поиск Конференция	5552983940	конференц зал	16902905743	1	0	0.00	0.00	--	0	0.00
2026-09-10	118776764	Поиск Конференция	5552983941	конференц зал аренда	16902905744	1	0	0.00	0.00	--	0	0.00
2026-09-10	118776773	Поиск Корпоративы	5552984025	развлекательные корпоративные мероприятия	16902913680	4	1	25.00	208.86	208.86	0	0.00
2026-09-10	118776773	Поиск Корпоративы	5552984034	где интересно провести корпоратив	16902913704	2	1	50.00	560.39	560.39	0	0.00
2026-09-10	118776773	Поиск Корпоративы	5552984041	цена корпоративного мероприятия	16902913723	1	1	100.00	494.90	494.90	1	0.00
2026-09-10	118776773	Поиск Корпоративы	5552984072	залы проведения корпоративов	16902913772	1	1	100.00	93.81	93.81	0	0.00
2026-09-10	118776773	Поиск Корпоративы	5552984084	компании организации корпоратива	16902913790	2	0	0.00	0.00	--	0	0.00
2026-09-10	118776773	Поиск Корпоративы	5552984098	корпоративные мероприятия москва	16902913815	8	0	0.00	0.00	--	0	0.00
2026-09-10	118776773	Поиск Корпоративы	5552984098	корпоративные мероприятия москва	16902913816	8	0	0.00	0.00	--	0	0.00
2026-09-10	118776773	Поиск Корпоративы	5552984098	корпоративные мероприятия москва	16902913817	13	0	0.00	0.00	--	0	0.00
2026-09-10	118776773	Поиск Корпоративы	5552984145	организация корпоративных мероприятий	16902913888	1	0	0.00	0.00	--	0	0.00
2026-09-10	118776773	Поиск Корпоративы	5552984145	организация корпоративных мероприятий	16902913889	1	0	0.00	0.00	--	0	0.00
2026-09-10	118776773	Поиск Корпоративы	5552984150	организация корпоративов	16902913904	1	0	0.00	0.00	--	0	0.00
2026-09-10	118776773	Поиск Корпоративы	5552984154	организация праздников и корпоративов	16902913912	1	0	0.00	0.00	--	0	0.00
2026-09-10	118776773	Поиск Корпоративы	5552984162	площадки для корпоративных мероприятий в москве	16902913932	1	0	0.00	0.00	--	0	0.00
2026-09-10	118776773	Поиск Корпоративы	5552984168	праздничные корпоративные мероприятия	16902913944	1	0	0.00	0.00	--	0	0.00
2026-09-10	118776773	Поиск Корпоративы	5552984168	праздничные корпоративные мероприятия	16902913945	8	1	12.50	362.47	362.47	0	0.00
2026-09-10	118776773	Поиск Корпоративы	5552984169	предложения корпоративным мероприятиям	16902913947	2	0	0.00	0.00	--	0	0.00
2026-09-10	118776773	Поиск Корпоративы	5552984171	проведение корпоратива в москве	16902913949	1	0	0.00	0.00	--	0	0.00
2026-09-10	118776773	Поиск Корпоративы	5552984176	банкетный зал для корпоратива	16902913965	2	1	50.00	863.23	863.23	0	0.00
2026-09-10	118776773	Поиск Корпоративы	5552984178	отметить корпоратив	16902913971	4	0	0.00	0.00	--	0	0.00
2026-09-10	118776773	Поиск Корпоративы	5552984178	отметить корпоратив	16902913972	1	0	0.00	0.00	--	0	0.00
2026-09-10	118776773	Поиск Корпоративы	5552984186	корпоратив в ресторане	16902913985	1	1	100.00	433.10	433.10	1	0.00
2026-09-10	118776773	Поиск Корпоративы	5552984190	ресторан для корпоратива	16902913992	1	0	0.00	0.00	--	0	0.00
2026-09-10	118776773	Поиск Корпоративы	5552984190	ресторан для корпоратива	16902913993	3	1	33.33	629.78	629.78	1	0.00
2026-09-10	118776773	Поиск Корпоративы	5552984196	большой ресторан для корпоратива	16902914005	5	0	0.00	0.00	--	0	0.00
2026-09-10	118776773	Поиск Корпоративы	5552984200	Эвент холл для корпоратива	16902914016	3	1	33.33	1173.83	1173.83	0	0.00
2026-09-10	118776779	Поиск Свадебные банкеты	5552984223	заказать свадьбу	16902921384	1	0	0.00	0.00	--	0	0.00
2026-09-10	118776779	Поиск Свадебные банкеты	5552984224	где провести свадьбу в москве	16902921388	2	1	50.00	24.63	24.63	1	0.00
2026-09-10	118776779	Поиск Свадебные банкеты	5552984225	банкетный зал для свадьбы	16902921394	2	0	0.00	0.00	--	0	0.00
2026-09-10	118776779	Поиск Свадебные банкеты	5552984226	банкетный зал для проведения свадьбы	16902921398	1	0	0.00	0.00	--	0	0.00
2026-09-10	118776779	Поиск Свадебные банкеты	5552984229	залы для проведения свадьбы	16902921410	1	0	0.00	0.00	--	0	0.00
2026-09-10	118776779	Поиск Свадебные банкеты	5552984230	залы для свадебных банкетов	16902921413	1	0	0.00	0.00	--	0	0.00
2026-09-10	118776779	Поиск Свадебные банкеты	5552984232	зал для свадьбы в москве	16902921422	2	1	50.00	225.38	225.38	1	0.00
2026-09-10	118776779	Поиск Свадебные банкеты	5552984237	зал для свадьбы 50 человек	16902921443	1	0	0.00	0.00	--	0	0.00
2026-09-10	118776779	Поиск Свадебные банкеты	5552984240	веранды проведения свадьбы	16902921453	1	0	0.00	0.00	--	0	0.00
2026-09-10	118776779	Поиск Свадебные банкеты	5552984241	где провести свадьбу	16902921457	1	0	0.00	0.00	--	0	0.00
2026-09-10	118776779	Поиск Свадебные банкеты	5552984244	где отметить свадьбу	16902921468	1	1	100.00	339.00	339.00	0	0.00
2026-09-10	118776779	Поиск Свадебные банкеты	5552984245	банкетные залы для свадьбы в москве	16902921474	1	0	0.00	0.00	--	0	0.00
2026-09-10	118776779	Поиск Свадебные банкеты	5552984252	где отметить свадьбу в москве	16902921502	1	0	0.00	0.00	--	0	0.00
2026-09-10	118776779	Поиск Свадебные банкеты	5552984254	как отметить свадьбу	16902921510	4	0	0.00	0.00	--	0	0.00
2026-09-10	118776779	Поиск Свадебные банкеты	5552984255	как отметить свадьбу москве	16902921513	1	0	0.00	0.00	--	0	0.00
2026-09-10	118776779	Поиск Свадебные банкеты	5552984255	как отметить свадьбу москве	16902921514	1	0	0.00	0.00	--	0	0.00
2026-09-10	118776779	Поиск Свадебные банкеты	5552984255	как отметить свадьбу москве	16902921515	2	0	0.00	0.00	--	0	0.00
2026-09-10	118776779	Поиск Свадебные банкеты	5552984255	как отметить свадьбу москве	16902921516	1	0	0.00	0.00	--	0	0.00
2026-09-10	118776779	Поиск Свадебные банкеты	5552984257	красивая свадьба в москве	16902921521	5	0	0.00	0.00	--	0	0.00
2026-09-10	118776779	Поиск Свадебные банкеты	5552984257	красивая свадьба в москве	16902921522	3	0	0.00	0.00	--	0	0.00
2026-09-10	118776779	Поиск Свадебные банкеты	5552984257	красивая свадьба в москве	16902921523	1	0	0.00	0.00	--	0	0.00
2026-09-10	118776779	Поиск Свадебные банкеты	5552984259	красивые рестораны для свадьбы	16902921531	1	0	0.00	0.00	--	0	0.00
2026-09-10	118776779	Поиск Свадебные банкеты	5552984263	лучшие места для свадьбы	16902921547	1	0	0.00	0.00	--	0	0.00
2026-09-10	118776779	Поиск Свадебные банкеты	5552984267	места для проведения свадьбы	16902921562	1	0	0.00	0.00	--	0	0.00
2026-09-10	118776779	Поиск Свадебные банкеты	5552984268	места для проведения свадьбы в москве	16902921567	1	0	0.00	0.00	--	0	0.00
2026-09-10	118776779	Поиск Свадебные банкеты	5552984269	места для свадьбы в москве	16902921569	2	0	0.00	0.00	--	0	0.00
2026-09-10	118776779	Поиск Свадебные банкеты	5552984269	места для свадьбы в москве	16902921572	1	0	0.00	0.00	--	0	0.00
2026-09-10	118776779	Поиск Свадебные банкеты	5552984270	место для свадьбы	16902921573	1	0	0.00	0.00	--	0	0.00
2026-09-10	118776779	Поиск Свадебные банкеты	5552984270	место для свадьбы	16902921575	2	0	0.00	0.00	--	0	0.00
2026-09-10	118776779	Поиск Свадебные банкеты	5552984272	организация свадьбы в москве	16902921581	3	0	0.00	0.00	--	0	0.00
2026-09-10	118776779	Поиск Свадебные банкеты	5552984272	организация свадьбы в москве	16902921582	2	0	0.00	0.00	--	0	0.00
2026-09-10	118776779	Поиск Свадебные банкеты	5552984275	организация свадьбы под ключ в москве	16902921595	1	0	0.00	0.00	--	0	0.00
2026-09-10	118776779	Поиск Свадебные банкеты	5552984275	организация свадьбы под ключ в москве	16902921596	1	1	100.00	149.04	149.03	1	0.00
2026-09-10	118776779	Поиск Свадебные банкеты	5552984276	организовать свадьбу в москве	16902921597	1	0	0.00	0.00	--	0	0.00
2026-09-10	118776779	Поиск Свадебные банкеты	5552984276	организовать свадьбу в москве	16902921599	3	0	0.00	0.00	--	0	0.00
2026-09-10	118776779	Поиск Свадебные банкеты	5552984281	площадки для свадьбы	16902921618	9	0	0.00	0.00	--	0	0.00
2026-09-10	118776779	Поиск Свадебные банкеты	5552984281	площадки для свадьбы	16902921619	8	3	37.50	1222.50	407.50	3	0.00
2026-09-10	118776779	Поиск Свадебные банкеты	5552984281	площадки для свадьбы	16902921620	1	0	0.00	0.00	--	0	0.00
2026-09-10	118776779	Поиск Свадебные банкеты	5552984282	площадки для свадьбы в москве	16902921621	1	0	0.00	0.00	--	0	0.00
2026-09-10	118776779	Поиск Свадебные банкеты	5552984282	площадки для свадьбы в москве	16902921622	6	0	0.00	0.00	--	0	0.00
2026-09-10	118776779	Поиск Свадебные банкеты	5552984282	площадки для свадьбы в москве	16902921623	2	0	0.00	0.00	--	0	0.00
2026-09-10	118776779	Поиск Свадебные банкеты	5552984282	площадки для свадьбы в москве	16902921624	2	0	0.00	0.00	--	0	0.00
2026-09-10	118776779	Поиск Свадебные банкеты	5552984285	проведение свадеб в москве	16902921633	1	0	0.00	0.00	--	0	0.00
2026-09-10	118776779	Поиск Свадебные банкеты	5552984285	проведение свадеб в москве	16902921634	3	1	33.33	197.64	197.63	1	0.00
2026-09-10	118776779	Поиск Свадебные банкеты	5552984285	проведение свадеб в москве	16902921636	3	0	0.00	0.00	--	0	0.00
2026-09-10	118776779	Поиск Свадебные банкеты	5552984286	проведение свадьбы	16902921637	4	0	0.00	0.00	--	0	0.00
2026-09-10	118776779	Поиск Свадебные банкеты	5552984286	проведение свадьбы	16902921638	2	0	0.00	0.00	--	0	0.00
2026-09-10	118776779	Поиск Свадебные банкеты	5552984286	проведение свадьбы	16902921639	4	0	0.00	0.00	--	0	0.00
2026-09-10	118776779	Поиск Свадебные банкеты	5552984286	проведение свадьбы	16902921640	4	1	25.00	301.05	301.05	1	0.00
2026-09-10	118776779	Поиск Свадебные банкеты	5552984287	провести свадьбу в москве	16902921641	1	0	0.00	0.00	--	0	0.00
2026-09-10	118776779	Поиск Свадебные банкеты	5552984287	провести свадьбу в москве	16902921642	4	0	0.00	0.00	--	0	0.00
2026-09-10	118776779	Поиск Свадебные банкеты	5552984287	провести свадьбу в москве	16902921643	1	0	0.00	0.00	--	0	0.00
2026-09-10	118776779	Поиск Свадебные банкеты	5552984292	ресторан для свадьбы	16902921662	1	0	0.00	0.00	--	0	0.00
2026-09-10	118776779	Поиск Свадебные банкеты	5552984292	ресторан для свадьбы	16902921664	1	0	0.00	0.00	--	0	0.00
2026-09-10	118776779	Поиск Свадебные банкеты	5552984305	рестораны для свадьбы в москве	16902921713	2	1	50.00	659.67	659.67	1	0.00
2026-09-10	118776779	Поиск Свадебные банкеты	5552984305	рестораны для свадьбы в москве	16902921716	1	0	0.00	0.00	--	0	0.00
2026-09-10	118776779	Поиск Свадебные банкеты	5552984312	свадебные залы москвы	16902921742	4	0	0.00	0.00	--	0	0.00
2026-09-10	118776779	Поиск Свадебные банкеты	5552984313	свадебные рестораны в москве	16902921745	6	1	16.67	234.05	234.04	1	0.00
2026-09-10	118776779	Поиск Свадебные банкеты	5552984317	свадебный зал	16902921762	2	0	0.00	0.00	--	0	0.00
2026-09-10	118776779	Поиск Свадебные банкеты	5552984319	свадьба в москве где	16902921769	3	0	0.00	0.00	--	0	0.00
2026-09-10	118776779	Поиск Свадебные банкеты	5552984319	свадьба в москве где	16902921771	3	1	33.33	148.38	148.38	1	0.00
2026-09-10	118776779	Поиск Свадебные банкеты	5552984325	свадьба цена	16902921793	1	0	0.00	0.00	--	0	0.00
2026-09-10	118776779	Поиск Свадебные банкеты	5552984325	свадьба цена	16902921795	1	0	0.00	0.00	--	0	0.00
2026-09-10	118776779	Поиск Свадебные банкеты	5552984327	сколько стоит свадьба в москве	16902921801	4	0	0.00	0.00	--	0	0.00
2026-09-10	118776779	Поиск Свадебные банкеты	5552984332	сыграть свадьбу в москве	16902921821	2	0	0.00	0.00	--	0	0.00
2026-09-10	118776779	Поиск Свадебные банкеты	5552984332	сыграть свадьбу в москве	16902921823	5	1	20.00	178.56	178.56	1	0.00
2026-09-10	118776779	Поиск Свадебные банкеты	5552984333	услуги проведения свадьбы	16902921826	2	1	50.00	551.28	551.28	1	0.00
2026-09-10	118776779	Поиск Свадебные банкеты	5552984342	отметить свадьбу в ресторане	16902921862	1	0	0.00	0.00	--	0	0.00
2026-09-10	118776779	Поиск Свадебные банкеты	5552984351	ресторан для свадьбы в москве	16902921897	1	0	0.00	0.00	--	0	0.00
2026-09-10	118776779	Поиск Свадебные банкеты	5552984351	ресторан для свадьбы в москве	16902921898	2	0	0.00	0.00	--	0	0.00
2026-09-10	118776785	Ремаркетинг	5552984378	Новая группа	16902928679	11	0	0.00	0.00	--	0	0.00
2026-09-10	118776779	Поиск Свадебные банкеты	5596541487	банкетный зал для свадьбы москва	17078756108	1	0	0.00	0.00	--	0	0.00
2026-09-10	700792063	Тест РСЯ банкет	5598457174	Банкеты	17085709723	85	0	0.00	0.00	--	0	0.00
2026-09-10	700792063	Тест РСЯ банкет	5598457174	Банкеты	17085709724	598	4	0.67	26.77	6.69	0	0.00
2026-09-10	700792063	Тест РСЯ банкет	5598457174	Банкеты	17085709725	32354	161	0.50	6058.31	37.63	18	0.00
2026-09-10	700792063	Тест РСЯ банкет	5598457174	Банкеты	17085709726	207	1	0.48	148.01	148.01	0	0.00
2026-09-10	700792063	Тест РСЯ банкет	5598457175	Баннеры	17085709727	261	0	0.00	0.00	--	0	0.00
2026-09-10	700792072	Тест РСЯ конференции	5598457231	аренда для конференции	17085710050	2	0	0.00	0.00	--	0	0.00
2026-09-10	700792072	Тест РСЯ конференции	5598457232	зал для конференций	17085710053	1	0	0.00	0.00	--	0	0.00
2026-09-10	700792072	Тест РСЯ конференции	5598457235	провести конференцию	17085710058	1	0	0.00	0.00	--	0	0.00
2026-09-10	700792072	Тест РСЯ конференции	5598457236	зал для тренингов	17085710060	1	0	0.00	0.00	--	0	0.00
2026-09-10	700792072	Тест РСЯ конференции	5598457236	зал для тренингов	17085710061	1	0	0.00	0.00	--	0	0.00
2026-09-10	700792072	Тест РСЯ конференции	5598457237	зал семинар	17085710063	1	0	0.00	0.00	--	0	0.00
2026-09-10	700792072	Тест РСЯ конференции	5598457238	конференц зал	17085710064	2	0	0.00	0.00	--	0	0.00
2026-09-10	700792072	Тест РСЯ конференции	5598457238	конференц зал	17085710065	1	0	0.00	0.00	--	0	0.00
2026-09-10	700792072	Тест РСЯ конференции	5598457239	место для конференции	17085710067	1	1	100.00	0.00	0.00	0	0.00
2026-09-10	700792072	Тест РСЯ конференции	5598457241	организовать конференцию	17085710070	1	0	0.00	0.00	--	0	0.00
2026-09-10	700792072	Тест РСЯ конференции	5598457244	подготовка конференции	17085710076	3	0	0.00	0.00	--	0	0.00
2026-09-10	700792072	Тест РСЯ конференции	5598457244	подготовка конференции	17085710077	1	0	0.00	0.00	--	0	0.00
2026-09-10	700792072	Тест РСЯ конференции	5598457245	проведение конференций	17085710078	2	0	0.00	0.00	--	0	0.00
2026-09-10	700792082	Тест РСЯ Корпоративы	5598457300	провести корпоратив	17085710298	3	0	0.00	0.00	--	0	0.00
2026-09-10	700792082	Тест РСЯ Корпоративы	5598457301	корпоративные мероприятия	17085710301	85	0	0.00	0.00	--	0	0.00
2026-09-10	700792082	Тест РСЯ Корпоративы	5598457302	организация корпоратива	17085710304	1601	6	0.37	50.71	8.45	0	0.00
2026-09-10	700792082	Тест РСЯ Корпоративы	5598457303	корпоративный праздник	17085710305	3	0	0.00	0.00	--	0	0.00
2026-09-10	700792082	Тест РСЯ Корпоративы	5598457303	корпоративный праздник	17085710306	213	0	0.00	0.00	--	0	0.00
2026-09-10	700792082	Тест РСЯ Корпоративы	5598457303	корпоративный праздник	17085710307	5	0	0.00	0.00	--	0	0.00
2026-09-10	700792082	Тест РСЯ Корпоративы	5598457304	проведение корпоратива	17085710308	9	0	0.00	0.00	--	0	0.00
2026-09-10	700792082	Тест РСЯ Корпоративы	5598457304	проведение корпоратива	17085710309	28	0	0.00	0.00	--	0	0.00
2026-09-10	700792082	Тест РСЯ Корпоративы	5598457305	ресторан для корпоратива	17085710311	17	0	0.00	0.00	--	0	0.00
2026-09-10	700792082	Тест РСЯ Корпоративы	5598457307	отметить корпоратив	17085710317	10	0	0.00	0.00	--	0	0.00
2026-09-10	700792082	Тест РСЯ Корпоративы	5598457307	отметить корпоратив	17085710318	51	0	0.00	0.00	--	0	0.00
2026-09-10	700792082	Тест РСЯ Корпоративы	5598457308	корпоратив в центре	17085710321	885	1	0.11	20.12	20.12	0	0.00
2026-09-10	700792082	Тест РСЯ Корпоративы	5598457310	корпоратив на 50 челоек	17085710326	82	0	0.00	0.00	--	0	0.00
2026-09-10	700792082	Тест РСЯ Корпоративы	5598457310	корпоратив на 50 челоек	17085710327	2577	92	3.57	236.41	2.57	0	0.00
2026-09-10	700792082	Тест РСЯ Корпоративы	5598457310	корпоратив на 50 челоек	17085710328	72	0	0.00	0.00	--	0	0.00
2026-09-10	700792082	Тест РСЯ Корпоративы	5598457311	корпоратив на 100 челоек	17085710329	35	0	0.00	0.00	--	0	0.00
2026-09-10	700792082	Тест РСЯ Корпоративы	5598457311	корпоратив на 100 челоек	17085710330	13	0	0.00	0.00	--	0	0.00
2026-09-10	700792082	Тест РСЯ Корпоративы	5598457311	корпоратив на 100 челоек	17085710331	350	0	0.00	0.00	--	0	0.00
2026-09-10	700792082	Тест РСЯ Корпоративы	5598457312	корпоратив на 150 челоек	17085710332	76	0	0.00	0.00	--	0	0.00
2026-09-10	700792082	Тест РСЯ Корпоративы	5598457312	корпоратив на 150 челоек	17085710333	432	6	1.39	65.73	10.95	0	0.00
2026-09-10	700792082	Тест РСЯ Корпоративы	5598457312	корпоратив на 150 челоек	17085710334	150	0	0.00	0.00	--	0	0.00
2026-09-10	700792082	Тест РСЯ Корпоративы	5598457313	корпоратив на 200 челоек	17085710335	17049	545	3.20	3218.94	5.91	3	0.00
2026-09-10	700792082	Тест РСЯ Корпоративы	5598457313	корпоратив на 200 челоек	17085710336	202	3	1.49	11.42	3.81	0	0.00
2026-09-10	700792082	Тест РСЯ Корпоративы	5598457313	корпоратив на 200 челоек	17085710337	24	0	0.00	0.00	--	0	0.00
2026-09-10	700792082	Тест РСЯ Корпоративы	5598457314	корпоратив на 250 челоек	17085710338	39	0	0.00	0.00	--	0	0.00
2026-09-10	700792082	Тест РСЯ Корпоративы	5598457314	корпоратив на 250 челоек	17085710339	132	1	0.76	14.07	14.07	0	0.00
2026-09-10	700792082	Тест РСЯ Корпоративы	5598457315	корпоратив на чистых прудах	17085710341	10	0	0.00	0.00	--	0	0.00
2026-09-10	700792082	Тест РСЯ Корпоративы	5598457315	корпоратив на чистых прудах	17085710342	65	0	0.00	0.00	--	0	0.00
2026-09-10	700792082	Тест РСЯ Корпоративы	5598457316	корпоратив на красных воротах	17085710344	1	0	0.00	0.00	--	0	0.00
2026-09-10	700792082	Тест РСЯ Корпоративы	5598457316	корпоратив на красных воротах	17085710345	393	2	0.51	37.42	18.71	0	0.00
2026-09-10	700792082	Тест РСЯ Корпоративы	5598457316	корпоратив на красных воротах	17085710346	11	0	0.00	0.00	--	0	0.00
2026-09-10	700792082	Тест РСЯ Корпоративы	5598457317	корпоративы с караоке	17085710347	227	1	0.44	13.69	13.69	0	0.00
2026-09-10	700792082	Тест РСЯ Корпоративы	5598457317	корпоративы с караоке	17085710348	52	1	1.92	8.18	8.18	0	0.00
2026-09-10	700792082	Тест РСЯ Корпоративы	5598457317	корпоративы с караоке	17085710349	103	1	0.97	13.27	13.27	0	0.00
2026-09-10	700792082	Тест РСЯ Корпоративы	5598457318	Баннеры	17085710350	47	11	23.40	42.80	3.89	0	0.00
2026-09-10	700792082	Тест РСЯ Корпоративы	5598457318	Баннеры	17085710352	21	5	23.81	14.37	2.87	0	0.00
2026-09-10	700792082	Тест РСЯ Корпоративы	5598457321	корпоратив 30	17085710360	370	0	0.00	0.00	--	0	0.00
2026-09-10	700792082	Тест РСЯ Корпоративы	5598457321	корпоратив 30	17085710361	111	3	2.70	67.76	22.59	0	0.00
2026-09-10	700792082	Тест РСЯ Корпоративы	5598457321	корпоратив 30	17085710362	564	2	0.35	12.89	6.45	0	0.00
2026-09-10	700792082	Тест РСЯ Корпоративы	5598457322	корпоратив 40	17085710363	115	1	0.87	2.21	2.21	0	0.00
2026-09-10	700792082	Тест РСЯ Корпоративы	5598457322	корпоратив 40	17085710364	21	1	4.76	10.31	10.31	0	0.00
2026-09-10	700792082	Тест РСЯ Корпоративы	5598457322	корпоратив 40	17085710365	11	0	0.00	0.00	--	0	0.00
2026-09-10	700792084	Тест РСЯ Свадебные банкеты	5598457353	свадьба в москве	17085710533	17809	127	0.71	1651.40	13.00	107	0.00
2026-09-10	700792084	Тест РСЯ Свадебные банкеты	5598457353	свадьба в москве	17085710534	41029	266	0.65	3488.13	13.11	206	0.00
2026-09-10	700792084	Тест РСЯ Свадебные банкеты	5598457353	свадьба в москве	17085710535	143	0	0.00	0.00	--	0	0.00
2026-09-10	700792084	Тест РСЯ Свадебные банкеты	5598457353	свадьба в москве	17085710536	29	0	0.00	0.00	--	0	0.00
2026-09-10	700792084	Тест РСЯ Свадебные банкеты	5598457354	свадебный ресторан	17085710537	2	0	0.00	0.00	--	0	0.00
2026-09-10	700792084	Тест РСЯ Свадебные банкеты	5598457354	свадебный ресторан	17085710538	164	14	8.54	47.86	3.42	11	0.00
2026-09-10	700792084	Тест РСЯ Свадебные банкеты	5598457354	свадебный ресторан	17085710539	56	1	1.79	44.72	44.72	1	0.00
2026-09-10	700792084	Тест РСЯ Свадебные банкеты	5598457354	свадебный ресторан	17085710540	63	0	0.00	0.00	--	0	0.00
2026-09-10	700792084	Тест РСЯ Свадебные банкеты	5598457355	площадка для свадьбы	17085710541	42	14	33.33	9.96	0.71	13	0.00
2026-09-10	700792084	Тест РСЯ Свадебные банкеты	5598457355	площадка для свадьбы	17085710542	2	1	50.00	0.23	0.23	1	0.00
2026-09-10	700792084	Тест РСЯ Свадебные банкеты	5598457355	площадка для свадьбы	17085710543	4	2	50.00	2.12	1.06	3	0.00
2026-09-10	700792084	Тест РСЯ Свадебные банкеты	5598457355	площадка для свадьбы	17085710544	10	0	0.00	0.00	--	1	0.00
2026-09-10	700792084	Тест РСЯ Свадебные банкеты	5598457356	веранда для свадьбы	17085710545	1	0	0.00	0.00	--	0	0.00
2026-09-10	700792084	Тест РСЯ Свадебные банкеты	5598457356	веранда для свадьбы	17085710546	1256	10	0.80	275.58	27.56	7	0.00
2026-09-10	700792084	Тест РСЯ Свадебные банкеты	5598457356	веранда для свадьбы	17085710547	16	0	0.00	0.00	--	0	0.00
2026-09-10	700792084	Тест РСЯ Свадебные банкеты	5598457356	веранда для свадьбы	17085710548	24	0	0.00	0.00	--	0	0.00
2026-09-10	700792084	Тест РСЯ Свадебные банкеты	5598457357	свадебный зал	17085710549	18	3	16.67	0.74	0.25	2	0.00
2026-09-10	700792084	Тест РСЯ Свадебные банкеты	5598457357	свадебный зал	17085710550	216	11	5.09	46.34	4.21	9	0.00
2026-09-10	700792084	Тест РСЯ Свадебные банкеты	5598457357	свадебный зал	17085710551	97	0	0.00	0.00	--	0	0.00
2026-09-10	700792084	Тест РСЯ Свадебные банкеты	5598457357	свадебный зал	17085710552	70	21	30.00	14.96	0.71	22	0.00
2026-09-10	700792084	Тест РСЯ Свадебные банкеты	5598457358	свадьба под ключ	17085710553	72	1	1.39	0.33	0.33	2	0.00
2026-09-10	700792084	Тест РСЯ Свадебные банкеты	5598457358	свадьба под ключ	17085710554	57	0	0.00	0.00	--	0	0.00
2026-09-10	700792084	Тест РСЯ Свадебные банкеты	5598457358	свадьба под ключ	17085710555	34	0	0.00	0.00	--	0	0.00
2026-09-10	700792084	Тест РСЯ Свадебные банкеты	5598457358	свадьба под ключ	17085710556	89	1	1.12	0.42	0.42	1	0.00
2026-09-10	700792084	Тест РСЯ Свадебные банкеты	5598457359	банкет для свадьбы	17085710557	22	5	22.73	4.58	0.92	5	0.00
2026-09-10	700792084	Тест РСЯ Свадебные банкеты	5598457359	банкет для свадьбы	17085710558	81	8	9.88	17.18	2.15	11	0.00
2026-09-10	700792084	Тест РСЯ Свадебные банкеты	5598457359	банкет для свадьбы	17085710560	9	0	0.00	0.00	--	0	0.00
2026-09-10	700792084	Тест РСЯ Свадебные банкеты	5598457360	ресторан для свадьбы	17085710561	14	0	0.00	0.00	--	0	0.00
2026-09-10	700792084	Тест РСЯ Свадебные банкеты	5598457360	ресторан для свадьбы	17085710562	31	1	3.23	375.22	375.22	0	0.00
2026-09-10	700792084	Тест РСЯ Свадебные банкеты	5598457360	ресторан для свадьбы	17085710563	121	4	3.31	2.79	0.70	3	0.00
2026-09-10	700792084	Тест РСЯ Свадебные банкеты	5598457360	ресторан для свадьбы	17085710564	4679	30	0.64	171.63	5.72	25	0.00
2026-09-10	700792084	Тест РСЯ Свадебные банкеты	5598457361	зал для свадьбы	17085710565	10	1	10.00	0.37	0.37	4	0.00
2026-09-10	700792084	Тест РСЯ Свадебные банкеты	5598457361	зал для свадьбы	17085710566	12	0	0.00	0.00	--	0	0.00
2026-09-10	700792084	Тест РСЯ Свадебные банкеты	5598457361	зал для свадьбы	17085710567	98	15	15.31	10.18	0.68	17	0.00
2026-09-10	700792084	Тест РСЯ Свадебные банкеты	5598457361	зал для свадьбы	17085710568	12	0	0.00	0.00	--	0	0.00
2026-09-10	700792084	Тест РСЯ Свадебные банкеты	5598457362	Ремаркетинг на просмотры страницы свадьбы	17085710569	251	10	3.98	7.89	0.79	8	0.00
2026-09-10	702195391	Тест РСЯ банкет (Похожие сайты)	5622970380	Банкеты	17201006655	26	8	30.77	8.17	1.02	0	0.00
2026-09-10	702195391	Тест РСЯ банкет (Похожие сайты)	5622970380	Банкеты	17201006656	78	17	21.79	44.91	2.64	0	0.00
2026-09-10	702195391	Тест РСЯ банкет (Похожие сайты)	5622970380	Банкеты	17201006657	472	19	4.03	139.18	7.33	0	0.00
2026-09-10	702195391	Тест РСЯ банкет (Похожие сайты)	5622970380	Банкеты	17201006658	38	6	15.79	24.67	4.11	1	0.00
2026-09-10	702195391	Тест РСЯ банкет (Похожие сайты)	5622970381	Баннеры	17201006659	245	6	2.45	37.80	6.30	0	0.00
2026-09-10	700792082	Тест РСЯ Корпоративы	5628294387	новогодний корпоратив	17235485071	235	2	0.85	82.31	41.16	0	0.00
2026-09-10	700792082	Тест РСЯ Корпоративы	5628294388	корпоративный новый год	17235485072	320	0	0.00	0.00	--	0	0.00
2026-09-10	700792082	Тест РСЯ Корпоративы	5628294389	корпоратив на новый год	17235485073	14	0	0.00	0.00	--	0	0.00
2026-09-10	708328266	РСЯ банкетное меню	5734561489	Банкеты	17663635579	14293	197	1.38	2272.24	11.53	6	0.00
2026-09-10	709907560	Поиск Банкеты( конверсии)	5750739662	помещение для банкета	17718636696	7	1	14.29	647.57	647.57	0	0.00
2026-09-10	709907560	Поиск Банкеты( конверсии)	5750739662	помещение для банкета	17718636698	1	0	0.00	0.00	--	0	0.00
2026-09-10	709907560	Поиск Банкеты( конверсии)	5750739663	проведение банкетов	17718636702	6	0	0.00	0.00	--	0	0.00
2026-09-10	709907560	Поиск Банкеты( конверсии)	5750739664	провести банкет	17718636706	1	0	0.00	0.00	--	0	0.00
2026-09-10	709907560	Поиск Банкеты( конверсии)	5750739665	ресторан для банкета	17718636708	5	0	0.00	0.00	--	0	0.00
2026-09-10	709907560	Поиск Банкеты( конверсии)	5750739668	банкеты корпоративы	17718636722	4	0	0.00	0.00	--	0	0.00
2026-09-10	709907560	Поиск Банкеты( конверсии)	5750739673	заказать банкет	17718636742	1	0	0.00	0.00	--	0	0.00
2026-09-10	709907560	Поиск Банкеты( конверсии)	5750739674	банкет на день рождения	17718636747	10	1	10.00	703.42	703.42	1	0.00
2026-09-10	709907560	Поиск Банкеты( конверсии)	5750739676	банкет с полным обслуживанием	17718636756	2	0	0.00	0.00	--	0	0.00
2026-09-10	709907560	Поиск Банкеты( конверсии)	5750739676	банкет с полным обслуживанием	17718636758	1	0	0.00	0.00	--	0	0.00
2026-09-10	709907560	Поиск Банкеты( конверсии)	5750739677	банкет фуршет	17718636761	1	0	0.00	0.00	--	0	0.00
2026-09-10	709907560	Поиск Банкеты( конверсии)	5750739678	мероприятия банкеты	17718636764	1	0	0.00	0.00	--	0	0.00
2026-09-10	709907560	Поиск Банкеты( конверсии)	5750739683	банкетная площадка	17718636786	2	0	0.00	0.00	--	0	0.00
2026-09-10	709907560	Поиск Банкеты( конверсии)	5750739683	банкетная площадка	17718636787	1	0	0.00	0.00	--	0	0.00
2026-09-10	709907560	Поиск Банкеты( конверсии)	5750739685	банкетные залы	17718636792	17	1	5.88	407.89	407.89	0	0.00
2026-09-10	709907560	Поиск Банкеты( конверсии)	5750739685	банкетные залы	17718636793	3	1	33.33	179.19	179.19	0	0.00
2026-09-10	709907560	Поиск Банкеты( конверсии)	5750739685	банкетные залы	17718636794	1	0	0.00	0.00	--	0	0.00
2026-09-10	709907560	Поиск Банкеты( конверсии)	5750739685	банкетные залы	17718636795	25	0	0.00	0.00	--	0	0.00
2026-09-10	709907560	Поиск Банкеты( конверсии)	5750739686	Отметить день рождения в ресторане	17718636796	2	0	0.00	0.00	--	0	0.00
2026-09-10	709907560	Поиск Банкеты( конверсии)	5750739686	Отметить день рождения в ресторане	17718636797	2	0	0.00	0.00	--	0	0.00
2026-09-10	709907560	Поиск Банкеты( конверсии)	5750739686	Отметить день рождения в ресторане	17718636799	3	0	0.00	0.00	--	0	0.00
2026-09-10	709907560	Поиск Банкеты( конверсии)	5750739687	день рождения в ресторане	17718636804	3	0	0.00	0.00	--	0	0.00
2026-09-10	709907560	Поиск Банкеты( конверсии)	5750739687	день рождения в ресторане	17718636807	4	0	0.00	0.00	--	0	0.00
2026-09-10	709907560	Поиск Банкеты( конверсии)	5750739688	банкетный зал 60	17718636812	1	0	0.00	0.00	--	0	0.00
2026-09-10	709907560	Поиск Банкеты( конверсии)	5750739688	банкетный зал 60	17718636814	1	0	0.00	0.00	--	0	0.00
2026-09-10	709907560	Поиск Банкеты( конверсии)	5750739694	банкетный зал 120	17718636839	1	0	0.00	0.00	--	0	0.00
2026-09-10	709907560	Поиск Банкеты( конверсии)	5750739701	банкетный зал 190	17718636866	1	0	0.00	0.00	--	0	0.00
2026-09-10	118776773	Поиск Корпоративы	5552984053	корпоратив на новый год	17770196286	1	0	0.00	0.00	--	0	0.00
2026-09-10	118776773	Поиск Корпоративы	5552984066	корпоративный новый год	17770196306	1	0	0.00	0.00	--	0	0.00
2026-09-10	118776773	Поиск Корпоративы	5552984129	новогодний корпоратив	17770196378	2	0	0.00	0.00	--	0	0.00
2026-09-10	118776773	Поиск Корпоративы	5552984130	новогодний корпоратив 2027	17770196379	1	1	100.00	178.65	178.65	0	0.00
2026-09-10	118776773	Поиск Корпоративы	5552984130	новогодний корпоратив 2027	17770196380	5	0	0.00	0.00	--	0	0.00
2026-09-10	118776773	Поиск Корпоративы	5552984131	новогодний корпоратив в москве	17770196381	1	0	0.00	0.00	--	0	0.00
2026-09-10	118776773	Поиск Корпоративы	5552984131	новогодний корпоратив в москве	17770196382	4	0	0.00	0.00	--	0	0.00
2026-09-10	118776773	Поиск Корпоративы	5552984151	организация новогоднего корпоратива	17770196394	1	0	0.00	0.00	--	0	0.00
2026-09-10	118776773	Поиск Корпоративы	5552984189	ресторан для новогоднего корпоратива	17770196409	1	0	0.00	0.00	--	0	0.00
2026-09-10	118776773	Поиск Корпоративы	5552984189	ресторан для новогоднего корпоратива	17770196410	1	0	0.00	0.00	--	0	0.00
2026-09-10	700792082	Тест РСЯ Корпоративы	5628294387	новогодний корпоратив	17770196555	214	1	0.47	55.72	55.72	0	0.00
2026-09-10	700792082	Тест РСЯ Корпоративы	5628294387	новогодний корпоратив	17770196556	208	0	0.00	0.00	--	0	0.00
2026-09-10	700792082	Тест РСЯ Корпоративы	5628294388	корпоративный новый год	17770196557	163	0	0.00	0.00	--	0	0.00
2026-09-10	700792082	Тест РСЯ Корпоративы	5628294388	корпоративный новый год	17770196558	358	2	0.56	70.35	35.18	0	0.00
2026-09-10	700792082	Тест РСЯ Корпоративы	5628294389	корпоратив на новый год	17770196559	8	0	0.00	0.00	--	0	0.00
2026-09-10	700792082	Тест РСЯ Корпоративы	5628294389	корпоратив на новый год	17770196560	8	0	0.00	0.00	--	0	0.00
2026-09-10	118776773	Поиск Корпоративы	5770058766	площадка для новогоднего корпоратива	17776485002	2	0	0.00	0.00	--	0	0.00
2026-09-10	118776773	Поиск Корпоративы	5770058767	площадка для корпоратива	17776485004	1	0	0.00	0.00	--	0	0.00
2026-09-10	118776773	Поиск Корпоративы	5770058767	площадка для корпоратива	17776485005	1	0	0.00	0.00	--	0	0.00
2026-09-10	712849433	Поиск Банкеты квиз( конверсии)	5773918654	проведение банкетов	1915822986185365495	2	0	0.00	0.00	--	0	0.00
2026-09-10	712849433	Поиск Банкеты квиз( конверсии)	5773918656	ресторан для банкета	1915822986185365497	6	0	0.00	0.00	--	0	0.00
2026-09-10	712849433	Поиск Банкеты квиз( конверсии)	5773918659	банкеты корпоративы	1915822986185365500	3	2	66.67	1339.16	669.58	2	0.00
2026-09-10	712849433	Поиск Банкеты квиз( конверсии)	5773918660	банкеты под ключ	1915822986185365501	2	0	0.00	0.00	--	0	0.00
2026-09-10	712849433	Поиск Банкеты квиз( конверсии)	5773918661	веранда банкет	1915822986185365502	1	0	0.00	0.00	--	0	0.00
2026-09-10	712849433	Поиск Банкеты квиз( конверсии)	5773918665	банкет на день рождения	1915822986185365506	5	1	20.00	72.39	72.39	1	0.00
2026-09-10	712849433	Поиск Банкеты квиз( конверсии)	5773918668	банкет фуршет	1915822986185365509	3	0	0.00	0.00	--	0	0.00
2026-09-10	712849433	Поиск Банкеты квиз( конверсии)	5773918669	мероприятия банкеты	1915822986185365510	2	0	0.00	0.00	--	0	0.00
2026-09-10	712849433	Поиск Банкеты квиз( конверсии)	5773918673	банкетная площадка	1915822986185365514	1	1	100.00	123.80	123.80	1	0.00
2026-09-10	712849433	Поиск Банкеты квиз( конверсии)	5773918674	ресторан для юбилея	1915822986185365515	3	1	33.33	63.29	63.29	1	0.00
2026-09-10	712849433	Поиск Банкеты квиз( конверсии)	5773918675	банкетные залы	1915822986185365516	36	5	13.89	442.91	88.58	5	0.00
2026-09-10	712849433	Поиск Банкеты квиз( конверсии)	5773918676	Отметить день рождения в ресторане	1915822986185365517	13	2	15.38	369.20	184.60	2	0.00
2026-09-10	712849433	Поиск Банкеты квиз( конверсии)	5773918677	день рождения в ресторане	1915822986185365518	4	1	25.00	41.12	41.12	1	0.00
2026-09-10	712849433	Поиск Банкеты квиз( конверсии)	5773918678	банкетный зал 60	1915822986185365519	2	0	0.00	0.00	--	0	0.00
2026-09-10	712849433	Поиск Банкеты квиз( конверсии)	5773918679	банкетный зал 70	1915822986185365520	1	0	0.00	0.00	--	0	0.00
2026-09-10	712849433	Поиск Банкеты квиз( конверсии)	5773918681	банкетный зал 90	1915822986185365522	1	0	0.00	0.00	--	0	0.00
2026-09-10	712849433	Поиск Банкеты квиз( конверсии)	5773918682	банкетный зал 100	1915822986185365523	2	0	0.00	0.00	--	0	0.00
2026-09-10	712849433	Поиск Банкеты квиз( конверсии)	5773918684	банкетный зал 120	1915822986185365525	1	0	0.00	0.00	--	0	0.00
2026-09-10	712849433	Поиск Банкеты квиз( конверсии)	5773918687	банкетный зал 150	1915822986185365528	1	0	0.00	0.00	--	0	0.00
2026-09-10	712849433	Поиск Банкеты квиз( конверсии)	5773918688	банкетный зал 160	1915822986185365529	1	0	0.00	0.00	--	0	0.00
2026-09-10	712849433	Поиск Банкеты квиз( конверсии)	5773918691	банкетный зал 190	1915822986185365532	1	0	0.00	0.00	--	0	0.00
2026-09-10	712849433	Поиск Банкеты квиз( конверсии)	5773918692	банкетный зал 200	1915822986185365533	1	1	100.00	69.20	69.20	1	0.00
2026-09-11	118776773	Поиск Корпоративы	5552984025	развлекательные корпоративные мероприятия	16902913680	1	0	0.00	0.00	--	0	0.00
2026-09-11	118776773	Поиск Корпоративы	5552984025	развлекательные корпоративные мероприятия	16902913681	1	0	0.00	0.00	--	0	0.00
2026-09-11	118776773	Поиск Корпоративы	5552984046	где провести корпоратив в москве	16902913736	2	0	0.00	0.00	--	0	0.00
2026-09-11	118776773	Поиск Корпоративы	5552984088	корпоративное мероприятие любой день	16902913798	1	0	0.00	0.00	--	0	0.00
2026-09-11	118776773	Поиск Корпоративы	5552984098	корпоративные мероприятия москва	16902913815	2	0	0.00	0.00	--	0	0.00
2026-09-11	118776773	Поиск Корпоративы	5552984098	корпоративные мероприятия москва	16902913816	3	0	0.00	0.00	--	0	0.00
2026-09-11	118776773	Поиск Корпоративы	5552984098	корпоративные мероприятия москва	16902913817	2	0	0.00	0.00	--	0	0.00
2026-09-11	118776773	Поиск Корпоративы	5552984134	новогодний корпоратив стоимость	16902913863	1	0	0.00	0.00	--	0	0.00
2026-09-11	118776773	Поиск Корпоративы	5552984143	организация корпоратива в москве цена	16902913883	1	0	0.00	0.00	--	0	0.00
2026-09-11	118776773	Поиск Корпоративы	5552984168	праздничные корпоративные мероприятия	16902913944	2	0	0.00	0.00	--	0	0.00
2026-09-11	118776773	Поиск Корпоративы	5552984186	корпоратив в ресторане	16902913984	1	0	0.00	0.00	--	0	0.00
2026-09-11	118776773	Поиск Корпоративы	5552984186	корпоратив в ресторане	16902913985	1	0	0.00	0.00	--	0	0.00
2026-09-11	118776773	Поиск Корпоративы	5552984190	ресторан для корпоратива	16902913993	1	1	100.00	760.47	760.47	1	0.00
2026-09-11	118776773	Поиск Корпоративы	5552984196	большой ресторан для корпоратива	16902914005	1	0	0.00	0.00	--	0	0.00
2026-09-11	118776773	Поиск Корпоративы	5552984200	Эвент холл для корпоратива	16902914016	1	0	0.00	0.00	--	0	0.00
2026-09-11	118776779	Поиск Свадебные банкеты	5552984224	где провести свадьбу в москве	16902921388	1	0	0.00	0.00	--	0	0.00
2026-09-11	118776779	Поиск Свадебные банкеты	5552984236	банкет на свадьбу в москве	16902921436	1	0	0.00	0.00	--	0	0.00
2026-09-11	118776779	Поиск Свадебные банкеты	5552984241	где провести свадьбу	16902921457	1	0	0.00	0.00	--	0	0.00
2026-09-11	118776779	Поиск Свадебные банкеты	5552984244	где отметить свадьбу	16902921468	1	0	0.00	0.00	--	0	0.00
2026-09-11	118776779	Поиск Свадебные банкеты	5552984251	банкет на свадьбу	16902921496	1	0	0.00	0.00	--	0	0.00
2026-09-11	118776779	Поиск Свадебные банкеты	5552984253	как организовать свадьбу	16902921505	2	0	0.00	0.00	--	0	0.00
2026-09-11	118776779	Поиск Свадебные банкеты	5552984254	как отметить свадьбу	16902921510	1	0	0.00	0.00	--	0	0.00
2026-09-11	118776779	Поиск Свадебные банкеты	5552984254	как отметить свадьбу	16902921512	1	0	0.00	0.00	--	0	0.00
2026-09-11	118776779	Поиск Свадебные банкеты	5552984255	как отметить свадьбу москве	16902921514	2	0	0.00	0.00	--	0	0.00
2026-09-11	118776779	Поиск Свадебные банкеты	5552984255	как отметить свадьбу москве	16902921515	1	0	0.00	0.00	--	0	0.00
2026-09-11	118776779	Поиск Свадебные банкеты	5552984257	красивая свадьба в москве	16902921521	1	0	0.00	0.00	--	0	0.00
2026-09-11	118776779	Поиск Свадебные банкеты	5552984257	красивая свадьба в москве	16902921522	2	1	50.00	446.06	446.06	1	0.00
2026-09-11	118776779	Поиск Свадебные банкеты	5552984259	красивые рестораны для свадьбы	16902921529	1	0	0.00	0.00	--	0	0.00
2026-09-11	118776779	Поиск Свадебные банкеты	5552984267	места для проведения свадьбы	16902921562	1	1	100.00	38.69	38.69	0	0.00
2026-09-11	118776779	Поиск Свадебные банкеты	5552984268	места для проведения свадьбы в москве	16902921565	1	0	0.00	0.00	--	0	0.00
2026-09-11	118776779	Поиск Свадебные банкеты	5552984269	места для свадьбы в москве	16902921569	3	1	33.33	392.91	392.91	1	0.00
2026-09-11	118776779	Поиск Свадебные банкеты	5552984269	места для свадьбы в москве	16902921570	1	0	0.00	0.00	--	0	0.00
2026-09-11	118776779	Поиск Свадебные банкеты	5552984269	места для свадьбы в москве	16902921572	1	0	0.00	0.00	--	0	0.00
2026-09-11	118776779	Поиск Свадебные банкеты	5552984270	место для свадьбы	16902921573	6	0	0.00	0.00	--	0	0.00
2026-09-11	118776779	Поиск Свадебные банкеты	5552984270	место для свадьбы	16902921574	3	0	0.00	0.00	--	0	0.00
2026-09-11	118776779	Поиск Свадебные банкеты	5552984270	место для свадьбы	16902921575	5	0	0.00	0.00	--	0	0.00
2026-09-11	118776779	Поиск Свадебные банкеты	5552984272	организация свадьбы в москве	16902921581	1	0	0.00	0.00	--	0	0.00
2026-09-11	118776779	Поиск Свадебные банкеты	5552984272	организация свадьбы в москве	16902921582	1	0	0.00	0.00	--	0	0.00
2026-09-11	118776779	Поиск Свадебные банкеты	5552984272	организация свадьбы в москве	16902921583	2	0	0.00	0.00	--	0	0.00
2026-09-11	118776779	Поиск Свадебные банкеты	5552984272	организация свадьбы в москве	16902921584	7	0	0.00	0.00	--	0	0.00
2026-09-11	118776779	Поиск Свадебные банкеты	5552984275	организация свадьбы под ключ в москве	16902921595	1	0	0.00	0.00	--	0	0.00
2026-09-11	118776779	Поиск Свадебные банкеты	5552984276	организовать свадьбу в москве	16902921599	2	1	50.00	519.70	519.70	1	0.00
2026-09-11	118776779	Поиск Свадебные банкеты	5552984281	площадки для свадьбы	16902921617	2	0	0.00	0.00	--	0	0.00
2026-09-11	118776779	Поиск Свадебные банкеты	5552984281	площадки для свадьбы	16902921618	2	0	0.00	0.00	--	0	0.00
2026-09-11	118776779	Поиск Свадебные банкеты	5552984281	площадки для свадьбы	16902921619	4	0	0.00	0.00	--	0	0.00
2026-09-11	118776779	Поиск Свадебные банкеты	5552984282	площадки для свадьбы в москве	16902921621	1	0	0.00	0.00	--	0	0.00
2026-09-11	118776779	Поиск Свадебные банкеты	5552984282	площадки для свадьбы в москве	16902921622	1	0	0.00	0.00	--	0	0.00
2026-09-11	118776779	Поиск Свадебные банкеты	5552984282	площадки для свадьбы в москве	16902921623	1	0	0.00	0.00	--	0	0.00
2026-09-11	118776779	Поиск Свадебные банкеты	5552984282	площадки для свадьбы в москве	16902921624	2	0	0.00	0.00	--	0	0.00
2026-09-11	118776779	Поиск Свадебные банкеты	5552984285	проведение свадеб в москве	16902921634	3	0	0.00	0.00	--	0	0.00
2026-09-11	118776779	Поиск Свадебные банкеты	5552984286	проведение свадьбы	16902921637	1	0	0.00	0.00	--	0	0.00
2026-09-11	118776779	Поиск Свадебные банкеты	5552984286	проведение свадьбы	16902921638	5	0	0.00	0.00	--	0	0.00
2026-09-11	118776779	Поиск Свадебные банкеты	5552984286	проведение свадьбы	16902921640	2	0	0.00	0.00	--	0	0.00
2026-09-11	118776779	Поиск Свадебные банкеты	5552984287	провести свадьбу в москве	16902921641	2	1	50.00	186.45	186.45	1	0.00
2026-09-11	118776779	Поиск Свадебные банкеты	5552984287	провести свадьбу в москве	16902921642	1	0	0.00	0.00	--	0	0.00
2026-09-11	118776779	Поиск Свадебные банкеты	5552984289	ресторан в москве для проведения свадьбы	16902921649	1	0	0.00	0.00	--	0	0.00
2026-09-11	118776779	Поиск Свадебные банкеты	5552984289	ресторан в москве для проведения свадьбы	16902921650	3	0	0.00	0.00	--	0	0.00
2026-09-11	118776779	Поиск Свадебные банкеты	5552984289	ресторан в москве для проведения свадьбы	16902921652	1	0	0.00	0.00	--	0	0.00
2026-09-11	118776779	Поиск Свадебные банкеты	5552984291	ресторан в центре москвы для свадьбы	16902921657	1	0	0.00	0.00	--	0	0.00
2026-09-11	118776779	Поиск Свадебные банкеты	5552984305	рестораны для свадьбы в москве	16902921713	1	0	0.00	0.00	--	0	0.00
2026-09-11	118776779	Поиск Свадебные банкеты	5552984305	рестораны для свадьбы в москве	16902921716	1	0	0.00	0.00	--	0	0.00
2026-09-11	118776779	Поиск Свадебные банкеты	5552984313	свадебные рестораны в москве	16902921745	5	1	20.00	201.99	201.99	1	0.00
2026-09-11	118776779	Поиск Свадебные банкеты	5552984315	свадебный банкет в москве	16902921754	1	0	0.00	0.00	--	0	0.00
2026-09-11	118776779	Поиск Свадебные банкеты	5552984317	свадебный зал	16902921761	1	0	0.00	0.00	--	0	0.00
2026-09-11	118776779	Поиск Свадебные банкеты	5552984317	свадебный зал	16902921762	1	0	0.00	0.00	--	0	0.00
2026-09-11	118776779	Поиск Свадебные банкеты	5552984319	свадьба в москве где	16902921769	1	0	0.00	0.00	--	0	0.00
2026-09-11	118776779	Поиск Свадебные банкеты	5552984319	свадьба в москве где	16902921771	6	1	16.67	168.97	168.97	1	0.00
2026-09-11	118776779	Поиск Свадебные банкеты	5552984325	свадьба цена	16902921793	1	0	0.00	0.00	--	0	0.00
2026-09-11	118776779	Поиск Свадебные банкеты	5552984332	сыграть свадьбу в москве	16902921821	3	0	0.00	0.00	--	0	0.00
2026-09-11	118776779	Поиск Свадебные банкеты	5552984332	сыграть свадьбу в москве	16902921823	2	2	100.00	671.11	335.56	1	0.00
2026-09-11	118776779	Поиск Свадебные банкеты	5552984334	уютный ресторан для свадьбы	16902921831	1	1	100.00	469.03	469.03	1	0.00
2026-09-11	118776779	Поиск Свадебные банкеты	5552984341	свадьба в ресторане	16902921860	2	1	50.00	257.98	257.98	1	0.00
2026-09-11	118776779	Поиск Свадебные банкеты	5552984351	ресторан для свадьбы в москве	16902921897	4	0	0.00	0.00	--	0	0.00
2026-09-11	118776779	Поиск Свадебные банкеты	5552984351	ресторан для свадьбы в москве	16902921898	1	0	0.00	0.00	--	0	0.00
2026-09-11	118776785	Ремаркетинг	5552984378	Новая группа	16902928677	1	0	0.00	0.00	--	0	0.00
2026-09-11	118776785	Ремаркетинг	5552984378	Новая группа	16902928678	1	0	0.00	0.00	--	0	0.00
2026-09-11	118776779	Поиск Свадебные банкеты	5596541487	банкетный зал для свадьбы москва	17078756108	1	0	0.00	0.00	--	0	0.00
2026-09-11	118776779	Поиск Свадебные банкеты	5596541487	банкетный зал для свадьбы москва	17078756109	2	0	0.00	0.00	--	0	0.00
2026-09-11	700792063	Тест РСЯ банкет	5598457174	Банкеты	17085709723	87	0	0.00	0.00	--	0	0.00
2026-09-11	700792063	Тест РСЯ банкет	5598457174	Банкеты	17085709724	399	29	7.27	49.30	1.70	0	0.00
2026-09-11	700792063	Тест РСЯ банкет	5598457174	Банкеты	17085709725	22546	226	1.00	6243.09	27.62	22	0.00
2026-09-11	700792063	Тест РСЯ банкет	5598457174	Банкеты	17085709726	186	1	0.54	0.60	0.60	0	0.00
2026-09-11	700792063	Тест РСЯ банкет	5598457175	Баннеры	17085709727	329	0	0.00	0.00	--	0	0.00
2026-09-11	700792072	Тест РСЯ конференции	5598457238	конференц зал	17085710064	3	0	0.00	0.00	--	0	0.00
2026-09-11	700792072	Тест РСЯ конференции	5598457242	площадка для конференций	17085710072	2	0	0.00	0.00	--	0	0.00
2026-09-11	700792082	Тест РСЯ Корпоративы	5598457300	провести корпоратив	17085710298	22	0	0.00	0.00	--	0	0.00
2026-09-11	700792082	Тест РСЯ Корпоративы	5598457301	корпоративные мероприятия	17085710301	31	1	3.23	1.66	1.66	0	0.00
2026-09-11	700792082	Тест РСЯ Корпоративы	5598457302	организация корпоратива	17085710304	1382	4	0.29	37.17	9.29	0	0.00
2026-09-11	700792082	Тест РСЯ Корпоративы	5598457303	корпоративный праздник	17085710305	6	0	0.00	0.00	--	0	0.00
2026-09-11	700792082	Тест РСЯ Корпоративы	5598457303	корпоративный праздник	17085710306	428	4	0.93	64.50	16.13	0	0.00
2026-09-11	700792082	Тест РСЯ Корпоративы	5598457303	корпоративный праздник	17085710307	12	0	0.00	0.00	--	0	0.00
2026-09-11	700792082	Тест РСЯ Корпоративы	5598457304	проведение корпоратива	17085710308	28	2	7.14	32.21	16.11	0	0.00
2026-09-11	700792082	Тест РСЯ Корпоративы	5598457304	проведение корпоратива	17085710309	29	0	0.00	0.00	--	0	0.00
2026-09-11	700792082	Тест РСЯ Корпоративы	5598457305	ресторан для корпоратива	17085710311	22	0	0.00	0.00	--	0	0.00
2026-09-11	700792082	Тест РСЯ Корпоративы	5598457307	отметить корпоратив	17085710317	2	0	0.00	0.00	--	0	0.00
2026-09-11	700792082	Тест РСЯ Корпоративы	5598457307	отметить корпоратив	17085710318	36	0	0.00	0.00	--	0	0.00
2026-09-11	700792082	Тест РСЯ Корпоративы	5598457308	корпоратив в центре	17085710321	3358	9	0.27	157.22	17.47	0	0.00
2026-09-11	700792082	Тест РСЯ Корпоративы	5598457310	корпоратив на 50 челоек	17085710326	72	0	0.00	0.00	--	0	0.00
2026-09-11	700792082	Тест РСЯ Корпоративы	5598457310	корпоратив на 50 челоек	17085710327	3069	147	4.79	696.37	4.74	0	0.00
2026-09-11	700792082	Тест РСЯ Корпоративы	5598457310	корпоратив на 50 челоек	17085710328	42	0	0.00	0.00	--	0	0.00
2026-09-11	700792082	Тест РСЯ Корпоративы	5598457311	корпоратив на 100 челоек	17085710329	23	0	0.00	0.00	--	0	0.00
2026-09-11	700792082	Тест РСЯ Корпоративы	5598457311	корпоратив на 100 челоек	17085710330	214	5	2.34	44.76	8.95	0	0.00
2026-09-11	700792082	Тест РСЯ Корпоративы	5598457311	корпоратив на 100 челоек	17085710331	853	7	0.82	107.89	15.41	0	0.00
2026-09-11	700792082	Тест РСЯ Корпоративы	5598457312	корпоратив на 150 челоек	17085710332	19	0	0.00	0.00	--	0	0.00
2026-09-11	700792082	Тест РСЯ Корпоративы	5598457312	корпоратив на 150 челоек	17085710333	746	16	2.14	106.17	6.64	0	0.00
2026-09-11	700792082	Тест РСЯ Корпоративы	5598457312	корпоратив на 150 челоек	17085710334	105	1	0.95	15.74	15.74	0	0.00
2026-09-11	700792082	Тест РСЯ Корпоративы	5598457313	корпоратив на 200 челоек	17085710335	5811	254	4.37	1529.83	6.02	2	0.00
2026-09-11	700792082	Тест РСЯ Корпоративы	5598457313	корпоратив на 200 челоек	17085710336	838	26	3.10	113.28	4.36	0	0.00
2026-09-11	700792082	Тест РСЯ Корпоративы	5598457313	корпоратив на 200 челоек	17085710337	75	0	0.00	0.00	--	0	0.00
2026-09-11	700792082	Тест РСЯ Корпоративы	5598457314	корпоратив на 250 челоек	17085710338	9	0	0.00	0.00	--	0	0.00
2026-09-11	700792082	Тест РСЯ Корпоративы	5598457314	корпоратив на 250 челоек	17085710339	595	1	0.17	23.78	23.78	0	0.00
2026-09-11	700792082	Тест РСЯ Корпоративы	5598457314	корпоратив на 250 челоек	17085710340	1	0	0.00	0.00	--	0	0.00
2026-09-11	700792082	Тест РСЯ Корпоративы	5598457315	корпоратив на чистых прудах	17085710341	17	0	0.00	0.00	--	0	0.00
2026-09-11	700792082	Тест РСЯ Корпоративы	5598457315	корпоратив на чистых прудах	17085710342	85	0	0.00	0.00	--	0	0.00
2026-09-11	700792082	Тест РСЯ Корпоративы	5598457316	корпоратив на красных воротах	17085710344	9	0	0.00	0.00	--	0	0.00
2026-09-11	700792082	Тест РСЯ Корпоративы	5598457316	корпоратив на красных воротах	17085710345	491	1	0.20	0.62	0.62	0	0.00
2026-09-11	700792082	Тест РСЯ Корпоративы	5598457316	корпоратив на красных воротах	17085710346	11	0	0.00	0.00	--	0	0.00
2026-09-11	700792082	Тест РСЯ Корпоративы	5598457317	корпоративы с караоке	17085710347	40	0	0.00	0.00	--	0	0.00
2026-09-11	700792082	Тест РСЯ Корпоративы	5598457317	корпоративы с караоке	17085710348	28	2	7.14	14.99	7.49	0	0.00
2026-09-11	700792082	Тест РСЯ Корпоративы	5598457317	корпоративы с караоке	17085710349	57	0	0.00	0.00	--	0	0.00
2026-09-11	700792082	Тест РСЯ Корпоративы	5598457318	Баннеры	17085710350	32	8	25.00	20.50	2.56	0	0.00
2026-09-11	700792082	Тест РСЯ Корпоративы	5598457318	Баннеры	17085710352	7	0	0.00	0.00	--	0	0.00
2026-09-11	700792082	Тест РСЯ Корпоративы	5598457321	корпоратив 30	17085710360	1134	2	0.18	16.99	8.49	0	0.00
2026-09-11	700792082	Тест РСЯ Корпоративы	5598457321	корпоратив 30	17085710361	120	0	0.00	0.00	--	0	0.00
2026-09-11	700792082	Тест РСЯ Корпоративы	5598457321	корпоратив 30	17085710362	1063	6	0.56	36.15	6.02	1	0.00
2026-09-11	700792082	Тест РСЯ Корпоративы	5598457322	корпоратив 40	17085710363	149	0	0.00	0.00	--	0	0.00
2026-09-11	700792082	Тест РСЯ Корпоративы	5598457322	корпоратив 40	17085710364	48	7	14.58	38.63	5.52	0	0.00
2026-09-11	700792082	Тест РСЯ Корпоративы	5598457322	корпоратив 40	17085710365	7	1	14.29	2.34	2.34	0	0.00
2026-09-11	700792084	Тест РСЯ Свадебные банкеты	5598457353	свадьба в москве	17085710533	3292	21	0.64	552.16	26.29	14	0.00
2026-09-11	700792084	Тест РСЯ Свадебные банкеты	5598457353	свадьба в москве	17085710534	16323	65	0.40	1690.44	26.01	53	0.00
2026-09-11	700792084	Тест РСЯ Свадебные банкеты	5598457353	свадьба в москве	17085710535	21	0	0.00	0.00	--	0	0.00
2026-09-11	700792084	Тест РСЯ Свадебные банкеты	5598457353	свадьба в москве	17085710536	27	0	0.00	0.00	--	0	0.00
2026-09-11	700792084	Тест РСЯ Свадебные банкеты	5598457354	свадебный ресторан	17085710537	5	0	0.00	0.00	--	0	0.00
2026-09-11	700792084	Тест РСЯ Свадебные банкеты	5598457354	свадебный ресторан	17085710538	95	0	0.00	0.00	--	0	0.00
2026-09-11	700792084	Тест РСЯ Свадебные банкеты	5598457354	свадебный ресторан	17085710539	177	0	0.00	0.00	--	0	0.00
2026-09-11	700792084	Тест РСЯ Свадебные банкеты	5598457354	свадебный ресторан	17085710540	135	0	0.00	0.00	--	0	0.00
2026-09-11	700792084	Тест РСЯ Свадебные банкеты	5598457355	площадка для свадьбы	17085710541	1	0	0.00	0.00	--	0	0.00
2026-09-11	700792084	Тест РСЯ Свадебные банкеты	5598457355	площадка для свадьбы	17085710544	1	0	0.00	0.00	--	0	0.00
2026-09-11	700792084	Тест РСЯ Свадебные банкеты	5598457356	веранда для свадьбы	17085710546	332	5	1.51	3.80	0.76	3	0.00
2026-09-11	700792084	Тест РСЯ Свадебные банкеты	5598457356	веранда для свадьбы	17085710547	2	0	0.00	0.00	--	0	0.00
2026-09-11	700792084	Тест РСЯ Свадебные банкеты	5598457356	веранда для свадьбы	17085710548	3	0	0.00	0.00	--	0	0.00
2026-09-11	700792084	Тест РСЯ Свадебные банкеты	5598457357	свадебный зал	17085710549	4	0	0.00	0.00	--	0	0.00
2026-09-11	700792084	Тест РСЯ Свадебные банкеты	5598457357	свадебный зал	17085710550	141	0	0.00	0.00	--	0	0.00
2026-09-11	700792084	Тест РСЯ Свадебные банкеты	5598457357	свадебный зал	17085710551	63	0	0.00	0.00	--	0	0.00
2026-09-11	700792084	Тест РСЯ Свадебные банкеты	5598457357	свадебный зал	17085710552	44	1	2.27	0.21	0.21	0	0.00
2026-09-11	700792084	Тест РСЯ Свадебные банкеты	5598457358	свадьба под ключ	17085710553	45	1	2.22	17.23	17.23	2	0.00
2026-09-11	700792084	Тест РСЯ Свадебные банкеты	5598457358	свадьба под ключ	17085710554	62	0	0.00	0.00	--	0	0.00
2026-09-11	700792084	Тест РСЯ Свадебные банкеты	5598457358	свадьба под ключ	17085710555	39	0	0.00	0.00	--	0	0.00
2026-09-11	700792084	Тест РСЯ Свадебные банкеты	5598457358	свадьба под ключ	17085710556	69	2	2.90	0.81	0.40	0	0.00
2026-09-11	700792084	Тест РСЯ Свадебные банкеты	5598457359	банкет для свадьбы	17085710557	1	1	100.00	0.17	0.17	1	0.00
2026-09-11	700792084	Тест РСЯ Свадебные банкеты	5598457359	банкет для свадьбы	17085710558	56	2	3.57	272.01	136.01	2	0.00
2026-09-11	700792084	Тест РСЯ Свадебные банкеты	5598457359	банкет для свадьбы	17085710559	5	0	0.00	0.00	--	0	0.00
2026-09-11	700792084	Тест РСЯ Свадебные банкеты	5598457359	банкет для свадьбы	17085710560	46	0	0.00	0.00	--	0	0.00
2026-09-11	700792084	Тест РСЯ Свадебные банкеты	5598457360	ресторан для свадьбы	17085710561	1	0	0.00	0.00	--	0	0.00
2026-09-11	700792084	Тест РСЯ Свадебные банкеты	5598457360	ресторан для свадьбы	17085710562	37	1	2.70	160.27	160.27	1	0.00
2026-09-11	700792084	Тест РСЯ Свадебные банкеты	5598457360	ресторан для свадьбы	17085710563	36	0	0.00	0.00	--	0	0.00
2026-09-11	700792084	Тест РСЯ Свадебные банкеты	5598457360	ресторан для свадьбы	17085710564	2688	17	0.63	338.49	19.91	11	0.00
2026-09-11	700792084	Тест РСЯ Свадебные банкеты	5598457361	зал для свадьбы	17085710565	1	1	100.00	0.77	0.77	0	0.00
2026-09-11	700792084	Тест РСЯ Свадебные банкеты	5598457361	зал для свадьбы	17085710566	17	0	0.00	0.00	--	0	0.00
2026-09-11	700792084	Тест РСЯ Свадебные банкеты	5598457361	зал для свадьбы	17085710567	28	2	7.14	1.75	0.87	3	0.00
2026-09-11	700792084	Тест РСЯ Свадебные банкеты	5598457361	зал для свадьбы	17085710568	5	0	0.00	0.00	--	0	0.00
2026-09-11	700792084	Тест РСЯ Свадебные банкеты	5598457362	Ремаркетинг на просмотры страницы свадьбы	17085710569	98	1	1.02	26.10	26.10	1	0.00
2026-09-11	702195391	Тест РСЯ банкет (Похожие сайты)	5622970380	Банкеты	17201006655	270	98	36.30	161.58	1.65	0	0.00
2026-09-11	702195391	Тест РСЯ банкет (Похожие сайты)	5622970380	Банкеты	17201006656	114	33	28.95	73.48	2.23	0	0.00
2026-09-11	702195391	Тест РСЯ банкет (Похожие сайты)	5622970380	Банкеты	17201006657	750	20	2.67	215.23	10.76	0	0.00
2026-09-11	702195391	Тест РСЯ банкет (Похожие сайты)	5622970380	Банкеты	17201006658	146	35	23.97	82.16	2.35	0	0.00
2026-09-11	702195391	Тест РСЯ банкет (Похожие сайты)	5622970381	Баннеры	17201006659	4225	12	0.28	350.51	29.21	0	0.00
2026-09-11	700792082	Тест РСЯ Корпоративы	5628294387	новогодний корпоратив	17235485071	513	3	0.58	25.63	8.54	0	0.00
2026-09-11	700792082	Тест РСЯ Корпоративы	5628294388	корпоративный новый год	17235485072	265	1	0.38	6.56	6.56	0	0.00
2026-09-11	700792082	Тест РСЯ Корпоративы	5628294389	корпоратив на новый год	17235485073	6	0	0.00	0.00	--	0	0.00
2026-09-11	708328266	РСЯ банкетное меню	5734561489	Банкеты	17663635579	1623	37	2.28	187.25	5.06	2	0.00
2026-09-11	709907560	Поиск Банкеты( конверсии)	5750739662	помещение для банкета	17718636696	1	0	0.00	0.00	--	0	0.00
2026-09-11	709907560	Поиск Банкеты( конверсии)	5750739662	помещение для банкета	17718636698	1	0	0.00	0.00	--	0	0.00
2026-09-11	709907560	Поиск Банкеты( конверсии)	5750739663	проведение банкетов	17718636702	2	0	0.00	0.00	--	0	0.00
2026-09-11	709907560	Поиск Банкеты( конверсии)	5750739664	провести банкет	17718636706	1	0	0.00	0.00	--	0	0.00
2026-09-11	709907560	Поиск Банкеты( конверсии)	5750739665	ресторан для банкета	17718636708	4	0	0.00	0.00	--	0	0.00
2026-09-11	709907560	Поиск Банкеты( конверсии)	5750739665	ресторан для банкета	17718636711	1	0	0.00	0.00	--	0	0.00
2026-09-11	709907560	Поиск Банкеты( конверсии)	5750739668	банкеты корпоративы	17718636722	1	0	0.00	0.00	--	0	0.00
2026-09-11	709907560	Поиск Банкеты( конверсии)	5750739674	банкет на день рождения	17718636747	6	1	16.67	247.60	247.60	1	0.00
2026-09-11	709907560	Поиск Банкеты( конверсии)	5750739676	банкет с полным обслуживанием	17718636756	5	1	20.00	300.39	300.39	0	0.00
2026-09-11	709907560	Поиск Банкеты( конверсии)	5750739676	банкет с полным обслуживанием	17718636758	4	0	0.00	0.00	--	0	0.00
2026-09-11	709907560	Поиск Банкеты( конверсии)	5750739678	мероприятия банкеты	17718636766	1	0	0.00	0.00	--	0	0.00
2026-09-11	709907560	Поиск Банкеты( конверсии)	5750739679	место под банкет	17718636768	1	1	100.00	365.23	365.23	0	0.00
2026-09-11	709907560	Поиск Банкеты( конверсии)	5750739683	банкетная площадка	17718636786	2	0	0.00	0.00	--	0	0.00
2026-09-11	709907560	Поиск Банкеты( конверсии)	5750739685	банкетные залы	17718636792	5	0	0.00	0.00	--	0	0.00
2026-09-11	709907560	Поиск Банкеты( конверсии)	5750739685	банкетные залы	17718636793	4	0	0.00	0.00	--	0	0.00
2026-09-11	709907560	Поиск Банкеты( конверсии)	5750739685	банкетные залы	17718636794	4	1	25.00	591.62	591.62	1	0.00
2026-09-11	709907560	Поиск Банкеты( конверсии)	5750739685	банкетные залы	17718636795	17	0	0.00	0.00	--	0	0.00
2026-09-11	709907560	Поиск Банкеты( конверсии)	5750739686	Отметить день рождения в ресторане	17718636796	2	1	50.00	213.79	213.79	0	0.00
2026-09-11	709907560	Поиск Банкеты( конверсии)	5750739686	Отметить день рождения в ресторане	17718636797	2	0	0.00	0.00	--	0	0.00
2026-09-11	709907560	Поиск Банкеты( конверсии)	5750739686	Отметить день рождения в ресторане	17718636799	9	1	11.11	152.60	152.59	0	0.00
2026-09-11	709907560	Поиск Банкеты( конверсии)	5750739687	день рождения в ресторане	17718636804	1	0	0.00	0.00	--	0	0.00
2026-09-11	709907560	Поиск Банкеты( конверсии)	5750739687	день рождения в ресторане	17718636807	4	0	0.00	0.00	--	0	0.00
2026-09-11	709907560	Поиск Банкеты( конверсии)	5750739687	день рождения в ресторане	17718636809	2	0	0.00	0.00	--	0	0.00
2026-09-11	709907560	Поиск Банкеты( конверсии)	5750739688	банкетный зал 60	17718636814	1	0	0.00	0.00	--	0	0.00
2026-09-11	709907560	Поиск Банкеты( конверсии)	5750739691	банкетный зал 90	17718636824	3	0	0.00	0.00	--	0	0.00
2026-09-11	709907560	Поиск Банкеты( конверсии)	5750739692	банкетный зал 100	17718636830	1	1	100.00	541.04	541.04	1	0.00
2026-09-11	709907560	Поиск Банкеты( конверсии)	5750739694	банкетный зал 120	17718636839	1	0	0.00	0.00	--	0	0.00
2026-09-11	709907560	Поиск Банкеты( конверсии)	5750739701	банкетный зал 190	17718636866	2	0	0.00	0.00	--	0	0.00
2026-09-11	118776773	Поиск Корпоративы	5552984120	мероприятия новогодний корпоратив	17770196364	1	0	0.00	0.00	--	0	0.00
2026-09-11	118776773	Поиск Корпоративы	5552984129	новогодний корпоратив	17770196377	1	0	0.00	0.00	--	0	0.00
2026-09-11	118776773	Поиск Корпоративы	5552984129	новогодний корпоратив	17770196378	1	0	0.00	0.00	--	0	0.00
2026-09-11	118776773	Поиск Корпоративы	5552984131	новогодний корпоратив в москве	17770196382	1	0	0.00	0.00	--	0	0.00
2026-09-11	700792082	Тест РСЯ Корпоративы	5628294387	новогодний корпоратив	17770196555	181	1	0.55	37.66	37.66	0	0.00
2026-09-11	700792082	Тест РСЯ Корпоративы	5628294387	новогодний корпоратив	17770196556	365	0	0.00	0.00	--	0	0.00
2026-09-11	700792082	Тест РСЯ Корпоративы	5628294388	корпоративный новый год	17770196557	18	0	0.00	0.00	--	0	0.00
2026-09-11	700792082	Тест РСЯ Корпоративы	5628294388	корпоративный новый год	17770196558	119	0	0.00	0.00	--	0	0.00
2026-09-11	700792082	Тест РСЯ Корпоративы	5628294389	корпоратив на новый год	17770196559	1	1	100.00	65.13	65.13	0	0.00
2026-09-11	700792082	Тест РСЯ Корпоративы	5628294389	корпоратив на новый год	17770196560	3	0	0.00	0.00	--	0	0.00
2026-09-11	118776773	Поиск Корпоративы	5769956561	новогодний корпоратив 2027 москва	17776105636	4	0	0.00	0.00	--	0	0.00
2026-09-11	118776773	Поиск Корпоративы	5770058767	площадка для корпоратива	17776485005	1	0	0.00	0.00	--	0	0.00
2026-09-11	712849433	Поиск Банкеты квиз( конверсии)	5773918656	ресторан для банкета	1915822986185365497	4	0	0.00	0.00	--	0	0.00
2026-09-11	712849433	Поиск Банкеты квиз( конверсии)	5773918658	банкеты караоке	1915822986185365499	1	0	0.00	0.00	--	0	0.00
2026-09-11	712849433	Поиск Банкеты квиз( конверсии)	5773918665	банкет на день рождения	1915822986185365506	9	0	0.00	0.00	--	0	0.00
2026-09-11	712849433	Поиск Банкеты квиз( конверсии)	5773918668	банкет фуршет	1915822986185365509	4	1	25.00	105.02	105.02	0	0.00
2026-09-11	712849433	Поиск Банкеты квиз( конверсии)	5773918670	место под банкет	1915822986185365511	2	1	50.00	92.12	92.12	1	0.00
2026-09-11	712849433	Поиск Банкеты квиз( конверсии)	5773918671	организация банкетов	1915822986185365512	3	0	0.00	0.00	--	0	0.00
2026-09-11	712849433	Поиск Банкеты квиз( конверсии)	5773918673	банкетная площадка	1915822986185365514	3	0	0.00	0.00	--	0	0.00
2026-09-11	712849433	Поиск Банкеты квиз( конверсии)	5773918675	банкетные залы	1915822986185365516	38	0	0.00	0.00	--	0	0.00
2026-09-11	712849433	Поиск Банкеты квиз( конверсии)	5773918676	Отметить день рождения в ресторане	1915822986185365517	2	0	0.00	0.00	--	0	0.00
2026-09-11	712849433	Поиск Банкеты квиз( конверсии)	5773918677	день рождения в ресторане	1915822986185365518	1	0	0.00	0.00	--	0	0.00
2026-09-11	712849433	Поиск Банкеты квиз( конверсии)	5773918678	банкетный зал 60	1915822986185365519	1	0	0.00	0.00	--	0	0.00
2026-09-11	712849433	Поиск Банкеты квиз( конверсии)	5773918682	банкетный зал 100	1915822986185365523	2	1	50.00	273.56	273.56	1	0.00
2026-09-11	712849433	Поиск Банкеты квиз( конверсии)	5773918684	банкетный зал 120	1915822986185365525	2	0	0.00	0.00	--	0	0.00
2026-09-11	712849433	Поиск Банкеты квиз( конверсии)	5773918685	банкетный зал 130	1915822986185365526	1	0	0.00	0.00	--	0	0.00
2026-09-11	712849433	Поиск Банкеты квиз( конверсии)	5773918687	банкетный зал 150	1915822986185365528	1	1	100.00	197.47	197.47	1	0.00
2026-09-11	712849433	Поиск Банкеты квиз( конверсии)	5773918693	банкетный зал на новый год	1915822986185365534	1	0	0.00	0.00	--	0	0.00
2026-09-12	118776773	Поиск Корпоративы	5552984098	корпоративные мероприятия москва	16902913816	1	0	0.00	0.00	--	0	0.00
2026-09-12	118776773	Поиск Корпоративы	5552984098	корпоративные мероприятия москва	16902913817	2	0	0.00	0.00	--	0	0.00
2026-09-12	118776773	Поиск Корпоративы	5552984176	банкетный зал для корпоратива	16902913965	1	0	0.00	0.00	--	0	0.00
2026-09-12	118776773	Поиск Корпоративы	5552984196	большой ресторан для корпоратива	16902914005	1	0	0.00	0.00	--	0	0.00
2026-09-12	118776773	Поиск Корпоративы	5552984199	зал для корпоратива	16902914011	1	0	0.00	0.00	--	0	0.00
2026-09-12	118776779	Поиск Свадебные банкеты	5552984226	банкетный зал для проведения свадьбы	16902921397	1	0	0.00	0.00	--	0	0.00
2026-09-12	118776779	Поиск Свадебные банкеты	5552984229	залы для проведения свадьбы	16902921410	1	0	0.00	0.00	--	0	0.00
2026-09-12	118776779	Поиск Свадебные банкеты	5552984232	зал для свадьбы в москве	16902921422	1	0	0.00	0.00	--	0	0.00
2026-09-12	118776779	Поиск Свадебные банкеты	5552984241	где провести свадьбу	16902921457	2	1	50.00	89.22	89.22	1	0.00
2026-09-12	118776779	Поиск Свадебные банкеты	5552984252	где отметить свадьбу в москве	16902921502	1	0	0.00	0.00	--	0	0.00
2026-09-12	118776779	Поиск Свадебные банкеты	5552984254	как отметить свадьбу	16902921510	2	0	0.00	0.00	--	0	0.00
2026-09-12	118776779	Поиск Свадебные банкеты	5552984255	как отметить свадьбу москве	16902921514	1	0	0.00	0.00	--	0	0.00
2026-09-12	118776779	Поиск Свадебные банкеты	5552984255	как отметить свадьбу москве	16902921516	1	0	0.00	0.00	--	0	0.00
2026-09-12	118776779	Поиск Свадебные банкеты	5552984256	как отпраздновать свадьбу	16902921517	1	0	0.00	0.00	--	0	0.00
2026-09-12	118776779	Поиск Свадебные банкеты	5552984257	красивая свадьба в москве	16902921521	4	1	25.00	318.40	318.40	1	0.00
2026-09-12	118776779	Поиск Свадебные банкеты	5552984267	места для проведения свадьбы	16902921562	1	0	0.00	0.00	--	0	0.00
2026-09-12	118776779	Поиск Свадебные банкеты	5552984270	место для свадьбы	16902921573	1	0	0.00	0.00	--	0	0.00
2026-09-12	118776779	Поиск Свадебные банкеты	5552984270	место для свадьбы	16902921574	1	0	0.00	0.00	--	0	0.00
2026-09-12	118776779	Поиск Свадебные банкеты	5552984270	место для свадьбы	16902921575	1	0	0.00	0.00	--	0	0.00
2026-09-12	118776779	Поиск Свадебные банкеты	5552984272	организация свадьбы в москве	16902921584	2	0	0.00	0.00	--	0	0.00
2026-09-12	118776779	Поиск Свадебные банкеты	5552984274	организация свадьбы под ключ	16902921590	3	0	0.00	0.00	--	0	0.00
2026-09-12	118776779	Поиск Свадебные банкеты	5552984276	организовать свадьбу в москве	16902921598	2	0	0.00	0.00	--	0	0.00
2026-09-12	118776779	Поиск Свадебные банкеты	5552984281	площадки для свадьбы	16902921618	5	0	0.00	0.00	--	0	0.00
2026-09-12	118776779	Поиск Свадебные банкеты	5552984281	площадки для свадьбы	16902921619	2	0	0.00	0.00	--	0	0.00
2026-09-12	118776779	Поиск Свадебные банкеты	5552984282	площадки для свадьбы в москве	16902921622	2	0	0.00	0.00	--	0	0.00
2026-09-12	118776779	Поиск Свадебные банкеты	5552984282	площадки для свадьбы в москве	16902921624	1	0	0.00	0.00	--	0	0.00
2026-09-12	118776779	Поиск Свадебные банкеты	5552984285	проведение свадеб в москве	16902921634	5	0	0.00	0.00	--	0	0.00
2026-09-12	118776779	Поиск Свадебные банкеты	5552984286	проведение свадьбы	16902921638	2	0	0.00	0.00	--	0	0.00
2026-09-12	118776779	Поиск Свадебные банкеты	5552984286	проведение свадьбы	16902921640	2	0	0.00	0.00	--	0	0.00
2026-09-12	118776779	Поиск Свадебные банкеты	5552984287	провести свадьбу в москве	16902921642	3	0	0.00	0.00	--	0	0.00
2026-09-12	118776779	Поиск Свадебные банкеты	5552984292	ресторан для свадьбы	16902921661	1	0	0.00	0.00	--	0	0.00
2026-09-12	118776779	Поиск Свадебные банкеты	5552984292	ресторан для свадьбы	16902921662	1	0	0.00	0.00	--	0	0.00
2026-09-12	118776779	Поиск Свадебные банкеты	5552984312	свадебные залы москвы	16902921742	2	0	0.00	0.00	--	0	0.00
2026-09-12	118776779	Поиск Свадебные банкеты	5552984313	свадебные рестораны в москве	16902921745	1	0	0.00	0.00	--	0	0.00
2026-09-12	118776779	Поиск Свадебные банкеты	5552984314	свадебный банкет	16902921750	1	0	0.00	0.00	--	0	0.00
2026-09-12	118776779	Поиск Свадебные банкеты	5552984315	свадебный банкет в москве	16902921754	1	0	0.00	0.00	--	0	0.00
2026-09-12	118776779	Поиск Свадебные банкеты	5552984318	свадебный ресторан	16902921768	1	0	0.00	0.00	--	0	0.00
2026-09-12	118776779	Поиск Свадебные банкеты	5552984319	свадьба в москве где	16902921769	1	0	0.00	0.00	--	0	0.00
2026-09-12	118776779	Поиск Свадебные банкеты	5552984319	свадьба в москве где	16902921771	2	1	50.00	132.24	132.24	1	0.00
2026-09-12	118776779	Поиск Свадебные банкеты	5552984325	свадьба цена	16902921793	1	0	0.00	0.00	--	0	0.00
2026-09-12	118776779	Поиск Свадебные банкеты	5552984327	сколько стоит свадьба в москве	16902921801	1	0	0.00	0.00	--	0	0.00
2026-09-12	118776779	Поиск Свадебные банкеты	5552984332	сыграть свадьбу в москве	16902921823	3	1	33.33	425.64	425.64	1	0.00
2026-09-12	118776779	Поиск Свадебные банкеты	5552984333	услуги проведения свадьбы	16902921826	2	1	50.00	49.30	49.30	0	0.00
2026-09-12	118776779	Поиск Свадебные банкеты	5552984341	свадьба в ресторане	16902921858	1	0	0.00	0.00	--	0	0.00
2026-09-12	118776779	Поиск Свадебные банкеты	5552984346	место для свадебной церемонии	16902921878	1	0	0.00	0.00	--	0	0.00
2026-09-12	118776785	Ремаркетинг	5552984378	Новая группа	16902928679	1	0	0.00	0.00	--	0	0.00
2026-09-12	118776779	Поиск Свадебные банкеты	5596541487	банкетный зал для свадьбы москва	17078756108	1	1	100.00	281.11	281.11	1	0.00
2026-09-12	700792063	Тест РСЯ банкет	5598457174	Банкеты	17085709723	22	1	4.55	0.24	0.24	0	0.00
2026-09-12	700792063	Тест РСЯ банкет	5598457174	Банкеты	17085709724	114	4	3.51	1.14	0.29	0	0.00
2026-09-12	700792063	Тест РСЯ банкет	5598457174	Банкеты	17085709725	7016	81	1.15	1896.73	23.42	1	0.00
2026-09-12	700792063	Тест РСЯ банкет	5598457174	Банкеты	17085709726	105	1	0.95	5.79	5.79	0	0.00
2026-09-12	700792063	Тест РСЯ банкет	5598457175	Баннеры	17085709727	19	0	0.00	0.00	--	0	0.00
2026-09-12	700792072	Тест РСЯ конференции	5598457238	конференц зал	17085710064	1	0	0.00	0.00	--	0	0.00
2026-09-12	700792082	Тест РСЯ Корпоративы	5598457300	провести корпоратив	17085710298	1	0	0.00	0.00	--	0	0.00
2026-09-12	700792082	Тест РСЯ Корпоративы	5598457301	корпоративные мероприятия	17085710301	76	5	6.58	21.98	4.40	0	0.00
2026-09-12	700792082	Тест РСЯ Корпоративы	5598457302	организация корпоратива	17085710304	1801	20	1.11	139.74	6.99	1	0.00
2026-09-12	700792082	Тест РСЯ Корпоративы	5598457303	корпоративный праздник	17085710305	13	0	0.00	0.00	--	0	0.00
2026-09-12	700792082	Тест РСЯ Корпоративы	5598457303	корпоративный праздник	17085710306	125	5	4.00	93.50	18.70	0	0.00
2026-09-12	700792082	Тест РСЯ Корпоративы	5598457303	корпоративный праздник	17085710307	4	0	0.00	0.00	--	0	0.00
2026-09-12	700792082	Тест РСЯ Корпоративы	5598457304	проведение корпоратива	17085710308	49	0	0.00	0.00	--	0	0.00
2026-09-12	700792082	Тест РСЯ Корпоративы	5598457304	проведение корпоратива	17085710309	62	1	1.61	9.43	9.43	0	0.00
2026-09-12	700792082	Тест РСЯ Корпоративы	5598457305	ресторан для корпоратива	17085710311	32	0	0.00	0.00	--	0	0.00
2026-09-12	700792082	Тест РСЯ Корпоративы	5598457307	отметить корпоратив	17085710318	12	0	0.00	0.00	--	0	0.00
2026-09-12	700792082	Тест РСЯ Корпоративы	5598457308	корпоратив в центре	17085710321	3453	21	0.61	303.79	14.47	0	0.00
2026-09-12	700792082	Тест РСЯ Корпоративы	5598457310	корпоратив на 50 челоек	17085710326	70	2	2.86	4.23	2.11	0	0.00
2026-09-12	700792082	Тест РСЯ Корпоративы	5598457310	корпоратив на 50 челоек	17085710327	3372	70	2.08	562.63	8.04	0	0.00
2026-09-12	700792082	Тест РСЯ Корпоративы	5598457310	корпоратив на 50 челоек	17085710328	10	0	0.00	0.00	--	0	0.00
2026-09-12	700792082	Тест РСЯ Корпоративы	5598457311	корпоратив на 100 челоек	17085710329	20	0	0.00	0.00	--	0	0.00
2026-09-12	700792082	Тест РСЯ Корпоративы	5598457311	корпоратив на 100 челоек	17085710330	139	4	2.88	43.23	10.81	0	0.00
2026-09-12	700792082	Тест РСЯ Корпоративы	5598457311	корпоратив на 100 челоек	17085710331	1299	13	1.00	76.88	5.91	0	0.00
2026-09-12	700792082	Тест РСЯ Корпоративы	5598457312	корпоратив на 150 челоек	17085710332	18	0	0.00	0.00	--	0	0.00
2026-09-12	700792082	Тест РСЯ Корпоративы	5598457312	корпоратив на 150 челоек	17085710333	530	11	2.08	136.04	12.37	0	0.00
2026-09-12	700792082	Тест РСЯ Корпоративы	5598457312	корпоратив на 150 челоек	17085710334	20	0	0.00	0.00	--	0	0.00
2026-09-12	700792082	Тест РСЯ Корпоративы	5598457313	корпоратив на 200 челоек	17085710335	7011	305	4.35	2075.15	6.80	2	0.00
2026-09-12	700792082	Тест РСЯ Корпоративы	5598457313	корпоратив на 200 челоек	17085710336	73	3	4.11	7.71	2.57	0	0.00
2026-09-12	700792082	Тест РСЯ Корпоративы	5598457313	корпоратив на 200 челоек	17085710337	18	0	0.00	0.00	--	0	0.00
2026-09-12	700792082	Тест РСЯ Корпоративы	5598457314	корпоратив на 250 челоек	17085710338	11	0	0.00	0.00	--	0	0.00
2026-09-12	700792082	Тест РСЯ Корпоративы	5598457314	корпоратив на 250 челоек	17085710339	201	1	0.50	6.29	6.29	0	0.00
2026-09-12	700792082	Тест РСЯ Корпоративы	5598457315	корпоратив на чистых прудах	17085710341	2	0	0.00	0.00	--	0	0.00
2026-09-12	700792082	Тест РСЯ Корпоративы	5598457315	корпоратив на чистых прудах	17085710342	15	0	0.00	0.00	--	0	0.00
2026-09-12	700792082	Тест РСЯ Корпоративы	5598457316	корпоратив на красных воротах	17085710344	13	0	0.00	0.00	--	0	0.00
2026-09-12	700792082	Тест РСЯ Корпоративы	5598457316	корпоратив на красных воротах	17085710345	871	3	0.34	19.93	6.64	0	0.00
2026-09-12	700792082	Тест РСЯ Корпоративы	5598457316	корпоратив на красных воротах	17085710346	28	1	3.57	5.46	5.46	0	0.00
2026-09-12	700792082	Тест РСЯ Корпоративы	5598457317	корпоративы с караоке	17085710347	44	0	0.00	0.00	--	0	0.00
2026-09-12	700792082	Тест РСЯ Корпоративы	5598457317	корпоративы с караоке	17085710348	77	0	0.00	0.00	--	0	0.00
2026-09-12	700792082	Тест РСЯ Корпоративы	5598457317	корпоративы с караоке	17085710349	29	2	6.90	15.64	7.82	0	0.00
2026-09-12	700792082	Тест РСЯ Корпоративы	5598457318	Баннеры	17085710350	44	5	11.36	20.23	4.05	0	0.00
2026-09-12	700792082	Тест РСЯ Корпоративы	5598457318	Баннеры	17085710352	6	1	16.67	0.63	0.63	0	0.00
2026-09-12	700792082	Тест РСЯ Корпоративы	5598457321	корпоратив 30	17085710360	436	1	0.23	24.18	24.18	0	0.00
2026-09-12	700792082	Тест РСЯ Корпоративы	5598457321	корпоратив 30	17085710361	83	0	0.00	0.00	--	0	0.00
2026-09-12	700792082	Тест РСЯ Корпоративы	5598457321	корпоратив 30	17085710362	652	3	0.46	41.65	13.88	0	0.00
2026-09-12	700792082	Тест РСЯ Корпоративы	5598457322	корпоратив 40	17085710363	67	0	0.00	0.00	--	0	0.00
2026-09-12	700792082	Тест РСЯ Корпоративы	5598457322	корпоратив 40	17085710364	132	2	1.52	10.25	5.12	0	0.00
2026-09-12	700792082	Тест РСЯ Корпоративы	5598457322	корпоратив 40	17085710365	85	1	1.18	6.04	6.04	0	0.00
2026-09-12	700792084	Тест РСЯ Свадебные банкеты	5598457353	свадьба в москве	17085710533	1186	65	5.48	645.27	9.93	43	0.00
2026-09-12	700792084	Тест РСЯ Свадебные банкеты	5598457353	свадьба в москве	17085710534	2662	25	0.94	909.06	36.36	21	0.00
2026-09-12	700792084	Тест РСЯ Свадебные банкеты	5598457353	свадьба в москве	17085710535	6	0	0.00	0.00	--	0	0.00
2026-09-12	700792084	Тест РСЯ Свадебные банкеты	5598457354	свадебный ресторан	17085710537	2	0	0.00	0.00	--	0	0.00
2026-09-12	700792084	Тест РСЯ Свадебные банкеты	5598457354	свадебный ресторан	17085710538	77	1	1.30	139.49	139.49	1	0.00
2026-09-12	700792084	Тест РСЯ Свадебные банкеты	5598457354	свадебный ресторан	17085710539	18	2	11.11	97.29	48.65	2	0.00
2026-09-12	700792084	Тест РСЯ Свадебные банкеты	5598457354	свадебный ресторан	17085710540	7	0	0.00	0.00	--	0	0.00
2026-09-12	700792084	Тест РСЯ Свадебные банкеты	5598457355	площадка для свадьбы	17085710541	11	2	18.18	0.81	0.41	2	0.00
2026-09-12	700792084	Тест РСЯ Свадебные банкеты	5598457355	площадка для свадьбы	17085710542	4	1	25.00	0.26	0.26	1	0.00
2026-09-12	700792084	Тест РСЯ Свадебные банкеты	5598457355	площадка для свадьбы	17085710543	1	0	0.00	0.00	--	1	0.00
2026-09-12	700792084	Тест РСЯ Свадебные банкеты	5598457356	веранда для свадьбы	17085710546	67	0	0.00	0.00	--	0	0.00
2026-09-12	700792084	Тест РСЯ Свадебные банкеты	5598457356	веранда для свадьбы	17085710547	1	0	0.00	0.00	--	0	0.00
2026-09-12	700792084	Тест РСЯ Свадебные банкеты	5598457356	веранда для свадьбы	17085710548	10	0	0.00	0.00	--	0	0.00
2026-09-12	700792084	Тест РСЯ Свадебные банкеты	5598457357	свадебный зал	17085710549	4	0	0.00	0.00	--	0	0.00
2026-09-12	700792084	Тест РСЯ Свадебные банкеты	5598457357	свадебный зал	17085710550	108	4	3.70	97.28	24.32	3	0.00
2026-09-12	700792084	Тест РСЯ Свадебные банкеты	5598457357	свадебный зал	17085710551	12	0	0.00	0.00	--	0	0.00
2026-09-12	700792084	Тест РСЯ Свадебные банкеты	5598457357	свадебный зал	17085710552	16	6	37.50	3.17	0.53	6	0.00
2026-09-12	700792084	Тест РСЯ Свадебные банкеты	5598457358	свадьба под ключ	17085710553	2	1	50.00	0.47	0.47	1	0.00
2026-09-12	700792084	Тест РСЯ Свадебные банкеты	5598457358	свадьба под ключ	17085710554	26	0	0.00	0.00	--	0	0.00
2026-09-12	700792084	Тест РСЯ Свадебные банкеты	5598457358	свадьба под ключ	17085710555	15	0	0.00	0.00	--	0	0.00
2026-09-12	700792084	Тест РСЯ Свадебные банкеты	5598457358	свадьба под ключ	17085710556	14	0	0.00	0.00	--	0	0.00
2026-09-12	700792084	Тест РСЯ Свадебные банкеты	5598457359	банкет для свадьбы	17085710558	66	2	3.03	1.23	0.62	2	0.00
2026-09-12	700792084	Тест РСЯ Свадебные банкеты	5598457359	банкет для свадьбы	17085710559	6	0	0.00	0.00	--	0	0.00
2026-09-12	700792084	Тест РСЯ Свадебные банкеты	5598457359	банкет для свадьбы	17085710560	10	0	0.00	0.00	--	0	0.00
2026-09-12	700792084	Тест РСЯ Свадебные банкеты	5598457360	ресторан для свадьбы	17085710561	11	2	18.18	1.68	0.84	1	0.00
2026-09-12	700792084	Тест РСЯ Свадебные банкеты	5598457360	ресторан для свадьбы	17085710562	15	0	0.00	0.00	--	0	0.00
2026-09-12	700792084	Тест РСЯ Свадебные банкеты	5598457360	ресторан для свадьбы	17085710563	54	1	1.85	2.86	2.86	1	0.00
2026-09-12	700792084	Тест РСЯ Свадебные банкеты	5598457360	ресторан для свадьбы	17085710564	1762	44	2.50	337.93	7.68	43	0.00
2026-09-12	700792084	Тест РСЯ Свадебные банкеты	5598457361	зал для свадьбы	17085710566	11	1	9.09	1.27	1.27	1	0.00
2026-09-12	700792084	Тест РСЯ Свадебные банкеты	5598457361	зал для свадьбы	17085710567	105	23	21.90	26.10	1.13	20	0.00
2026-09-12	700792084	Тест РСЯ Свадебные банкеты	5598457361	зал для свадьбы	17085710568	2	0	0.00	0.00	--	0	0.00
2026-09-12	700792084	Тест РСЯ Свадебные банкеты	5598457362	Ремаркетинг на просмотры страницы свадьбы	17085710569	57	5	8.77	2.57	0.51	4	0.00
2026-09-12	702195391	Тест РСЯ банкет (Похожие сайты)	5622970380	Банкеты	17201006655	8	5	62.50	2.89	0.58	0	0.00
2026-09-12	702195391	Тест РСЯ банкет (Похожие сайты)	5622970380	Банкеты	17201006656	49	4	8.16	8.50	2.12	0	0.00
2026-09-12	702195391	Тест РСЯ банкет (Похожие сайты)	5622970380	Банкеты	17201006657	618	14	2.27	120.47	8.60	1	0.00
2026-09-12	702195391	Тест РСЯ банкет (Похожие сайты)	5622970380	Банкеты	17201006658	63	14	22.22	79.33	5.67	0	0.00
2026-09-12	702195391	Тест РСЯ банкет (Похожие сайты)	5622970381	Баннеры	17201006659	1029	11	1.07	216.58	19.69	1	0.00
2026-09-12	700792082	Тест РСЯ Корпоративы	5628294387	новогодний корпоратив	17235485071	114	1	0.88	53.57	53.57	0	0.00
2026-09-12	700792082	Тест РСЯ Корпоративы	5628294388	корпоративный новый год	17235485072	293	1	0.34	12.54	12.54	0	0.00
2026-09-12	700792082	Тест РСЯ Корпоративы	5628294389	корпоратив на новый год	17235485073	10	0	0.00	0.00	--	0	0.00
2026-09-12	708328266	РСЯ банкетное меню	5734561489	Банкеты	17663635579	2043	42	2.06	1353.47	32.23	1	0.00
2026-09-12	709907560	Поиск Банкеты( конверсии)	5750739662	помещение для банкета	17718636696	1	0	0.00	0.00	--	0	0.00
2026-09-12	709907560	Поиск Банкеты( конверсии)	5750739663	проведение банкетов	17718636702	2	0	0.00	0.00	--	0	0.00
2026-09-12	709907560	Поиск Банкеты( конверсии)	5750739665	ресторан для банкета	17718636711	1	0	0.00	0.00	--	0	0.00
2026-09-12	709907560	Поиск Банкеты( конверсии)	5750739674	банкет на день рождения	17718636747	1	0	0.00	0.00	--	0	0.00
2026-09-12	709907560	Поиск Банкеты( конверсии)	5750739676	банкет с полным обслуживанием	17718636756	2	0	0.00	0.00	--	0	0.00
2026-09-12	709907560	Поиск Банкеты( конверсии)	5750739676	банкет с полным обслуживанием	17718636758	1	0	0.00	0.00	--	0	0.00
2026-09-12	709907560	Поиск Банкеты( конверсии)	5750739683	банкетная площадка	17718636784	1	0	0.00	0.00	--	0	0.00
2026-09-12	709907560	Поиск Банкеты( конверсии)	5750739683	банкетная площадка	17718636786	1	0	0.00	0.00	--	0	0.00
2026-09-12	709907560	Поиск Банкеты( конверсии)	5750739684	ресторан для юбилея	17718636791	1	0	0.00	0.00	--	0	0.00
2026-09-12	709907560	Поиск Банкеты( конверсии)	5750739685	банкетные залы	17718636792	4	0	0.00	0.00	--	0	0.00
2026-09-12	709907560	Поиск Банкеты( конверсии)	5750739685	банкетные залы	17718636793	2	0	0.00	0.00	--	0	0.00
2026-09-12	709907560	Поиск Банкеты( конверсии)	5750739685	банкетные залы	17718636795	8	0	0.00	0.00	--	0	0.00
2026-09-12	709907560	Поиск Банкеты( конверсии)	5750739686	Отметить день рождения в ресторане	17718636799	6	3	50.00	642.65	214.22	0	0.00
2026-09-12	709907560	Поиск Банкеты( конверсии)	5750739687	день рождения в ресторане	17718636807	1	0	0.00	0.00	--	0	0.00
2026-09-12	709907560	Поиск Банкеты( конверсии)	5750739694	банкетный зал 120	17718636836	2	1	50.00	542.10	542.10	1	0.00
2026-09-12	118776773	Поиск Корпоративы	5552984129	новогодний корпоратив	17770196377	1	0	0.00	0.00	--	0	0.00
2026-09-12	700792082	Тест РСЯ Корпоративы	5628294387	новогодний корпоратив	17770196555	201	1	0.50	7.55	7.55	0	0.00
2026-09-12	700792082	Тест РСЯ Корпоративы	5628294387	новогодний корпоратив	17770196556	75	0	0.00	0.00	--	0	0.00
2026-09-12	700792082	Тест РСЯ Корпоративы	5628294388	корпоративный новый год	17770196557	23	1	4.35	53.10	53.10	0	0.00
2026-09-12	700792082	Тест РСЯ Корпоративы	5628294388	корпоративный новый год	17770196558	29	0	0.00	0.00	--	0	0.00
2026-09-12	700792082	Тест РСЯ Корпоративы	5628294389	корпоратив на новый год	17770196559	3	0	0.00	0.00	--	0	0.00
2026-09-12	700792082	Тест РСЯ Корпоративы	5628294389	корпоратив на новый год	17770196560	4	0	0.00	0.00	--	0	0.00
2026-09-12	712849433	Поиск Банкеты квиз( конверсии)	5773918656	ресторан для банкета	1915822986185365497	2	1	50.00	255.63	255.63	1	0.00
2026-09-12	712849433	Поиск Банкеты квиз( конверсии)	5773918658	банкеты караоке	1915822986185365499	2	0	0.00	0.00	--	0	0.00
2026-09-12	712849433	Поиск Банкеты квиз( конверсии)	5773918665	банкет на день рождения	1915822986185365506	1	0	0.00	0.00	--	0	0.00
2026-09-12	712849433	Поиск Банкеты квиз( конверсии)	5773918668	банкет фуршет	1915822986185365509	1	0	0.00	0.00	--	0	0.00
2026-09-12	712849433	Поиск Банкеты квиз( конверсии)	5773918675	банкетные залы	1915822986185365516	4	1	25.00	228.47	228.47	1	0.00
2026-09-12	712849433	Поиск Банкеты квиз( конверсии)	5773918676	Отметить день рождения в ресторане	1915822986185365517	13	3	23.08	239.77	79.92	3	0.00
2026-09-12	712849433	Поиск Банкеты квиз( конверсии)	5773918677	день рождения в ресторане	1915822986185365518	2	0	0.00	0.00	--	0	0.00
2026-09-12	712849433	Поиск Банкеты квиз( конверсии)	5773918684	банкетный зал 120	1915822986185365525	3	0	0.00	0.00	--	0	0.00
2026-09-13	118776773	Поиск Корпоративы	5552984171	проведение корпоратива в москве	16902913949	1	0	0.00	0.00	--	0	0.00
2026-09-13	118776773	Поиск Корпоративы	5552984173	проведение корпоративных мероприятий москва	16902913956	1	0	0.00	0.00	--	0	0.00
2026-09-13	118776773	Поиск Корпоративы	5552984192	лучший ресторан для корпоратива	16902913997	1	0	0.00	0.00	--	0	0.00
2026-09-13	118776779	Поиск Свадебные банкеты	5552984226	банкетный зал для проведения свадьбы	16902921397	3	0	0.00	0.00	--	0	0.00
2026-09-13	118776779	Поиск Свадебные банкеты	5552984243	зал для свадьбы	16902921466	1	0	0.00	0.00	--	0	0.00
2026-09-13	118776779	Поиск Свадебные банкеты	5552984254	как отметить свадьбу	16902921510	3	1	33.33	46.34	46.34	0	0.00
2026-09-13	118776779	Поиск Свадебные банкеты	5552984270	место для свадьбы	16902921573	1	0	0.00	0.00	--	0	0.00
2026-09-13	118776779	Поиск Свадебные банкеты	5552984270	место для свадьбы	16902921574	2	0	0.00	0.00	--	0	0.00
2026-09-13	118776779	Поиск Свадебные банкеты	5552984272	организация свадьбы в москве	16902921583	1	0	0.00	0.00	--	0	0.00
2026-09-13	118776779	Поиск Свадебные банкеты	5552984272	организация свадьбы в москве	16902921584	2	0	0.00	0.00	--	0	0.00
2026-09-13	118776779	Поиск Свадебные банкеты	5552984281	площадки для свадьбы	16902921617	1	0	0.00	0.00	--	0	0.00
2026-09-13	118776779	Поиск Свадебные банкеты	5552984281	площадки для свадьбы	16902921618	1	0	0.00	0.00	--	0	0.00
2026-09-13	118776779	Поиск Свадебные банкеты	5552984281	площадки для свадьбы	16902921619	1	0	0.00	0.00	--	0	0.00
2026-09-13	118776779	Поиск Свадебные банкеты	5552984285	проведение свадеб в москве	16902921633	1	0	0.00	0.00	--	0	0.00
2026-09-13	118776779	Поиск Свадебные банкеты	5552984286	проведение свадьбы	16902921638	1	0	0.00	0.00	--	0	0.00
2026-09-13	118776779	Поиск Свадебные банкеты	5552984286	проведение свадьбы	16902921640	1	0	0.00	0.00	--	0	0.00
2026-09-13	118776779	Поиск Свадебные банкеты	5552984287	провести свадьбу в москве	16902921642	1	0	0.00	0.00	--	0	0.00
2026-09-13	118776779	Поиск Свадебные банкеты	5552984289	ресторан в москве для проведения свадьбы	16902921649	1	0	0.00	0.00	--	0	0.00
2026-09-13	118776779	Поиск Свадебные банкеты	5552984289	ресторан в москве для проведения свадьбы	16902921650	2	0	0.00	0.00	--	0	0.00
2026-09-13	118776779	Поиск Свадебные банкеты	5552984289	ресторан в москве для проведения свадьбы	16902921651	2	0	0.00	0.00	--	0	0.00
2026-09-13	118776779	Поиск Свадебные банкеты	5552984289	ресторан в москве для проведения свадьбы	16902921652	3	0	0.00	0.00	--	0	0.00
2026-09-13	118776779	Поиск Свадебные банкеты	5552984292	ресторан для свадьбы	16902921661	1	0	0.00	0.00	--	0	0.00
2026-09-13	118776779	Поиск Свадебные банкеты	5552984292	ресторан для свадьбы	16902921663	1	0	0.00	0.00	--	0	0.00
2026-09-13	118776779	Поиск Свадебные банкеты	5552984318	свадебный ресторан	16902921767	1	0	0.00	0.00	--	0	0.00
2026-09-13	118776779	Поиск Свадебные банкеты	5552984325	свадьба цена	16902921793	1	0	0.00	0.00	--	0	0.00
2026-09-13	118776779	Поиск Свадебные банкеты	5552984325	свадьба цена	16902921794	1	0	0.00	0.00	--	0	0.00
2026-09-13	118776779	Поиск Свадебные банкеты	5552984327	сколько стоит свадьба в москве	16902921801	1	0	0.00	0.00	--	0	0.00
2026-09-13	118776779	Поиск Свадебные банкеты	5552984341	свадьба в ресторане	16902921858	2	0	0.00	0.00	--	0	0.00
2026-09-13	118776779	Поиск Свадебные банкеты	5552984341	свадьба в ресторане	16902921860	1	0	0.00	0.00	--	0	0.00
2026-09-13	118776785	Ремаркетинг	5552984378	Новая группа	16902928679	3	0	0.00	0.00	--	0	0.00
2026-09-13	700792063	Тест РСЯ банкет	5598457174	Банкеты	17085709723	129	25	19.38	25.44	1.02	1	0.00
2026-09-13	700792063	Тест РСЯ банкет	5598457174	Банкеты	17085709724	182	29	15.93	45.24	1.56	0	0.00
2026-09-13	700792063	Тест РСЯ банкет	5598457174	Банкеты	17085709725	9731	223	2.29	4130.56	18.52	10	0.00
2026-09-13	700792063	Тест РСЯ банкет	5598457174	Банкеты	17085709726	158	24	15.19	62.16	2.59	0	0.00
2026-09-13	700792063	Тест РСЯ банкет	5598457175	Баннеры	17085709727	115	0	0.00	0.00	--	0	0.00
2026-09-13	700792072	Тест РСЯ конференции	5598457237	зал семинар	17085710063	1	0	0.00	0.00	--	0	0.00
2026-09-13	700792072	Тест РСЯ конференции	5598457238	конференц зал	17085710065	2	0	0.00	0.00	--	0	0.00
2026-09-13	700792082	Тест РСЯ Корпоративы	5598457300	провести корпоратив	17085710298	13	0	0.00	0.00	--	0	0.00
2026-09-13	700792082	Тест РСЯ Корпоративы	5598457301	корпоративные мероприятия	17085710301	47	0	0.00	0.00	--	0	0.00
2026-09-13	700792082	Тест РСЯ Корпоративы	5598457302	организация корпоратива	17085710304	45	0	0.00	0.00	--	0	0.00
2026-09-13	700792082	Тест РСЯ Корпоративы	5598457303	корпоративный праздник	17085710305	12	0	0.00	0.00	--	0	0.00
2026-09-13	700792082	Тест РСЯ Корпоративы	5598457303	корпоративный праздник	17085710306	819	16	1.95	139.59	8.72	0	0.00
2026-09-13	700792082	Тест РСЯ Корпоративы	5598457303	корпоративный праздник	17085710307	2	0	0.00	0.00	--	0	0.00
2026-09-13	700792082	Тест РСЯ Корпоративы	5598457304	проведение корпоратива	17085710308	31	1	3.23	19.63	19.63	0	0.00
2026-09-13	700792082	Тест РСЯ Корпоративы	5598457304	проведение корпоратива	17085710309	167	3	1.80	31.85	10.62	0	0.00
2026-09-13	700792082	Тест РСЯ Корпоративы	5598457305	ресторан для корпоратива	17085710311	15	0	0.00	0.00	--	0	0.00
2026-09-13	700792082	Тест РСЯ Корпоративы	5598457307	отметить корпоратив	17085710317	1	0	0.00	0.00	--	0	0.00
2026-09-13	700792082	Тест РСЯ Корпоративы	5598457307	отметить корпоратив	17085710318	2	0	0.00	0.00	--	0	0.00
2026-09-13	700792082	Тест РСЯ Корпоративы	5598457308	корпоратив в центре	17085710321	5037	45	0.89	421.93	9.38	0	0.00
2026-09-13	700792082	Тест РСЯ Корпоративы	5598457310	корпоратив на 50 челоек	17085710326	13	0	0.00	0.00	--	0	0.00
2026-09-13	700792082	Тест РСЯ Корпоративы	5598457310	корпоратив на 50 челоек	17085710327	262	11	4.20	16.91	1.54	0	0.00
2026-09-13	700792082	Тест РСЯ Корпоративы	5598457310	корпоратив на 50 челоек	17085710328	6	0	0.00	0.00	--	0	0.00
2026-09-13	700792082	Тест РСЯ Корпоративы	5598457311	корпоратив на 100 челоек	17085710329	42	1	2.38	22.03	22.03	0	0.00
2026-09-13	700792082	Тест РСЯ Корпоративы	5598457311	корпоратив на 100 челоек	17085710330	77	2	2.60	20.96	10.48	0	0.00
2026-09-13	700792082	Тест РСЯ Корпоративы	5598457311	корпоратив на 100 челоек	17085710331	695	16	2.30	112.63	7.04	0	0.00
2026-09-13	700792082	Тест РСЯ Корпоративы	5598457312	корпоратив на 150 челоек	17085710332	19	1	5.26	13.37	13.37	0	0.00
2026-09-13	700792082	Тест РСЯ Корпоративы	5598457312	корпоратив на 150 челоек	17085710333	216	6	2.78	41.68	6.95	0	0.00
2026-09-13	700792082	Тест РСЯ Корпоративы	5598457312	корпоратив на 150 челоек	17085710334	16	0	0.00	0.00	--	0	0.00
2026-09-13	700792082	Тест РСЯ Корпоративы	5598457313	корпоратив на 200 челоек	17085710335	5810	239	4.11	1356.69	5.68	0	0.00
2026-09-13	700792082	Тест РСЯ Корпоративы	5598457313	корпоратив на 200 челоек	17085710336	9	0	0.00	0.00	--	0	0.00
2026-09-13	700792082	Тест РСЯ Корпоративы	5598457313	корпоратив на 200 челоек	17085710337	7	0	0.00	0.00	--	0	0.00
2026-09-13	700792082	Тест РСЯ Корпоративы	5598457314	корпоратив на 250 челоек	17085710338	16	0	0.00	0.00	--	0	0.00
2026-09-13	700792082	Тест РСЯ Корпоративы	5598457314	корпоратив на 250 челоек	17085710339	53	0	0.00	0.00	--	0	0.00
2026-09-13	700792082	Тест РСЯ Корпоративы	5598457315	корпоратив на чистых прудах	17085710342	6	0	0.00	0.00	--	0	0.00
2026-09-13	700792082	Тест РСЯ Корпоративы	5598457316	корпоратив на красных воротах	17085710344	27	2	7.41	1.87	0.94	0	0.00
2026-09-13	700792082	Тест РСЯ Корпоративы	5598457316	корпоратив на красных воротах	17085710345	1158	9	0.78	71.80	7.98	0	0.00
2026-09-13	700792082	Тест РСЯ Корпоративы	5598457316	корпоратив на красных воротах	17085710346	33	1	3.03	8.59	8.59	0	0.00
2026-09-13	700792082	Тест РСЯ Корпоративы	5598457317	корпоративы с караоке	17085710347	28	0	0.00	0.00	--	0	0.00
2026-09-13	700792082	Тест РСЯ Корпоративы	5598457317	корпоративы с караоке	17085710348	59	0	0.00	0.00	--	0	0.00
2026-09-13	700792082	Тест РСЯ Корпоративы	5598457317	корпоративы с караоке	17085710349	47	0	0.00	0.00	--	0	0.00
2026-09-13	700792082	Тест РСЯ Корпоративы	5598457318	Баннеры	17085710350	18	3	16.67	10.28	3.43	0	0.00
2026-09-13	700792082	Тест РСЯ Корпоративы	5598457318	Баннеры	17085710352	2	0	0.00	0.00	--	0	0.00
2026-09-13	700792082	Тест РСЯ Корпоративы	5598457321	корпоратив 30	17085710360	41	0	0.00	0.00	--	0	0.00
2026-09-13	700792082	Тест РСЯ Корпоративы	5598457321	корпоратив 30	17085710361	108	0	0.00	0.00	--	0	0.00
2026-09-13	700792082	Тест РСЯ Корпоративы	5598457321	корпоратив 30	17085710362	689	6	0.87	43.29	7.22	0	0.00
2026-09-13	700792082	Тест РСЯ Корпоративы	5598457322	корпоратив 40	17085710363	40	1	2.50	8.26	8.26	0	0.00
2026-09-13	700792082	Тест РСЯ Корпоративы	5598457322	корпоратив 40	17085710364	32	1	3.12	5.29	5.29	0	0.00
2026-09-13	700792082	Тест РСЯ Корпоративы	5598457322	корпоратив 40	17085710365	7	0	0.00	0.00	--	0	0.00
2026-09-13	700792084	Тест РСЯ Свадебные банкеты	5598457353	свадьба в москве	17085710533	1133	26	2.29	184.30	7.09	21	0.00
2026-09-13	700792084	Тест РСЯ Свадебные банкеты	5598457353	свадьба в москве	17085710534	3361	176	5.24	671.91	3.82	103	0.00
2026-09-13	700792084	Тест РСЯ Свадебные банкеты	5598457353	свадьба в москве	17085710535	13	0	0.00	0.00	--	0	0.00
2026-09-13	700792084	Тест РСЯ Свадебные банкеты	5598457353	свадьба в москве	17085710536	12	0	0.00	0.00	--	0	0.00
2026-09-13	700792084	Тест РСЯ Свадебные банкеты	5598457354	свадебный ресторан	17085710538	114	8	7.02	230.03	28.75	8	0.00
2026-09-13	700792084	Тест РСЯ Свадебные банкеты	5598457354	свадебный ресторан	17085710539	20	0	0.00	0.00	--	0	0.00
2026-09-13	700792084	Тест РСЯ Свадебные банкеты	5598457354	свадебный ресторан	17085710540	11	0	0.00	0.00	--	0	0.00
2026-09-13	700792084	Тест РСЯ Свадебные банкеты	5598457355	площадка для свадьбы	17085710541	21	8	38.10	8.62	1.08	8	0.00
2026-09-13	700792084	Тест РСЯ Свадебные банкеты	5598457355	площадка для свадьбы	17085710542	22	7	31.82	6.17	0.88	7	0.00
2026-09-13	700792084	Тест РСЯ Свадебные банкеты	5598457355	площадка для свадьбы	17085710543	3	1	33.33	0.45	0.45	2	0.00
2026-09-13	700792084	Тест РСЯ Свадебные банкеты	5598457355	площадка для свадьбы	17085710544	3	1	33.33	2.03	2.03	2	0.00
2026-09-13	700792084	Тест РСЯ Свадебные банкеты	5598457356	веранда для свадьбы	17085710546	281	50	17.79	36.12	0.72	42	0.00
2026-09-13	700792084	Тест РСЯ Свадебные банкеты	5598457356	веранда для свадьбы	17085710547	2	0	0.00	0.00	--	0	0.00
2026-09-13	700792084	Тест РСЯ Свадебные банкеты	5598457356	веранда для свадьбы	17085710548	15	0	0.00	0.00	--	0	0.00
2026-09-13	700792084	Тест РСЯ Свадебные банкеты	5598457357	свадебный зал	17085710549	21	3	14.29	1.65	0.55	4	0.00
2026-09-13	700792084	Тест РСЯ Свадебные банкеты	5598457357	свадебный зал	17085710550	91	27	29.67	14.53	0.54	20	0.00
2026-09-13	700792084	Тест РСЯ Свадебные банкеты	5598457357	свадебный зал	17085710551	7	0	0.00	0.00	--	0	0.00
2026-09-13	700792084	Тест РСЯ Свадебные банкеты	5598457357	свадебный зал	17085710552	155	44	28.39	30.62	0.70	66	0.00
2026-09-13	700792084	Тест РСЯ Свадебные банкеты	5598457358	свадьба под ключ	17085710553	22	0	0.00	0.00	--	2	0.00
2026-09-13	700792084	Тест РСЯ Свадебные банкеты	5598457358	свадьба под ключ	17085710554	32	0	0.00	0.00	--	0	0.00
2026-09-13	700792084	Тест РСЯ Свадебные банкеты	5598457358	свадьба под ключ	17085710555	11	0	0.00	0.00	--	0	0.00
2026-09-13	700792084	Тест РСЯ Свадебные банкеты	5598457358	свадьба под ключ	17085710556	16	1	6.25	2.12	2.12	1	0.00
2026-09-13	700792084	Тест РСЯ Свадебные банкеты	5598457359	банкет для свадьбы	17085710557	8	5	62.50	4.16	0.83	3	0.00
2026-09-13	700792084	Тест РСЯ Свадебные банкеты	5598457359	банкет для свадьбы	17085710558	202	44	21.78	35.94	0.82	50	0.00
2026-09-13	700792084	Тест РСЯ Свадебные банкеты	5598457359	банкет для свадьбы	17085710559	8	1	12.50	138.86	138.86	2	0.00
2026-09-13	700792084	Тест РСЯ Свадебные банкеты	5598457359	банкет для свадьбы	17085710560	7	0	0.00	0.00	--	0	0.00
2026-09-13	700792084	Тест РСЯ Свадебные банкеты	5598457360	ресторан для свадьбы	17085710561	5	2	40.00	2.44	1.22	2	0.00
2026-09-13	700792084	Тест РСЯ Свадебные банкеты	5598457360	ресторан для свадьбы	17085710562	7	0	0.00	0.00	--	0	0.00
2026-09-13	700792084	Тест РСЯ Свадебные банкеты	5598457360	ресторан для свадьбы	17085710563	2	0	0.00	0.00	--	0	0.00
2026-09-13	700792084	Тест РСЯ Свадебные банкеты	5598457360	ресторан для свадьбы	17085710564	1746	173	9.91	474.72	2.74	180	0.00
2026-09-13	700792084	Тест РСЯ Свадебные банкеты	5598457361	зал для свадьбы	17085710565	8	4	50.00	2.75	0.69	3	0.00
2026-09-13	700792084	Тест РСЯ Свадебные банкеты	5598457361	зал для свадьбы	17085710566	6	0	0.00	0.00	--	0	0.00
2026-09-13	700792084	Тест РСЯ Свадебные банкеты	5598457361	зал для свадьбы	17085710567	173	42	24.28	36.43	0.87	58	0.00
2026-09-13	700792084	Тест РСЯ Свадебные банкеты	5598457361	зал для свадьбы	17085710568	3	0	0.00	0.00	--	0	0.00
2026-09-13	700792084	Тест РСЯ Свадебные банкеты	5598457362	Ремаркетинг на просмотры страницы свадьбы	17085710569	86	13	15.12	8.61	0.66	19	0.00
2026-09-13	702195391	Тест РСЯ банкет (Похожие сайты)	5622970380	Банкеты	17201006655	77	20	25.97	27.36	1.37	0	0.00
2026-09-13	702195391	Тест РСЯ банкет (Похожие сайты)	5622970380	Банкеты	17201006656	85	25	29.41	61.60	2.46	0	0.00
2026-09-13	702195391	Тест РСЯ банкет (Похожие сайты)	5622970380	Банкеты	17201006657	392	9	2.30	76.36	8.48	0	0.00
2026-09-13	702195391	Тест РСЯ банкет (Похожие сайты)	5622970380	Банкеты	17201006658	133	22	16.54	58.01	2.64	0	0.00
2026-09-13	702195391	Тест РСЯ банкет (Похожие сайты)	5622970381	Баннеры	17201006659	785	13	1.66	346.94	26.69	1	0.00
2026-09-13	700792082	Тест РСЯ Корпоративы	5628294387	новогодний корпоратив	17235485071	85	0	0.00	0.00	--	0	0.00
2026-09-13	700792082	Тест РСЯ Корпоративы	5628294388	корпоративный новый год	17235485072	42	0	0.00	0.00	--	0	0.00
2026-09-13	700792082	Тест РСЯ Корпоративы	5628294389	корпоратив на новый год	17235485073	36	0	0.00	0.00	--	0	0.00
2026-09-13	708328266	РСЯ банкетное меню	5734561489	Банкеты	17663635579	6290	182	2.89	1919.64	10.55	3	0.00
2026-09-13	709907560	Поиск Банкеты( конверсии)	5750739663	проведение банкетов	17718636702	1	0	0.00	0.00	--	0	0.00
2026-09-13	709907560	Поиск Банкеты( конверсии)	5750739678	мероприятия банкеты	17718636764	1	0	0.00	0.00	--	0	0.00
2026-09-13	709907560	Поиск Банкеты( конверсии)	5750739683	банкетная площадка	17718636786	1	0	0.00	0.00	--	0	0.00
2026-09-13	709907560	Поиск Банкеты( конверсии)	5750739683	банкетная площадка	17718636787	1	0	0.00	0.00	--	0	0.00
2026-09-13	709907560	Поиск Банкеты( конверсии)	5750739685	банкетные залы	17718636792	1	0	0.00	0.00	--	0	0.00
2026-09-13	709907560	Поиск Банкеты( конверсии)	5750739685	банкетные залы	17718636794	3	0	0.00	0.00	--	0	0.00
2026-09-13	709907560	Поиск Банкеты( конверсии)	5750739685	банкетные залы	17718636795	2	0	0.00	0.00	--	0	0.00
2026-09-13	709907560	Поиск Банкеты( конверсии)	5750739686	Отметить день рождения в ресторане	17718636796	4	0	0.00	0.00	--	0	0.00
2026-09-13	709907560	Поиск Банкеты( конверсии)	5750739686	Отметить день рождения в ресторане	17718636799	1	1	100.00	415.27	415.27	0	0.00
2026-09-13	709907560	Поиск Банкеты( конверсии)	5750739687	день рождения в ресторане	17718636804	4	0	0.00	0.00	--	0	0.00
2026-09-13	709907560	Поиск Банкеты( конверсии)	5750739687	день рождения в ресторане	17718636805	2	0	0.00	0.00	--	0	0.00
2026-09-13	700792082	Тест РСЯ Корпоративы	5628294387	новогодний корпоратив	17770196555	176	1	0.57	13.42	13.42	0	0.00
2026-09-13	700792082	Тест РСЯ Корпоративы	5628294387	новогодний корпоратив	17770196556	29	0	0.00	0.00	--	0	0.00
2026-09-13	700792082	Тест РСЯ Корпоративы	5628294388	корпоративный новый год	17770196557	25	0	0.00	0.00	--	0	0.00
2026-09-13	700792082	Тест РСЯ Корпоративы	5628294388	корпоративный новый год	17770196558	22	0	0.00	0.00	--	0	0.00
2026-09-13	700792082	Тест РСЯ Корпоративы	5628294389	корпоратив на новый год	17770196559	2	0	0.00	0.00	--	0	0.00
2026-09-13	712849433	Поиск Банкеты квиз( конверсии)	5773918658	банкеты караоке	1915822986185365499	1	0	0.00	0.00	--	0	0.00
2026-09-13	712849433	Поиск Банкеты квиз( конверсии)	5773918665	банкет на день рождения	1915822986185365506	5	0	0.00	0.00	--	0	0.00
2026-09-13	712849433	Поиск Банкеты квиз( конверсии)	5773918669	мероприятия банкеты	1915822986185365510	1	0	0.00	0.00	--	0	0.00
2026-09-13	712849433	Поиск Банкеты квиз( конверсии)	5773918674	ресторан для юбилея	1915822986185365515	3	1	33.33	54.93	54.93	1	0.00
2026-09-13	712849433	Поиск Банкеты квиз( конверсии)	5773918675	банкетные залы	1915822986185365516	4	0	0.00	0.00	--	0	0.00
2026-09-13	712849433	Поиск Банкеты квиз( конверсии)	5773918676	Отметить день рождения в ресторане	1915822986185365517	6	0	0.00	0.00	--	0	0.00
2026-09-13	712849433	Поиск Банкеты квиз( конверсии)	5773918677	день рождения в ресторане	1915822986185365518	4	0	0.00	0.00	--	0	0.00
2026-09-13	712849433	Поиск Банкеты квиз( конверсии)	5773918688	банкетный зал 160	1915822986185365529	1	0	0.00	0.00	--	0	0.00
2026-09-14	118776773	Поиск Корпоративы	5552984025	развлекательные корпоративные мероприятия	16902913680	1	0	0.00	0.00	--	0	0.00
2026-09-14	118776773	Поиск Корпоративы	5552984025	развлекательные корпоративные мероприятия	16902913681	5	0	0.00	0.00	--	0	0.00
2026-09-14	118776773	Поиск Корпоративы	5552984034	где интересно провести корпоратив	16902913704	3	0	0.00	0.00	--	0	0.00
2026-09-14	118776773	Поиск Корпоративы	5552984038	где можно провести корпоратив	16902913716	2	0	0.00	0.00	--	0	0.00
2026-09-14	118776773	Поиск Корпоративы	5552984055	где провести новогодний корпоратив	16902913748	2	0	0.00	0.00	--	0	0.00
2026-09-14	118776773	Поиск Корпоративы	5552984098	корпоративные мероприятия москва	16902913815	2	0	0.00	0.00	--	0	0.00
2026-09-14	118776773	Поиск Корпоративы	5552984098	корпоративные мероприятия москва	16902913816	1	0	0.00	0.00	--	0	0.00
2026-09-14	118776773	Поиск Корпоративы	5552984098	корпоративные мероприятия москва	16902913817	9	0	0.00	0.00	--	0	0.00
2026-09-14	118776773	Поиск Корпоративы	5552984121	места для проведения корпоратива	16902913847	2	0	0.00	0.00	--	0	0.00
2026-09-14	118776773	Поиск Корпоративы	5552984145	организация корпоративных мероприятий	16902913889	1	1	100.00	284.68	284.68	0	0.00
2026-09-14	118776773	Поиск Корпоративы	5552984148	организация корпоративных мероприятий москва	16902913899	1	0	0.00	0.00	--	0	0.00
2026-09-14	118776773	Поиск Корпоративы	5552984150	организация корпоративов	16902913904	1	0	0.00	0.00	--	0	0.00
2026-09-14	118776773	Поиск Корпоративы	5552984162	площадки для корпоративных мероприятий в москве	16902913932	1	0	0.00	0.00	--	0	0.00
2026-09-14	118776773	Поиск Корпоративы	5552984164	площадки для проведения корпоративных мероприятий в москве	16902913936	1	0	0.00	0.00	--	0	0.00
2026-09-14	118776773	Поиск Корпоративы	5552984168	праздничные корпоративные мероприятия	16902913944	1	0	0.00	0.00	--	0	0.00
2026-09-14	118776773	Поиск Корпоративы	5552984168	праздничные корпоративные мероприятия	16902913945	3	0	0.00	0.00	--	0	0.00
2026-09-14	118776773	Поиск Корпоративы	5552984173	проведение корпоративных мероприятий москва	16902913956	2	0	0.00	0.00	--	0	0.00
2026-09-14	118776773	Поиск Корпоративы	5552984174	проведение корпоративов	16902913959	2	0	0.00	0.00	--	0	0.00
2026-09-14	118776773	Поиск Корпоративы	5552984176	банкетный зал для корпоратива	16902913964	1	0	0.00	0.00	--	0	0.00
2026-09-14	118776773	Поиск Корпоративы	5552984178	отметить корпоратив	16902913971	3	0	0.00	0.00	--	0	0.00
2026-09-14	118776773	Поиск Корпоративы	5552984178	отметить корпоратив	16902913972	1	0	0.00	0.00	--	0	0.00
2026-09-14	118776773	Поиск Корпоративы	5552984186	корпоратив в ресторане	16902913985	3	0	0.00	0.00	--	0	0.00
2026-09-14	118776773	Поиск Корпоративы	5552984190	ресторан для корпоратива	16902913992	3	0	0.00	0.00	--	0	0.00
2026-09-14	118776773	Поиск Корпоративы	5552984190	ресторан для корпоратива	16902913993	11	1	9.09	565.39	565.39	0	0.00
2026-09-14	118776773	Поиск Корпоративы	5552984192	лучший ресторан для корпоратива	16902913997	5	1	20.00	476.63	476.63	0	0.00
2026-09-14	118776773	Поиск Корпоративы	5552984196	большой ресторан для корпоратива	16902914005	4	1	25.00	346.92	346.92	0	0.00
2026-09-14	118776779	Поиск Свадебные банкеты	5552984223	заказать свадьбу	16902921385	3	0	0.00	0.00	--	0	0.00
2026-09-14	118776779	Поиск Свадебные банкеты	5552984225	банкетный зал для свадьбы	16902921392	2	0	0.00	0.00	--	0	0.00
2026-09-14	118776779	Поиск Свадебные банкеты	5552984225	банкетный зал для свадьбы	16902921393	2	0	0.00	0.00	--	0	0.00
2026-09-14	118776779	Поиск Свадебные банкеты	5552984225	банкетный зал для свадьбы	16902921394	1	0	0.00	0.00	--	0	0.00
2026-09-14	118776779	Поиск Свадебные банкеты	5552984225	банкетный зал для свадьбы	16902921395	2	0	0.00	0.00	--	0	0.00
2026-09-14	118776779	Поиск Свадебные банкеты	5552984226	банкетный зал для проведения свадьбы	16902921397	1	0	0.00	0.00	--	0	0.00
2026-09-14	118776779	Поиск Свадебные банкеты	5552984226	банкетный зал для проведения свадьбы	16902921398	3	0	0.00	0.00	--	0	0.00
2026-09-14	118776779	Поиск Свадебные банкеты	5552984227	где можно сыграть свадьбу	16902921402	1	0	0.00	0.00	--	0	0.00
2026-09-14	118776779	Поиск Свадебные банкеты	5552984229	залы для проведения свадьбы	16902921410	1	0	0.00	0.00	--	0	0.00
2026-09-14	118776779	Поиск Свадебные банкеты	5552984230	залы для свадебных банкетов	16902921413	1	0	0.00	0.00	--	0	0.00
2026-09-14	118776779	Поиск Свадебные банкеты	5552984232	зал для свадьбы в москве	16902921422	5	0	0.00	0.00	--	0	0.00
2026-09-14	118776779	Поиск Свадебные банкеты	5552984235	где сыграть свадьбу в москве	16902921434	2	0	0.00	0.00	--	0	0.00
2026-09-14	118776779	Поиск Свадебные банкеты	5552984235	где сыграть свадьбу в москве	16902921435	1	0	0.00	0.00	--	0	0.00
2026-09-14	118776779	Поиск Свадебные банкеты	5552984236	банкет на свадьбу в москве	16902921438	1	0	0.00	0.00	--	0	0.00
2026-09-14	118776779	Поиск Свадебные банкеты	5552984242	где можно отметить свадьбу	16902921460	1	0	0.00	0.00	--	0	0.00
2026-09-14	118776779	Поиск Свадебные банкеты	5552984243	зал для свадьбы	16902921466	1	0	0.00	0.00	--	0	0.00
2026-09-14	118776779	Поиск Свадебные банкеты	5552984245	банкетные залы для свадьбы в москве	16902921472	1	0	0.00	0.00	--	0	0.00
2026-09-14	118776779	Поиск Свадебные банкеты	5552984245	банкетные залы для свадьбы в москве	16902921474	1	0	0.00	0.00	--	0	0.00
2026-09-14	118776779	Поиск Свадебные банкеты	5552984251	банкет на свадьбу	16902921496	1	0	0.00	0.00	--	0	0.00
2026-09-14	118776779	Поиск Свадебные банкеты	5552984252	где отметить свадьбу в москве	16902921501	1	0	0.00	0.00	--	0	0.00
2026-09-14	118776779	Поиск Свадебные банкеты	5552984252	где отметить свадьбу в москве	16902921502	2	0	0.00	0.00	--	0	0.00
2026-09-14	118776779	Поиск Свадебные банкеты	5552984253	как организовать свадьбу	16902921505	1	0	0.00	0.00	--	0	0.00
2026-09-14	118776779	Поиск Свадебные банкеты	5552984253	как организовать свадьбу	16902921506	1	0	0.00	0.00	--	0	0.00
2026-09-14	118776779	Поиск Свадебные банкеты	5552984254	как отметить свадьбу	16902921510	3	0	0.00	0.00	--	0	0.00
2026-09-14	118776779	Поиск Свадебные банкеты	5552984255	как отметить свадьбу москве	16902921513	1	0	0.00	0.00	--	0	0.00
2026-09-14	118776779	Поиск Свадебные банкеты	5552984255	как отметить свадьбу москве	16902921514	8	0	0.00	0.00	--	0	0.00
2026-09-14	118776779	Поиск Свадебные банкеты	5552984255	как отметить свадьбу москве	16902921515	3	1	33.33	196.19	196.19	1	0.00
2026-09-14	118776779	Поиск Свадебные банкеты	5552984255	как отметить свадьбу москве	16902921516	2	0	0.00	0.00	--	0	0.00
2026-09-14	118776779	Поиск Свадебные банкеты	5552984257	красивая свадьба в москве	16902921521	1	0	0.00	0.00	--	0	0.00
2026-09-14	118776779	Поиск Свадебные банкеты	5552984257	красивая свадьба в москве	16902921522	5	0	0.00	0.00	--	0	0.00
2026-09-14	118776779	Поиск Свадебные банкеты	5552984257	красивая свадьба в москве	16902921523	1	0	0.00	0.00	--	0	0.00
2026-09-14	118776779	Поиск Свадебные банкеты	5552984257	красивая свадьба в москве	16902921524	5	0	0.00	0.00	--	0	0.00
2026-09-14	118776779	Поиск Свадебные банкеты	5552984258	красивые места для свадьбы в москве	16902921525	1	0	0.00	0.00	--	0	0.00
2026-09-14	118776779	Поиск Свадебные банкеты	5552984259	красивые рестораны для свадьбы	16902921531	2	0	0.00	0.00	--	0	0.00
2026-09-14	118776779	Поиск Свадебные банкеты	5552984267	места для проведения свадьбы	16902921562	2	0	0.00	0.00	--	0	0.00
2026-09-14	118776779	Поиск Свадебные банкеты	5552984267	места для проведения свадьбы	16902921563	1	0	0.00	0.00	--	0	0.00
2026-09-14	118776779	Поиск Свадебные банкеты	5552984268	места для проведения свадьбы в москве	16902921565	5	0	0.00	0.00	--	0	0.00
2026-09-14	118776779	Поиск Свадебные банкеты	5552984268	места для проведения свадьбы в москве	16902921568	2	1	50.00	124.19	124.19	1	0.00
2026-09-14	118776779	Поиск Свадебные банкеты	5552984269	места для свадьбы в москве	16902921569	5	1	20.00	452.46	452.46	1	0.00
2026-09-14	118776779	Поиск Свадебные банкеты	5552984269	места для свадьбы в москве	16902921571	1	0	0.00	0.00	--	0	0.00
2026-09-14	118776779	Поиск Свадебные банкеты	5552984269	места для свадьбы в москве	16902921572	2	1	50.00	109.90	109.90	1	0.00
2026-09-14	118776779	Поиск Свадебные банкеты	5552984270	место для свадьбы	16902921573	2	1	50.00	159.89	159.89	1	0.00
2026-09-14	118776779	Поиск Свадебные банкеты	5552984270	место для свадьбы	16902921574	5	0	0.00	0.00	--	0	0.00
2026-09-14	118776779	Поиск Свадебные банкеты	5552984270	место для свадьбы	16902921575	4	1	25.00	114.39	114.39	1	0.00
2026-09-14	118776779	Поиск Свадебные банкеты	5552984272	организация свадьбы в москве	16902921581	2	0	0.00	0.00	--	0	0.00
2026-09-14	118776779	Поиск Свадебные банкеты	5552984272	организация свадьбы в москве	16902921582	8	0	0.00	0.00	--	0	0.00
2026-09-14	118776779	Поиск Свадебные банкеты	5552984272	организация свадьбы в москве	16902921583	3	0	0.00	0.00	--	0	0.00
2026-09-14	118776779	Поиск Свадебные банкеты	5552984272	организация свадьбы в москве	16902921584	6	0	0.00	0.00	--	0	0.00
2026-09-14	118776779	Поиск Свадебные банкеты	5552984273	организация свадьбы ключ	16902921585	1	0	0.00	0.00	--	0	0.00
2026-09-14	118776779	Поиск Свадебные банкеты	5552984273	организация свадьбы ключ	16902921587	1	0	0.00	0.00	--	0	0.00
2026-09-14	118776779	Поиск Свадебные банкеты	5552984275	организация свадьбы под ключ в москве	16902921595	1	0	0.00	0.00	--	0	0.00
2026-09-14	118776779	Поиск Свадебные банкеты	5552984275	организация свадьбы под ключ в москве	16902921596	1	1	100.00	238.40	238.40	1	0.00
2026-09-14	118776779	Поиск Свадебные банкеты	5552984276	организовать свадьбу в москве	16902921597	2	0	0.00	0.00	--	0	0.00
2026-09-14	118776779	Поиск Свадебные банкеты	5552984276	организовать свадьбу в москве	16902921599	3	0	0.00	0.00	--	0	0.00
2026-09-14	118776779	Поиск Свадебные банкеты	5552984281	площадки для свадьбы	16902921617	2	0	0.00	0.00	--	0	0.00
2026-09-14	118776779	Поиск Свадебные банкеты	5552984281	площадки для свадьбы	16902921618	11	0	0.00	0.00	--	0	0.00
2026-09-14	118776779	Поиск Свадебные банкеты	5552984281	площадки для свадьбы	16902921619	5	0	0.00	0.00	--	0	0.00
2026-09-14	118776779	Поиск Свадебные банкеты	5552984282	площадки для свадьбы в москве	16902921621	2	0	0.00	0.00	--	0	0.00
2026-09-14	118776779	Поиск Свадебные банкеты	5552984282	площадки для свадьбы в москве	16902921622	1	0	0.00	0.00	--	0	0.00
2026-09-14	118776779	Поиск Свадебные банкеты	5552984282	площадки для свадьбы в москве	16902921623	6	0	0.00	0.00	--	0	0.00
2026-09-14	118776779	Поиск Свадебные банкеты	5552984282	площадки для свадьбы в москве	16902921624	1	0	0.00	0.00	--	0	0.00
2026-09-14	118776779	Поиск Свадебные банкеты	5552984285	проведение свадеб в москве	16902921633	3	0	0.00	0.00	--	0	0.00
2026-09-14	118776779	Поиск Свадебные банкеты	5552984285	проведение свадеб в москве	16902921634	2	0	0.00	0.00	--	0	0.00
2026-09-14	118776779	Поиск Свадебные банкеты	5552984285	проведение свадеб в москве	16902921636	4	0	0.00	0.00	--	0	0.00
2026-09-14	118776779	Поиск Свадебные банкеты	5552984286	проведение свадьбы	16902921637	3	0	0.00	0.00	--	0	0.00
2026-09-14	118776779	Поиск Свадебные банкеты	5552984286	проведение свадьбы	16902921638	10	0	0.00	0.00	--	0	0.00
2026-09-14	118776779	Поиск Свадебные банкеты	5552984286	проведение свадьбы	16902921639	4	0	0.00	0.00	--	0	0.00
2026-09-14	118776779	Поиск Свадебные банкеты	5552984286	проведение свадьбы	16902921640	5	0	0.00	0.00	--	0	0.00
2026-09-14	118776779	Поиск Свадебные банкеты	5552984287	провести свадьбу в москве	16902921641	1	0	0.00	0.00	--	0	0.00
2026-09-14	118776779	Поиск Свадебные банкеты	5552984287	провести свадьбу в москве	16902921642	2	0	0.00	0.00	--	0	0.00
2026-09-14	118776779	Поиск Свадебные банкеты	5552984289	ресторан в москве для проведения свадьбы	16902921651	1	0	0.00	0.00	--	0	0.00
2026-09-14	118776779	Поиск Свадебные банкеты	5552984289	ресторан в москве для проведения свадьбы	16902921652	2	0	0.00	0.00	--	0	0.00
2026-09-14	118776779	Поиск Свадебные банкеты	5552984292	ресторан для свадьбы	16902921662	3	0	0.00	0.00	--	0	0.00
2026-09-14	118776779	Поиск Свадебные банкеты	5552984292	ресторан для свадьбы	16902921663	2	0	0.00	0.00	--	0	0.00
2026-09-14	118776779	Поиск Свадебные банкеты	5552984292	ресторан для свадьбы	16902921664	1	0	0.00	0.00	--	0	0.00
2026-09-14	118776779	Поиск Свадебные банкеты	5552984305	рестораны для свадьбы в москве	16902921715	3	1	33.33	217.36	217.36	1	0.00
2026-09-14	118776779	Поиск Свадебные банкеты	5552984305	рестораны для свадьбы в москве	16902921716	1	0	0.00	0.00	--	0	0.00
2026-09-14	118776779	Поиск Свадебные банкеты	5552984312	свадебные залы москвы	16902921741	1	0	0.00	0.00	--	0	0.00
2026-09-14	118776779	Поиск Свадебные банкеты	5552984312	свадебные залы москвы	16902921742	3	0	0.00	0.00	--	0	0.00
2026-09-14	118776779	Поиск Свадебные банкеты	5552984313	свадебные рестораны в москве	16902921745	7	1	14.29	303.83	303.83	1	0.00
2026-09-14	118776779	Поиск Свадебные банкеты	5552984314	свадебный банкет	16902921750	1	0	0.00	0.00	--	0	0.00
2026-09-14	118776779	Поиск Свадебные банкеты	5552984315	свадебный банкет в москве	16902921754	3	2	66.67	1091.35	545.68	1	0.00
2026-09-14	118776779	Поиск Свадебные банкеты	5552984317	свадебный зал	16902921761	1	0	0.00	0.00	--	0	0.00
2026-09-14	118776779	Поиск Свадебные банкеты	5552984317	свадебный зал	16902921762	3	0	0.00	0.00	--	0	0.00
2026-09-14	118776779	Поиск Свадебные банкеты	5552984318	свадебный ресторан	16902921765	1	0	0.00	0.00	--	0	0.00
2026-09-14	118776779	Поиск Свадебные банкеты	5552984318	свадебный ресторан	16902921766	1	0	0.00	0.00	--	0	0.00
2026-09-14	118776779	Поиск Свадебные банкеты	5552984318	свадебный ресторан	16902921767	1	0	0.00	0.00	--	0	0.00
2026-09-14	118776779	Поиск Свадебные банкеты	5552984318	свадебный ресторан	16902921768	1	0	0.00	0.00	--	0	0.00
2026-09-14	118776779	Поиск Свадебные банкеты	5552984320	свадьба в центре москвы	16902921773	1	0	0.00	0.00	--	0	0.00
2026-09-14	118776779	Поиск Свадебные банкеты	5552984320	свадьба в центре москвы	16902921774	1	0	0.00	0.00	--	0	0.00
2026-09-14	118776779	Поиск Свадебные банкеты	5552984325	свадьба цена	16902921793	1	0	0.00	0.00	--	0	0.00
2026-09-14	118776779	Поиск Свадебные банкеты	5552984325	свадьба цена	16902921794	1	0	0.00	0.00	--	0	0.00
2026-09-14	118776779	Поиск Свадебные банкеты	5552984325	свадьба цена	16902921795	1	0	0.00	0.00	--	0	0.00
2026-09-14	118776779	Поиск Свадебные банкеты	5552984325	свадьба цена	16902921796	1	0	0.00	0.00	--	0	0.00
2026-09-14	118776779	Поиск Свадебные банкеты	5552984327	сколько стоит свадьба в москве	16902921801	1	0	0.00	0.00	--	0	0.00
2026-09-14	118776779	Поиск Свадебные банкеты	5552984327	сколько стоит свадьба в москве	16902921803	1	0	0.00	0.00	--	0	0.00
2026-09-14	118776779	Поиск Свадебные банкеты	5552984329	снять ресторан для свадьбы	16902921811	2	0	0.00	0.00	--	0	0.00
2026-09-14	118776779	Поиск Свадебные банкеты	5552984332	сыграть свадьбу в москве	16902921821	1	0	0.00	0.00	--	0	0.00
2026-09-14	118776779	Поиск Свадебные банкеты	5552984332	сыграть свадьбу в москве	16902921823	5	1	20.00	92.39	92.39	0	0.00
2026-09-14	118776779	Поиск Свадебные банкеты	5552984333	услуги проведения свадьбы	16902921826	5	1	20.00	282.67	282.67	1	0.00
2026-09-14	118776779	Поиск Свадебные банкеты	5552984334	уютный ресторан для свадьбы	16902921831	1	1	100.00	726.40	726.40	1	0.00
2026-09-14	118776779	Поиск Свадебные банкеты	5552984341	свадьба в ресторане	16902921860	1	0	0.00	0.00	--	0	0.00
2026-09-14	118776779	Поиск Свадебные банкеты	5552984342	отметить свадьбу в ресторане	16902921862	1	0	0.00	0.00	--	0	0.00
2026-09-14	118776779	Поиск Свадебные банкеты	5552984346	место для свадебной церемонии	16902921878	1	0	0.00	0.00	--	0	0.00
2026-09-14	118776779	Поиск Свадебные банкеты	5552984351	ресторан для свадьбы в москве	16902921897	2	0	0.00	0.00	--	0	0.00
2026-09-14	118776779	Поиск Свадебные банкеты	5552984351	ресторан для свадьбы в москве	16902921898	2	0	0.00	0.00	--	0	0.00
2026-09-14	118776779	Поиск Свадебные банкеты	5552984351	ресторан для свадьбы в москве	16902921899	2	0	0.00	0.00	--	0	0.00
2026-09-14	118776779	Поиск Свадебные банкеты	5552984351	ресторан для свадьбы в москве	16902921900	1	0	0.00	0.00	--	0	0.00
2026-09-14	118776785	Ремаркетинг	5552984378	Новая группа	16902928679	150	11	7.33	0.00	0.00	5	0.00
2026-09-14	118776785	Ремаркетинг	5552984378	Новая группа	16902937188	2	1	50.00	0.00	0.00	0	0.00
2026-09-14	118776779	Поиск Свадебные банкеты	5596541487	банкетный зал для свадьбы москва	17078756108	1	0	0.00	0.00	--	0	0.00
2026-09-14	118776779	Поиск Свадебные банкеты	5596541487	банкетный зал для свадьбы москва	17078756110	1	0	0.00	0.00	--	0	0.00
2026-09-14	700792063	Тест РСЯ банкет	5598457174	Банкеты	17085709723	64	0	0.00	0.00	--	0	0.00
2026-09-14	700792063	Тест РСЯ банкет	5598457174	Банкеты	17085709724	379	16	4.22	10.46	0.65	0	0.00
2026-09-14	700792063	Тест РСЯ банкет	5598457174	Банкеты	17085709725	20748	154	0.74	5690.28	36.95	10	0.00
2026-09-14	700792063	Тест РСЯ банкет	5598457174	Банкеты	17085709726	193	3	1.55	185.76	61.92	1	0.00
2026-09-14	700792063	Тест РСЯ банкет	5598457175	Баннеры	17085709727	137	0	0.00	0.00	--	0	0.00
2026-09-14	700792072	Тест РСЯ конференции	5598457234	аренда семинар	17085710057	3	0	0.00	0.00	--	0	0.00
2026-09-14	700792072	Тест РСЯ конференции	5598457237	зал семинар	17085710062	5	0	0.00	0.00	--	0	0.00
2026-09-14	700792072	Тест РСЯ конференции	5598457237	зал семинар	17085710063	16	0	0.00	0.00	--	0	0.00
2026-09-14	700792072	Тест РСЯ конференции	5598457238	конференц зал	17085710064	27	0	0.00	0.00	--	0	0.00
2026-09-14	700792072	Тест РСЯ конференции	5598457238	конференц зал	17085710065	7	0	0.00	0.00	--	0	0.00
2026-09-14	700792072	Тест РСЯ конференции	5598457241	организовать конференцию	17085710070	2	0	0.00	0.00	--	0	0.00
2026-09-14	700792072	Тест РСЯ конференции	5598457244	подготовка конференции	17085710077	1	1	100.00	0.00	0.00	0	0.00
2026-09-14	700792082	Тест РСЯ Корпоративы	5598457300	провести корпоратив	17085710298	21	0	0.00	0.00	--	0	0.00
2026-09-14	700792082	Тест РСЯ Корпоративы	5598457301	корпоративные мероприятия	17085710301	37	0	0.00	0.00	--	0	0.00
2026-09-14	700792082	Тест РСЯ Корпоративы	5598457302	организация корпоратива	17085710304	289	2	0.69	11.54	5.77	0	0.00
2026-09-14	700792082	Тест РСЯ Корпоративы	5598457303	корпоративный праздник	17085710305	13	0	0.00	0.00	--	0	0.00
2026-09-14	700792082	Тест РСЯ Корпоративы	5598457303	корпоративный праздник	17085710306	1355	3	0.22	72.48	24.16	0	0.00
2026-09-14	700792082	Тест РСЯ Корпоративы	5598457303	корпоративный праздник	17085710307	12	0	0.00	0.00	--	0	0.00
2026-09-14	700792082	Тест РСЯ Корпоративы	5598457304	проведение корпоратива	17085710308	330	0	0.00	0.00	--	0	0.00
2026-09-14	700792082	Тест РСЯ Корпоративы	5598457304	проведение корпоратива	17085710309	240	0	0.00	0.00	--	0	0.00
2026-09-14	700792082	Тест РСЯ Корпоративы	5598457305	ресторан для корпоратива	17085710311	101	1	0.99	12.96	12.96	0	0.00
2026-09-14	700792082	Тест РСЯ Корпоративы	5598457307	отметить корпоратив	17085710317	4	0	0.00	0.00	--	0	0.00
2026-09-14	700792082	Тест РСЯ Корпоративы	5598457307	отметить корпоратив	17085710318	132	0	0.00	0.00	--	0	0.00
2026-09-14	700792082	Тест РСЯ Корпоративы	5598457308	корпоратив в центре	17085710321	2741	10	0.36	146.60	14.66	0	0.00
2026-09-14	700792082	Тест РСЯ Корпоративы	5598457310	корпоратив на 50 челоек	17085710326	83	0	0.00	0.00	--	0	0.00
2026-09-14	700792082	Тест РСЯ Корпоративы	5598457310	корпоратив на 50 челоек	17085710327	489	26	5.32	69.50	2.67	0	0.00
2026-09-14	700792082	Тест РСЯ Корпоративы	5598457310	корпоратив на 50 челоек	17085710328	7	0	0.00	0.00	--	0	0.00
2026-09-14	700792082	Тест РСЯ Корпоративы	5598457311	корпоратив на 100 челоек	17085710329	70	0	0.00	0.00	--	0	0.00
2026-09-14	700792082	Тест РСЯ Корпоративы	5598457311	корпоратив на 100 челоек	17085710330	96	1	1.04	39.69	39.69	0	0.00
2026-09-14	700792082	Тест РСЯ Корпоративы	5598457311	корпоратив на 100 челоек	17085710331	1649	2	0.12	55.79	27.89	0	0.00
2026-09-14	700792082	Тест РСЯ Корпоративы	5598457312	корпоратив на 150 челоек	17085710332	26	0	0.00	0.00	--	0	0.00
2026-09-14	700792082	Тест РСЯ Корпоративы	5598457312	корпоратив на 150 челоек	17085710333	835	11	1.32	139.29	12.66	0	0.00
2026-09-14	700792082	Тест РСЯ Корпоративы	5598457312	корпоратив на 150 челоек	17085710334	68	0	0.00	0.00	--	0	0.00
2026-09-14	700792082	Тест РСЯ Корпоративы	5598457313	корпоратив на 200 челоек	17085710335	7565	176	2.33	954.57	5.42	1	0.00
2026-09-14	700792082	Тест РСЯ Корпоративы	5598457313	корпоратив на 200 челоек	17085710336	36	1	2.78	4.91	4.91	0	0.00
2026-09-14	700792082	Тест РСЯ Корпоративы	5598457313	корпоратив на 200 челоек	17085710337	98	0	0.00	0.00	--	0	0.00
2026-09-14	700792082	Тест РСЯ Корпоративы	5598457314	корпоратив на 250 челоек	17085710338	12	0	0.00	0.00	--	0	0.00
2026-09-14	700792082	Тест РСЯ Корпоративы	5598457314	корпоратив на 250 челоек	17085710339	322	0	0.00	0.00	--	0	0.00
2026-09-14	700792082	Тест РСЯ Корпоративы	5598457315	корпоратив на чистых прудах	17085710341	21	0	0.00	0.00	--	0	0.00
2026-09-14	700792082	Тест РСЯ Корпоративы	5598457315	корпоратив на чистых прудах	17085710342	184	2	1.09	98.03	49.01	0	0.00
2026-09-14	700792082	Тест РСЯ Корпоративы	5598457316	корпоратив на красных воротах	17085710344	31	5	16.13	5.77	1.15	0	0.00
2026-09-14	700792082	Тест РСЯ Корпоративы	5598457316	корпоратив на красных воротах	17085710345	394	1	0.25	15.36	15.36	0	0.00
2026-09-14	700792082	Тест РСЯ Корпоративы	5598457317	корпоративы с караоке	17085710347	286	0	0.00	0.00	--	0	0.00
2026-09-14	700792082	Тест РСЯ Корпоративы	5598457317	корпоративы с караоке	17085710348	58	1	1.72	5.24	5.24	0	0.00
2026-09-14	700792082	Тест РСЯ Корпоративы	5598457317	корпоративы с караоке	17085710349	246	0	0.00	0.00	--	0	0.00
2026-09-14	700792082	Тест РСЯ Корпоративы	5598457318	Баннеры	17085710350	32	7	21.88	19.00	2.71	0	0.00
2026-09-14	700792082	Тест РСЯ Корпоративы	5598457318	Баннеры	17085710351	1	0	0.00	0.00	--	0	0.00
2026-09-14	700792082	Тест РСЯ Корпоративы	5598457318	Баннеры	17085710352	7	3	42.86	5.26	1.75	0	0.00
2026-09-14	700792082	Тест РСЯ Корпоративы	5598457321	корпоратив 30	17085710360	203	1	0.49	7.35	7.35	0	0.00
2026-09-14	700792082	Тест РСЯ Корпоративы	5598457321	корпоратив 30	17085710361	187	0	0.00	0.00	--	0	0.00
2026-09-14	700792082	Тест РСЯ Корпоративы	5598457321	корпоратив 30	17085710362	1055	1	0.09	53.35	53.35	0	0.00
2026-09-14	700792082	Тест РСЯ Корпоративы	5598457322	корпоратив 40	17085710363	128	0	0.00	0.00	--	0	0.00
2026-09-14	700792082	Тест РСЯ Корпоративы	5598457322	корпоратив 40	17085710364	474	6	1.27	94.10	15.68	0	0.00
2026-09-14	700792082	Тест РСЯ Корпоративы	5598457322	корпоратив 40	17085710365	227	2	0.88	41.15	20.58	0	0.00
2026-09-14	700792084	Тест РСЯ Свадебные банкеты	5598457353	свадьба в москве	17085710533	6669	65	0.97	1383.38	21.28	57	0.00
2026-09-14	700792084	Тест РСЯ Свадебные банкеты	5598457353	свадьба в москве	17085710534	13593	54	0.40	1606.61	29.75	40	0.00
2026-09-14	700792084	Тест РСЯ Свадебные банкеты	5598457353	свадьба в москве	17085710535	34	0	0.00	0.00	--	0	0.00
2026-09-14	700792084	Тест РСЯ Свадебные банкеты	5598457353	свадьба в москве	17085710536	54	0	0.00	0.00	--	0	0.00
2026-09-14	700792084	Тест РСЯ Свадебные банкеты	5598457354	свадебный ресторан	17085710537	30	0	0.00	0.00	--	0	0.00
2026-09-14	700792084	Тест РСЯ Свадебные банкеты	5598457354	свадебный ресторан	17085710538	2390	26	1.09	791.82	30.45	26	0.00
2026-09-14	700792084	Тест РСЯ Свадебные банкеты	5598457354	свадебный ресторан	17085710539	190	0	0.00	0.00	--	0	0.00
2026-09-14	700792084	Тест РСЯ Свадебные банкеты	5598457354	свадебный ресторан	17085710540	176	0	0.00	0.00	--	0	0.00
2026-09-14	700792084	Тест РСЯ Свадебные банкеты	5598457355	площадка для свадьбы	17085710541	7	0	0.00	0.00	--	2	0.00
2026-09-14	700792084	Тест РСЯ Свадебные банкеты	5598457355	площадка для свадьбы	17085710542	36	5	13.89	90.79	18.16	6	0.00
2026-09-14	700792084	Тест РСЯ Свадебные банкеты	5598457355	площадка для свадьбы	17085710543	31	7	22.58	5.21	0.74	5	0.00
2026-09-14	700792084	Тест РСЯ Свадебные банкеты	5598457355	площадка для свадьбы	17085710544	23	4	17.39	2.73	0.68	2	0.00
2026-09-14	700792084	Тест РСЯ Свадебные банкеты	5598457356	веранда для свадьбы	17085710545	1	0	0.00	0.00	--	0	0.00
2026-09-14	700792084	Тест РСЯ Свадебные банкеты	5598457356	веранда для свадьбы	17085710546	124	3	2.42	503.73	167.91	3	0.00
2026-09-14	700792084	Тест РСЯ Свадебные банкеты	5598457356	веранда для свадьбы	17085710548	5	0	0.00	0.00	--	0	0.00
2026-09-14	700792084	Тест РСЯ Свадебные банкеты	5598457357	свадебный зал	17085710549	85	2	2.35	0.59	0.29	2	0.00
2026-09-14	700792084	Тест РСЯ Свадебные банкеты	5598457357	свадебный зал	17085710550	184	0	0.00	0.00	--	0	0.00
2026-09-14	700792084	Тест РСЯ Свадебные банкеты	5598457357	свадебный зал	17085710551	32	0	0.00	0.00	--	0	0.00
2026-09-14	700792084	Тест РСЯ Свадебные банкеты	5598457357	свадебный зал	17085710552	87	0	0.00	0.00	--	0	0.00
2026-09-14	700792084	Тест РСЯ Свадебные банкеты	5598457358	свадьба под ключ	17085710553	107	3	2.80	2.46	0.82	1	0.00
2026-09-14	700792084	Тест РСЯ Свадебные банкеты	5598457358	свадьба под ключ	17085710554	123	1	0.81	8.42	8.42	0	0.00
2026-09-14	700792084	Тест РСЯ Свадебные банкеты	5598457358	свадьба под ключ	17085710555	71	1	1.41	44.10	44.10	1	0.00
2026-09-14	700792084	Тест РСЯ Свадебные банкеты	5598457358	свадьба под ключ	17085710556	144	0	0.00	0.00	--	0	0.00
2026-09-14	700792084	Тест РСЯ Свадебные банкеты	5598457359	банкет для свадьбы	17085710557	35	1	2.86	1.30	1.30	1	0.00
2026-09-14	700792084	Тест РСЯ Свадебные банкеты	5598457359	банкет для свадьбы	17085710558	340	1	0.29	115.36	115.36	1	0.00
2026-09-14	700792084	Тест РСЯ Свадебные банкеты	5598457359	банкет для свадьбы	17085710559	71	0	0.00	0.00	--	0	0.00
2026-09-14	700792084	Тест РСЯ Свадебные банкеты	5598457359	банкет для свадьбы	17085710560	95	0	0.00	0.00	--	0	0.00
2026-09-14	700792084	Тест РСЯ Свадебные банкеты	5598457360	ресторан для свадьбы	17085710561	5	2	40.00	1.69	0.85	1	0.00
2026-09-14	700792084	Тест РСЯ Свадебные банкеты	5598457360	ресторан для свадьбы	17085710562	39	0	0.00	0.00	--	0	0.00
2026-09-14	700792084	Тест РСЯ Свадебные банкеты	5598457360	ресторан для свадьбы	17085710563	120	0	0.00	0.00	--	0	0.00
2026-09-14	700792084	Тест РСЯ Свадебные банкеты	5598457360	ресторан для свадьбы	17085710564	4223	32	0.76	756.21	23.63	26	0.00
2026-09-14	700792084	Тест РСЯ Свадебные банкеты	5598457361	зал для свадьбы	17085710565	12	4	33.33	2.37	0.59	5	0.00
2026-09-14	700792084	Тест РСЯ Свадебные банкеты	5598457361	зал для свадьбы	17085710566	34	0	0.00	0.00	--	0	0.00
2026-09-14	700792084	Тест РСЯ Свадебные банкеты	5598457361	зал для свадьбы	17085710567	144	1	0.69	0.72	0.71	3	0.00
2026-09-14	700792084	Тест РСЯ Свадебные банкеты	5598457361	зал для свадьбы	17085710568	56	1	1.79	0.38	0.38	1	0.00
2026-09-14	700792084	Тест РСЯ Свадебные банкеты	5598457362	Ремаркетинг на просмотры страницы свадьбы	17085710569	205	1	0.49	0.69	0.69	2	0.00
2026-09-14	702195391	Тест РСЯ банкет (Похожие сайты)	5622970380	Банкеты	17201006655	35	16	45.71	19.40	1.21	0	0.00
2026-09-14	702195391	Тест РСЯ банкет (Похожие сайты)	5622970380	Банкеты	17201006656	52	9	17.31	29.63	3.29	0	0.00
2026-09-14	702195391	Тест РСЯ банкет (Похожие сайты)	5622970380	Банкеты	17201006657	581	11	1.89	86.99	7.91	0	0.00
2026-09-14	702195391	Тест РСЯ банкет (Похожие сайты)	5622970380	Банкеты	17201006658	85	24	28.24	54.91	2.29	0	0.00
2026-09-14	702195391	Тест РСЯ банкет (Похожие сайты)	5622970381	Баннеры	17201006659	1747	9	0.52	88.83	9.87	0	0.00
2026-09-14	700792082	Тест РСЯ Корпоративы	5628294387	новогодний корпоратив	17235485071	414	0	0.00	0.00	--	0	0.00
2026-09-14	700792082	Тест РСЯ Корпоративы	5628294388	корпоративный новый год	17235485072	311	1	0.32	8.94	8.94	0	0.00
2026-09-14	700792082	Тест РСЯ Корпоративы	5628294389	корпоратив на новый год	17235485073	10	0	0.00	0.00	--	0	0.00
2026-09-14	708328266	РСЯ банкетное меню	5734561489	Банкеты	17663635579	17151	461	2.69	2963.36	6.43	6	0.00
2026-09-14	709907560	Поиск Банкеты( конверсии)	5750739662	помещение для банкета	17718636696	7	1	14.29	290.36	290.36	0	0.00
2026-09-14	709907560	Поиск Банкеты( конверсии)	5750739663	проведение банкетов	17718636702	1	1	100.00	750.17	750.17	1	0.00
2026-09-14	709907560	Поиск Банкеты( конверсии)	5750739663	проведение банкетов	17718636703	1	0	0.00	0.00	--	0	0.00
2026-09-14	709907560	Поиск Банкеты( конверсии)	5750739665	ресторан для банкета	17718636708	3	0	0.00	0.00	--	0	0.00
2026-09-14	709907560	Поиск Банкеты( конверсии)	5750739668	банкеты корпоративы	17718636722	3	1	33.33	334.66	334.66	1	0.00
2026-09-14	709907560	Поиск Банкеты( конверсии)	5750739673	заказать банкет	17718636742	1	0	0.00	0.00	--	0	0.00
2026-09-14	709907560	Поиск Банкеты( конверсии)	5750739674	банкет на день рождения	17718636747	11	1	9.09	452.98	452.98	0	0.00
2026-09-14	709907560	Поиск Банкеты( конверсии)	5750739676	банкет с полным обслуживанием	17718636756	4	0	0.00	0.00	--	0	0.00
2026-09-14	709907560	Поиск Банкеты( конверсии)	5750739676	банкет с полным обслуживанием	17718636758	5	0	0.00	0.00	--	0	0.00
2026-09-14	709907560	Поиск Банкеты( конверсии)	5750739677	банкет фуршет	17718636763	1	0	0.00	0.00	--	0	0.00
2026-09-14	709907560	Поиск Банкеты( конверсии)	5750739678	мероприятия банкеты	17718636764	2	0	0.00	0.00	--	0	0.00
2026-09-14	709907560	Поиск Банкеты( конверсии)	5750739683	банкетная площадка	17718636786	10	1	10.00	352.07	352.07	0	0.00
2026-09-14	709907560	Поиск Банкеты( конверсии)	5750739684	ресторан для юбилея	17718636790	4	1	25.00	480.05	480.05	0	0.00
2026-09-14	709907560	Поиск Банкеты( конверсии)	5750739685	банкетные залы	17718636792	22	1	4.55	1074.29	1074.29	0	0.00
2026-09-14	709907560	Поиск Банкеты( конверсии)	5750739685	банкетные залы	17718636793	4	0	0.00	0.00	--	0	0.00
2026-09-14	709907560	Поиск Банкеты( конверсии)	5750739685	банкетные залы	17718636794	6	0	0.00	0.00	--	0	0.00
2026-09-14	709907560	Поиск Банкеты( конверсии)	5750739685	банкетные залы	17718636795	24	1	4.17	1112.71	1112.71	1	0.00
2026-09-14	709907560	Поиск Банкеты( конверсии)	5750739686	Отметить день рождения в ресторане	17718636796	12	1	8.33	250.41	250.41	0	0.00
2026-09-14	709907560	Поиск Банкеты( конверсии)	5750739686	Отметить день рождения в ресторане	17718636797	1	0	0.00	0.00	--	0	0.00
2026-09-14	709907560	Поиск Банкеты( конверсии)	5750739686	Отметить день рождения в ресторане	17718636799	13	3	23.08	607.34	202.45	1	0.00
2026-09-14	709907560	Поиск Банкеты( конверсии)	5750739686	Отметить день рождения в ресторане	17718636801	1	0	0.00	0.00	--	0	0.00
2026-09-14	709907560	Поиск Банкеты( конверсии)	5750739687	день рождения в ресторане	17718636804	3	0	0.00	0.00	--	0	0.00
2026-09-14	709907560	Поиск Банкеты( конверсии)	5750739687	день рождения в ресторане	17718636805	6	0	0.00	0.00	--	0	0.00
2026-09-14	709907560	Поиск Банкеты( конверсии)	5750739687	день рождения в ресторане	17718636807	4	1	25.00	129.32	129.32	0	0.00
2026-09-14	709907560	Поиск Банкеты( конверсии)	5750739687	день рождения в ресторане	17718636809	1	0	0.00	0.00	--	0	0.00
2026-09-14	709907560	Поиск Банкеты( конверсии)	5750739688	банкетный зал 60	17718636814	1	0	0.00	0.00	--	0	0.00
2026-09-14	709907560	Поиск Банкеты( конверсии)	5750739689	банкетный зал 70	17718636818	1	0	0.00	0.00	--	0	0.00
2026-09-14	709907560	Поиск Банкеты( конверсии)	5750739691	банкетный зал 90	17718636824	1	0	0.00	0.00	--	0	0.00
2026-09-14	709907560	Поиск Банкеты( конверсии)	5750739692	банкетный зал 100	17718636828	1	0	0.00	0.00	--	0	0.00
2026-09-14	709907560	Поиск Банкеты( конверсии)	5750739692	банкетный зал 100	17718636830	2	0	0.00	0.00	--	0	0.00
2026-09-14	709907560	Поиск Банкеты( конверсии)	5750739693	банкетный зал 110	17718636832	1	0	0.00	0.00	--	0	0.00
2026-09-14	709907560	Поиск Банкеты( конверсии)	5750739694	банкетный зал 120	17718636836	1	0	0.00	0.00	--	0	0.00
2026-09-14	709907560	Поиск Банкеты( конверсии)	5750739701	банкетный зал 190	17718636866	1	0	0.00	0.00	--	0	0.00
2026-09-14	118776773	Поиск Корпоративы	5552984042	где отметить новогодний корпоратив	17770196280	1	0	0.00	0.00	--	0	0.00
2026-09-14	118776773	Поиск Корпоративы	5552984053	корпоратив на новый год	17770196286	9	2	22.22	1140.83	570.41	0	0.00
2026-09-14	118776773	Поиск Корпоративы	5552984062	заказать новогодний корпоратив	17770196300	1	0	0.00	0.00	--	0	0.00
2026-09-14	118776773	Поиск Корпоративы	5552984129	новогодний корпоратив	17770196378	1	0	0.00	0.00	--	0	0.00
2026-09-14	118776773	Поиск Корпоративы	5552984130	новогодний корпоратив 2027	17770196380	3	0	0.00	0.00	--	0	0.00
2026-09-14	118776773	Поиск Корпоративы	5552984189	ресторан для новогоднего корпоратива	17770196409	1	0	0.00	0.00	--	0	0.00
2026-09-14	118776773	Поиск Корпоративы	5552984189	ресторан для новогоднего корпоратива	17770196410	7	2	28.57	936.99	468.49	0	0.00
2026-09-14	700792082	Тест РСЯ Корпоративы	5628294387	новогодний корпоратив	17770196555	795	3	0.38	100.86	33.62	0	0.00
2026-09-14	700792082	Тест РСЯ Корпоративы	5628294387	новогодний корпоратив	17770196556	470	2	0.43	52.85	26.43	0	0.00
2026-09-14	700792082	Тест РСЯ Корпоративы	5628294388	корпоративный новый год	17770196557	197	0	0.00	0.00	--	0	0.00
2026-09-14	700792082	Тест РСЯ Корпоративы	5628294388	корпоративный новый год	17770196558	393	0	0.00	0.00	--	0	0.00
2026-09-14	700792082	Тест РСЯ Корпоративы	5628294389	корпоратив на новый год	17770196559	2	0	0.00	0.00	--	0	0.00
2026-09-14	700792082	Тест РСЯ Корпоративы	5628294389	корпоратив на новый год	17770196560	3	0	0.00	0.00	--	0	0.00
2026-09-14	118776773	Поиск Корпоративы	5770058767	площадка для корпоратива	17776485005	6	1	16.67	676.28	676.28	1	0.00
2026-09-14	712849433	Поиск Банкеты квиз( конверсии)	5773918656	ресторан для банкета	1915822986185365497	10	0	0.00	0.00	--	0	0.00
2026-09-14	712849433	Поиск Банкеты квиз( конверсии)	5773918657	юбилей банкет	1915822986185365498	1	0	0.00	0.00	--	0	0.00
2026-09-14	712849433	Поиск Банкеты квиз( конверсии)	5773918659	банкеты корпоративы	1915822986185365500	2	0	0.00	0.00	--	0	0.00
2026-09-14	712849433	Поиск Банкеты квиз( конверсии)	5773918662	где устроить банкет	1915822986185365503	4	0	0.00	0.00	--	0	0.00
2026-09-14	712849433	Поиск Банкеты квиз( конверсии)	5773918664	заказать банкет	1915822986185365505	1	0	0.00	0.00	--	0	0.00
2026-09-14	712849433	Поиск Банкеты квиз( конверсии)	5773918665	банкет на день рождения	1915822986185365506	10	2	20.00	93.63	46.82	2	0.00
2026-09-14	712849433	Поиск Банкеты квиз( конверсии)	5773918667	банкет с полным обслуживанием	1915822986185365508	2	0	0.00	0.00	--	0	0.00
2026-09-14	712849433	Поиск Банкеты квиз( конверсии)	5773918668	банкет фуршет	1915822986185365509	4	1	25.00	303.36	303.36	1	0.00
2026-09-14	712849433	Поиск Банкеты квиз( конверсии)	5773918669	мероприятия банкеты	1915822986185365510	5	2	40.00	484.74	242.37	2	0.00
2026-09-14	712849433	Поиск Банкеты квиз( конверсии)	5773918670	место под банкет	1915822986185365511	1	0	0.00	0.00	--	0	0.00
2026-09-14	712849433	Поиск Банкеты квиз( конверсии)	5773918673	банкетная площадка	1915822986185365514	5	0	0.00	0.00	--	0	0.00
2026-09-14	712849433	Поиск Банкеты квиз( конверсии)	5773918674	ресторан для юбилея	1915822986185365515	6	0	0.00	0.00	--	0	0.00
2026-09-14	712849433	Поиск Банкеты квиз( конверсии)	5773918675	банкетные залы	1915822986185365516	49	2	4.08	210.35	105.17	2	0.00
2026-09-14	712849433	Поиск Банкеты квиз( конверсии)	5773918676	Отметить день рождения в ресторане	1915822986185365517	24	2	8.33	159.49	79.75	1	0.00
2026-09-14	712849433	Поиск Банкеты квиз( конверсии)	5773918677	день рождения в ресторане	1915822986185365518	14	1	7.14	115.66	115.66	1	0.00
2026-09-14	712849433	Поиск Банкеты квиз( конверсии)	5773918679	банкетный зал 70	1915822986185365520	1	0	0.00	0.00	--	0	0.00
2026-09-14	712849433	Поиск Банкеты квиз( конверсии)	5773918680	банкетный зал 80	1915822986185365521	1	1	100.00	279.46	279.46	1	0.00
2026-09-14	712849433	Поиск Банкеты квиз( конверсии)	5773918681	банкетный зал 90	1915822986185365522	2	0	0.00	0.00	--	0	0.00
2026-09-14	712849433	Поиск Банкеты квиз( конверсии)	5773918684	банкетный зал 120	1915822986185365525	2	0	0.00	0.00	--	0	0.00
2026-09-14	712849433	Поиск Банкеты квиз( конверсии)	5773918687	банкетный зал 150	1915822986185365528	3	1	33.33	118.06	118.06	1	0.00
2026-09-14	712849433	Поиск Банкеты квиз( конверсии)	5773918691	банкетный зал 190	1915822986185365532	2	0	0.00	0.00	--	0	0.00
2026-09-14	712849433	Поиск Банкеты квиз( конверсии)	5773918692	банкетный зал 200	1915822986185365533	2	0	0.00	0.00	--	0	0.00
2026-09-15	118776764	Поиск Конференция	5552983940	конференц зал	16902905742	1	0	0.00	0.00	--	0	0.00
2026-09-15	118776764	Поиск Конференция	5552983940	конференц зал	16902905743	1	0	0.00	0.00	--	0	0.00
2026-09-15	118776773	Поиск Корпоративы	5552984025	развлекательные корпоративные мероприятия	16902913680	2	0	0.00	0.00	--	0	0.00
2026-09-15	118776773	Поиск Корпоративы	5552984025	развлекательные корпоративные мероприятия	16902913681	1	0	0.00	0.00	--	0	0.00
2026-09-15	118776773	Поиск Корпоративы	5552984034	где интересно провести корпоратив	16902913704	1	0	0.00	0.00	--	0	0.00
2026-09-15	118776773	Поиск Корпоративы	5552984038	где можно провести корпоратив	16902913716	2	0	0.00	0.00	--	0	0.00
2026-09-15	118776773	Поиск Корпоративы	5552984041	цена корпоративного мероприятия	16902913723	1	0	0.00	0.00	--	0	0.00
2026-09-15	118776773	Поиск Корпоративы	5552984045	частные корпоративные мероприятия	16902913733	2	0	0.00	0.00	--	0	0.00
2026-09-15	118776773	Поиск Корпоративы	5552984046	где провести корпоратив в москве	16902913736	1	0	0.00	0.00	--	0	0.00
2026-09-15	118776773	Поиск Корпоративы	5552984059	заказать корпоративное мероприятие	16902913753	2	0	0.00	0.00	--	0	0.00
2026-09-15	118776773	Поиск Корпоративы	5552984080	клуб для проведения корпоратива москва	16902913784	1	0	0.00	0.00	--	0	0.00
2026-09-15	118776773	Поиск Корпоративы	5552984084	компании организации корпоратива	16902913790	1	0	0.00	0.00	--	0	0.00
2026-09-15	118776773	Поиск Корпоративы	5552984098	корпоративные мероприятия москва	16902913816	6	0	0.00	0.00	--	0	0.00
2026-09-15	118776773	Поиск Корпоративы	5552984098	корпоративные мероприятия москва	16902913817	10	0	0.00	0.00	--	0	0.00
2026-09-15	118776773	Поиск Корпоративы	5552984110	корпоративные праздники и мероприятия	16902913832	1	0	0.00	0.00	--	0	0.00
2026-09-15	118776773	Поиск Корпоративы	5552984121	места для проведения корпоратива	16902913847	1	0	0.00	0.00	--	0	0.00
2026-09-15	118776773	Поиск Корпоративы	5552984139	организатор корпоративных мероприятий	16902913871	1	0	0.00	0.00	--	0	0.00
2026-09-15	118776773	Поиск Корпоративы	5552984142	организация корпоратива в москве	16902913880	1	0	0.00	0.00	--	0	0.00
2026-09-15	118776773	Поиск Корпоративы	5552984143	организация корпоратива в москве цена	16902913883	2	0	0.00	0.00	--	0	0.00
2026-09-15	118776773	Поиск Корпоративы	5552984145	организация корпоративных мероприятий	16902913888	2	0	0.00	0.00	--	0	0.00
2026-09-15	118776773	Поиск Корпоративы	5552984145	организация корпоративных мероприятий	16902913889	4	0	0.00	0.00	--	0	0.00
2026-09-15	118776773	Поиск Корпоративы	5552984148	организация корпоративных мероприятий москва	16902913899	2	0	0.00	0.00	--	0	0.00
2026-09-15	118776773	Поиск Корпоративы	5552984150	организация корпоративов	16902913904	1	1	100.00	297.78	297.78	0	0.00
2026-09-15	118776773	Поиск Корпоративы	5552984168	праздничные корпоративные мероприятия	16902913945	7	0	0.00	0.00	--	0	0.00
2026-09-15	118776773	Поиск Корпоративы	5552984171	проведение корпоратива в москве	16902913951	1	0	0.00	0.00	--	0	0.00
2026-09-15	118776773	Поиск Корпоративы	5552984173	проведение корпоративных мероприятий москва	16902913956	7	0	0.00	0.00	--	0	0.00
2026-09-15	118776773	Поиск Корпоративы	5552984174	проведение корпоративов	16902913959	2	0	0.00	0.00	--	0	0.00
2026-09-15	118776773	Поиск Корпоративы	5552984176	банкетный зал для корпоратива	16902913965	1	1	100.00	381.64	381.64	0	0.00
2026-09-15	118776773	Поиск Корпоративы	5552984178	отметить корпоратив	16902913971	3	0	0.00	0.00	--	0	0.00
2026-09-15	118776773	Поиск Корпоративы	5552984186	корпоратив в ресторане	16902913984	6	0	0.00	0.00	--	0	0.00
2026-09-15	118776773	Поиск Корпоративы	5552984192	лучший ресторан для корпоратива	16902913997	2	1	50.00	688.48	688.48	0	0.00
2026-09-15	118776773	Поиск Корпоративы	5552984194	ресторан с банкетным залом для корпоратива	16902914001	1	0	0.00	0.00	--	0	0.00
2026-09-15	118776773	Поиск Корпоративы	5552984196	большой ресторан для корпоратива	16902914005	5	0	0.00	0.00	--	0	0.00
2026-09-15	118776779	Поиск Свадебные банкеты	5552984223	заказать свадьбу	16902921385	1	0	0.00	0.00	--	0	0.00
2026-09-15	118776779	Поиск Свадебные банкеты	5552984224	где провести свадьбу в москве	16902921388	1	0	0.00	0.00	--	0	0.00
2026-09-15	118776779	Поиск Свадебные банкеты	5552984225	банкетный зал для свадьбы	16902921392	1	0	0.00	0.00	--	0	0.00
2026-09-15	118776779	Поиск Свадебные банкеты	5552984226	банкетный зал для проведения свадьбы	16902921397	2	0	0.00	0.00	--	0	0.00
2026-09-15	118776779	Поиск Свадебные банкеты	5552984226	банкетный зал для проведения свадьбы	16902921398	1	0	0.00	0.00	--	0	0.00
2026-09-15	118776779	Поиск Свадебные банкеты	5552984229	залы для проведения свадьбы	16902921410	2	0	0.00	0.00	--	0	0.00
2026-09-15	118776779	Поиск Свадебные банкеты	5552984233	заказ свадьбы	16902921425	1	0	0.00	0.00	--	0	0.00
2026-09-15	118776779	Поиск Свадебные банкеты	5552984236	банкет на свадьбу в москве	16902921436	1	0	0.00	0.00	--	0	0.00
2026-09-15	118776779	Поиск Свадебные банкеты	5552984236	банкет на свадьбу в москве	16902921438	5	0	0.00	0.00	--	0	0.00
2026-09-15	118776779	Поиск Свадебные банкеты	5552984241	где провести свадьбу	16902921457	5	1	20.00	286.18	286.18	1	0.00
2026-09-15	118776779	Поиск Свадебные банкеты	5552984243	зал для свадьбы	16902921466	2	0	0.00	0.00	--	0	0.00
2026-09-15	118776779	Поиск Свадебные банкеты	5552984244	где отметить свадьбу	16902921468	2	0	0.00	0.00	--	0	0.00
2026-09-15	118776779	Поиск Свадебные банкеты	5552984244	где отметить свадьбу	16902921469	5	1	20.00	58.78	58.78	0	0.00
2026-09-15	118776779	Поиск Свадебные банкеты	5552984244	где отметить свадьбу	16902921471	1	0	0.00	0.00	--	0	0.00
2026-09-15	118776779	Поиск Свадебные банкеты	5552984248	веранды для свадьбы в москве	16902921484	1	0	0.00	0.00	--	0	0.00
2026-09-15	118776779	Поиск Свадебные банкеты	5552984248	веранды для свадьбы в москве	16902921486	1	0	0.00	0.00	--	0	0.00
2026-09-15	118776779	Поиск Свадебные банкеты	5552984251	банкет на свадьбу	16902921496	1	0	0.00	0.00	--	0	0.00
2026-09-15	118776779	Поиск Свадебные банкеты	5552984251	банкет на свадьбу	16902921497	1	0	0.00	0.00	--	0	0.00
2026-09-15	118776779	Поиск Свадебные банкеты	5552984251	банкет на свадьбу	16902921499	1	0	0.00	0.00	--	0	0.00
2026-09-15	118776779	Поиск Свадебные банкеты	5552984252	где отметить свадьбу в москве	16902921502	1	0	0.00	0.00	--	0	0.00
2026-09-15	118776779	Поиск Свадебные банкеты	5552984252	где отметить свадьбу в москве	16902921503	1	0	0.00	0.00	--	0	0.00
2026-09-15	118776779	Поиск Свадебные банкеты	5552984254	как отметить свадьбу	16902921510	2	0	0.00	0.00	--	0	0.00
2026-09-15	118776779	Поиск Свадебные банкеты	5552984254	как отметить свадьбу	16902921511	1	0	0.00	0.00	--	0	0.00
2026-09-15	118776779	Поиск Свадебные банкеты	5552984254	как отметить свадьбу	16902921512	1	0	0.00	0.00	--	0	0.00
2026-09-15	118776779	Поиск Свадебные банкеты	5552984255	как отметить свадьбу москве	16902921515	1	0	0.00	0.00	--	0	0.00
2026-09-15	118776779	Поиск Свадебные банкеты	5552984256	как отпраздновать свадьбу	16902921520	1	0	0.00	0.00	--	0	0.00
2026-09-15	118776779	Поиск Свадебные банкеты	5552984257	красивая свадьба в москве	16902921521	6	0	0.00	0.00	--	0	0.00
2026-09-15	118776779	Поиск Свадебные банкеты	5552984257	красивая свадьба в москве	16902921522	1	0	0.00	0.00	--	0	0.00
2026-09-15	118776779	Поиск Свадебные банкеты	5552984257	красивая свадьба в москве	16902921523	3	0	0.00	0.00	--	0	0.00
2026-09-15	118776779	Поиск Свадебные банкеты	5552984257	красивая свадьба в москве	16902921524	12	0	0.00	0.00	--	0	0.00
2026-09-15	118776779	Поиск Свадебные банкеты	5552984258	красивые места для свадьбы в москве	16902921525	1	0	0.00	0.00	--	0	0.00
2026-09-15	118776779	Поиск Свадебные банкеты	5552984259	красивые рестораны для свадьбы	16902921531	2	0	0.00	0.00	--	0	0.00
2026-09-15	118776779	Поиск Свадебные банкеты	5552984267	места для проведения свадьбы	16902921561	4	1	25.00	252.56	252.56	0	0.00
2026-09-15	118776779	Поиск Свадебные банкеты	5552984267	места для проведения свадьбы	16902921562	3	0	0.00	0.00	--	0	0.00
2026-09-15	118776779	Поиск Свадебные банкеты	5552984267	места для проведения свадьбы	16902921563	1	0	0.00	0.00	--	0	0.00
2026-09-15	118776779	Поиск Свадебные банкеты	5552984268	места для проведения свадьбы в москве	16902921565	3	1	33.33	267.94	267.94	1	0.00
2026-09-15	118776779	Поиск Свадебные банкеты	5552984269	места для свадьбы в москве	16902921569	7	0	0.00	0.00	--	0	0.00
2026-09-15	118776779	Поиск Свадебные банкеты	5552984269	места для свадьбы в москве	16902921571	3	0	0.00	0.00	--	0	0.00
2026-09-15	118776779	Поиск Свадебные банкеты	5552984269	места для свадьбы в москве	16902921572	2	0	0.00	0.00	--	0	0.00
2026-09-15	118776779	Поиск Свадебные банкеты	5552984270	место для свадьбы	16902921573	4	0	0.00	0.00	--	0	0.00
2026-09-15	118776779	Поиск Свадебные банкеты	5552984270	место для свадьбы	16902921574	3	0	0.00	0.00	--	0	0.00
2026-09-15	118776779	Поиск Свадебные банкеты	5552984270	место для свадьбы	16902921575	2	0	0.00	0.00	--	0	0.00
2026-09-15	118776779	Поиск Свадебные банкеты	5552984272	организация свадьбы в москве	16902921581	5	0	0.00	0.00	--	0	0.00
2026-09-15	118776779	Поиск Свадебные банкеты	5552984272	организация свадьбы в москве	16902921582	5	0	0.00	0.00	--	0	0.00
2026-09-15	118776779	Поиск Свадебные банкеты	5552984272	организация свадьбы в москве	16902921583	2	0	0.00	0.00	--	0	0.00
2026-09-15	118776779	Поиск Свадебные банкеты	5552984272	организация свадьбы в москве	16902921584	5	0	0.00	0.00	--	0	0.00
2026-09-15	118776779	Поиск Свадебные банкеты	5552984274	организация свадьбы под ключ	16902921590	1	0	0.00	0.00	--	0	0.00
2026-09-15	118776779	Поиск Свадебные банкеты	5552984276	организовать свадьбу в москве	16902921599	3	1	33.33	383.21	383.21	1	0.00
2026-09-15	118776779	Поиск Свадебные банкеты	5552984276	организовать свадьбу в москве	16902921600	1	0	0.00	0.00	--	0	0.00
2026-09-15	118776779	Поиск Свадебные банкеты	5552984281	площадки для свадьбы	16902921617	4	0	0.00	0.00	--	0	0.00
2026-09-15	118776779	Поиск Свадебные банкеты	5552984281	площадки для свадьбы	16902921618	23	3	13.04	1127.71	375.90	3	0.00
2026-09-15	118776779	Поиск Свадебные банкеты	5552984281	площадки для свадьбы	16902921619	5	0	0.00	0.00	--	0	0.00
2026-09-15	118776779	Поиск Свадебные банкеты	5552984282	площадки для свадьбы в москве	16902921621	1	0	0.00	0.00	--	0	0.00
2026-09-15	118776779	Поиск Свадебные банкеты	5552984282	площадки для свадьбы в москве	16902921622	4	0	0.00	0.00	--	0	0.00
2026-09-15	118776779	Поиск Свадебные банкеты	5552984282	площадки для свадьбы в москве	16902921623	10	0	0.00	0.00	--	0	0.00
2026-09-15	118776779	Поиск Свадебные банкеты	5552984282	площадки для свадьбы в москве	16902921624	1	0	0.00	0.00	--	0	0.00
2026-09-15	118776779	Поиск Свадебные банкеты	5552984285	проведение свадеб в москве	16902921634	6	0	0.00	0.00	--	0	0.00
2026-09-15	118776779	Поиск Свадебные банкеты	5552984285	проведение свадеб в москве	16902921636	1	0	0.00	0.00	--	0	0.00
2026-09-15	118776779	Поиск Свадебные банкеты	5552984286	проведение свадьбы	16902921637	6	0	0.00	0.00	--	0	0.00
2026-09-15	118776779	Поиск Свадебные банкеты	5552984286	проведение свадьбы	16902921638	5	0	0.00	0.00	--	0	0.00
2026-09-15	118776779	Поиск Свадебные банкеты	5552984286	проведение свадьбы	16902921639	2	0	0.00	0.00	--	0	0.00
2026-09-15	118776779	Поиск Свадебные банкеты	5552984286	проведение свадьбы	16902921640	7	1	14.29	442.98	442.98	0	0.00
2026-09-15	118776779	Поиск Свадебные банкеты	5552984287	провести свадьбу в москве	16902921641	1	0	0.00	0.00	--	0	0.00
2026-09-15	118776779	Поиск Свадебные банкеты	5552984287	провести свадьбу в москве	16902921642	3	0	0.00	0.00	--	0	0.00
2026-09-15	118776779	Поиск Свадебные банкеты	5552984289	ресторан в москве для проведения свадьбы	16902921649	1	0	0.00	0.00	--	0	0.00
2026-09-15	118776779	Поиск Свадебные банкеты	5552984289	ресторан в москве для проведения свадьбы	16902921650	1	0	0.00	0.00	--	0	0.00
2026-09-15	118776779	Поиск Свадебные банкеты	5552984289	ресторан в москве для проведения свадьбы	16902921651	1	0	0.00	0.00	--	0	0.00
2026-09-15	118776779	Поиск Свадебные банкеты	5552984289	ресторан в москве для проведения свадьбы	16902921652	4	0	0.00	0.00	--	0	0.00
2026-09-15	118776779	Поиск Свадебные банкеты	5552984292	ресторан для свадьбы	16902921661	1	0	0.00	0.00	--	0	0.00
2026-09-15	118776779	Поиск Свадебные банкеты	5552984292	ресторан для свадьбы	16902921663	1	0	0.00	0.00	--	0	0.00
2026-09-15	118776779	Поиск Свадебные банкеты	5552984304	рестораны для проведения свадьбы	16902921710	1	0	0.00	0.00	--	0	0.00
2026-09-15	118776779	Поиск Свадебные банкеты	5552984305	рестораны для свадьбы в москве	16902921715	3	0	0.00	0.00	--	0	0.00
2026-09-15	118776779	Поиск Свадебные банкеты	5552984311	свадебное меню ресторана	16902921739	1	0	0.00	0.00	--	0	0.00
2026-09-15	118776779	Поиск Свадебные банкеты	5552984312	свадебные залы москвы	16902921742	1	0	0.00	0.00	--	0	0.00
2026-09-15	118776779	Поиск Свадебные банкеты	5552984313	свадебные рестораны в москве	16902921745	5	1	20.00	394.49	394.49	1	0.00
2026-09-15	118776779	Поиск Свадебные банкеты	5552984314	свадебный банкет	16902921750	2	0	0.00	0.00	--	0	0.00
2026-09-15	118776779	Поиск Свадебные банкеты	5552984315	свадебный банкет в москве	16902921754	3	0	0.00	0.00	--	0	0.00
2026-09-15	118776779	Поиск Свадебные банкеты	5552984317	свадебный зал	16902921762	2	0	0.00	0.00	--	0	0.00
2026-09-15	118776779	Поиск Свадебные банкеты	5552984318	свадебный ресторан	16902921765	1	0	0.00	0.00	--	0	0.00
2026-09-15	118776779	Поиск Свадебные банкеты	5552984318	свадебный ресторан	16902921768	1	0	0.00	0.00	--	0	0.00
2026-09-15	118776779	Поиск Свадебные банкеты	5552984319	свадьба в москве где	16902921769	1	0	0.00	0.00	--	0	0.00
2026-09-15	118776779	Поиск Свадебные банкеты	5552984319	свадьба в москве где	16902921771	3	0	0.00	0.00	--	0	0.00
2026-09-15	118776779	Поиск Свадебные банкеты	5552984325	свадьба цена	16902921794	2	0	0.00	0.00	--	0	0.00
2026-09-15	118776779	Поиск Свадебные банкеты	5552984325	свадьба цена	16902921796	2	0	0.00	0.00	--	0	0.00
2026-09-15	118776779	Поиск Свадебные банкеты	5552984327	сколько стоит свадьба в москве	16902921801	1	0	0.00	0.00	--	0	0.00
2026-09-15	118776779	Поиск Свадебные банкеты	5552984328	снять зал для свадьбы	16902921807	1	1	100.00	115.78	115.78	1	0.00
2026-09-15	118776779	Поиск Свадебные банкеты	5552984332	сыграть свадьбу в москве	16902921823	3	0	0.00	0.00	--	0	0.00
2026-09-15	118776779	Поиск Свадебные банкеты	5552984333	услуги проведения свадьбы	16902921826	3	0	0.00	0.00	--	0	0.00
2026-09-15	118776779	Поиск Свадебные банкеты	5552984336	веранда +для свадьбы	16902921837	1	0	0.00	0.00	--	0	0.00
2026-09-15	118776779	Поиск Свадебные банкеты	5552984336	веранда +для свадьбы	16902921838	2	0	0.00	0.00	--	0	0.00
2026-09-15	118776779	Поиск Свадебные банкеты	5552984341	свадьба в ресторане	16902921857	3	0	0.00	0.00	--	0	0.00
2026-09-15	118776779	Поиск Свадебные банкеты	5552984341	свадьба в ресторане	16902921858	1	0	0.00	0.00	--	0	0.00
2026-09-15	118776779	Поиск Свадебные банкеты	5552984341	свадьба в ресторане	16902921859	1	0	0.00	0.00	--	0	0.00
2026-09-15	118776779	Поиск Свадебные банкеты	5552984342	отметить свадьбу в ресторане	16902921862	1	0	0.00	0.00	--	0	0.00
2026-09-15	118776779	Поиск Свадебные банкеты	5552984351	ресторан для свадьбы в москве	16902921897	3	1	33.33	373.48	373.48	0	0.00
2026-09-15	118776785	Ремаркетинг	5552984378	Новая группа	16902928679	68	1	1.47	0.00	0.00	1	0.00
2026-09-15	118776779	Поиск Свадебные банкеты	5596541487	банкетный зал для свадьбы москва	17078756108	2	0	0.00	0.00	--	0	0.00
2026-09-15	700792063	Тест РСЯ банкет	5598457174	Банкеты	17085709723	105	3	2.86	1.94	0.65	0	0.00
2026-09-15	700792063	Тест РСЯ банкет	5598457174	Банкеты	17085709724	620	16	2.58	267.61	16.73	0	0.00
2026-09-15	700792063	Тест РСЯ банкет	5598457174	Банкеты	17085709725	25116	241	0.96	4978.44	20.66	11	0.00
2026-09-15	700792063	Тест РСЯ банкет	5598457174	Банкеты	17085709726	492	6	1.22	49.16	8.19	0	0.00
2026-09-15	700792063	Тест РСЯ банкет	5598457175	Баннеры	17085709727	184	1	0.54	213.79	213.79	0	0.00
2026-09-15	700792072	Тест РСЯ конференции	5598457235	провести конференцию	17085710058	3	0	0.00	0.00	--	0	0.00
2026-09-15	700792072	Тест РСЯ конференции	5598457237	зал семинар	17085710062	7	0	0.00	0.00	--	0	0.00
2026-09-15	700792072	Тест РСЯ конференции	5598457238	конференц зал	17085710064	19	0	0.00	0.00	--	0	0.00
2026-09-15	700792072	Тест РСЯ конференции	5598457238	конференц зал	17085710065	3	0	0.00	0.00	--	0	0.00
2026-09-15	700792072	Тест РСЯ конференции	5598457241	организовать конференцию	17085710070	2	0	0.00	0.00	--	0	0.00
2026-09-15	700792072	Тест РСЯ конференции	5598457244	подготовка конференции	17085710076	1	0	0.00	0.00	--	0	0.00
2026-09-15	700792082	Тест РСЯ Корпоративы	5598457300	провести корпоратив	17085710298	3	0	0.00	0.00	--	0	0.00
2026-09-15	700792082	Тест РСЯ Корпоративы	5598457301	корпоративные мероприятия	17085710301	53	0	0.00	0.00	--	0	0.00
2026-09-15	700792082	Тест РСЯ Корпоративы	5598457302	организация корпоратива	17085710304	1887	4	0.21	46.33	11.58	0	0.00
2026-09-15	700792082	Тест РСЯ Корпоративы	5598457303	корпоративный праздник	17085710305	39	0	0.00	0.00	--	0	0.00
2026-09-15	700792082	Тест РСЯ Корпоративы	5598457303	корпоративный праздник	17085710306	1404	8	0.57	273.27	34.16	1	0.00
2026-09-15	700792082	Тест РСЯ Корпоративы	5598457303	корпоративный праздник	17085710307	17	0	0.00	0.00	--	0	0.00
2026-09-15	700792082	Тест РСЯ Корпоративы	5598457304	проведение корпоратива	17085710308	250	0	0.00	0.00	--	0	0.00
2026-09-15	700792082	Тест РСЯ Корпоративы	5598457304	проведение корпоратива	17085710309	135	1	0.74	11.08	11.08	0	0.00
2026-09-15	700792082	Тест РСЯ Корпоративы	5598457305	ресторан для корпоратива	17085710311	137	0	0.00	0.00	--	0	0.00
2026-09-15	700792082	Тест РСЯ Корпоративы	5598457307	отметить корпоратив	17085710317	4	0	0.00	0.00	--	0	0.00
2026-09-15	700792082	Тест РСЯ Корпоративы	5598457307	отметить корпоратив	17085710318	116	0	0.00	0.00	--	0	0.00
2026-09-15	700792082	Тест РСЯ Корпоративы	5598457308	корпоратив в центре	17085710321	24097	78	0.32	1297.89	16.64	0	0.00
2026-09-15	700792082	Тест РСЯ Корпоративы	5598457310	корпоратив на 50 челоек	17085710326	103	0	0.00	0.00	--	0	0.00
2026-09-15	700792082	Тест РСЯ Корпоративы	5598457310	корпоратив на 50 челоек	17085710327	2702	42	1.55	299.32	7.13	0	0.00
2026-09-15	700792082	Тест РСЯ Корпоративы	5598457310	корпоратив на 50 челоек	17085710328	7	0	0.00	0.00	--	0	0.00
2026-09-15	700792082	Тест РСЯ Корпоративы	5598457311	корпоратив на 100 челоек	17085710329	65	1	1.54	124.23	124.23	0	0.00
2026-09-15	700792082	Тест РСЯ Корпоративы	5598457311	корпоратив на 100 челоек	17085710330	405	4	0.99	29.78	7.45	0	0.00
2026-09-15	700792082	Тест РСЯ Корпоративы	5598457311	корпоратив на 100 челоек	17085710331	1426	5	0.35	76.48	15.30	0	0.00
2026-09-15	700792082	Тест РСЯ Корпоративы	5598457312	корпоратив на 150 челоек	17085710332	105	1	0.95	18.37	18.37	0	0.00
2026-09-15	700792082	Тест РСЯ Корпоративы	5598457312	корпоратив на 150 челоек	17085710333	2866	28	0.98	240.03	8.57	0	0.00
2026-09-15	700792082	Тест РСЯ Корпоративы	5598457312	корпоратив на 150 челоек	17085710334	183	0	0.00	0.00	--	0	0.00
2026-09-15	700792082	Тест РСЯ Корпоративы	5598457313	корпоратив на 200 челоек	17085710335	19524	413	2.12	2836.02	6.87	2	0.00
2026-09-15	700792082	Тест РСЯ Корпоративы	5598457313	корпоратив на 200 челоек	17085710336	112	4	3.57	21.97	5.49	0	0.00
2026-09-15	700792082	Тест РСЯ Корпоративы	5598457313	корпоратив на 200 челоек	17085710337	12	0	0.00	0.00	--	0	0.00
2026-09-15	700792082	Тест РСЯ Корпоративы	5598457314	корпоратив на 250 челоек	17085710338	13	0	0.00	0.00	--	0	0.00
2026-09-15	700792082	Тест РСЯ Корпоративы	5598457314	корпоратив на 250 челоек	17085710339	378	1	0.26	16.89	16.89	0	0.00
2026-09-15	700792082	Тест РСЯ Корпоративы	5598457315	корпоратив на чистых прудах	17085710341	28	0	0.00	0.00	--	0	0.00
2026-09-15	700792082	Тест РСЯ Корпоративы	5598457315	корпоратив на чистых прудах	17085710342	156	0	0.00	0.00	--	0	0.00
2026-09-15	700792082	Тест РСЯ Корпоративы	5598457316	корпоратив на красных воротах	17085710344	16	0	0.00	0.00	--	0	0.00
2026-09-15	700792082	Тест РСЯ Корпоративы	5598457316	корпоратив на красных воротах	17085710345	1970	3	0.15	69.45	23.15	0	0.00
2026-09-15	700792082	Тест РСЯ Корпоративы	5598457316	корпоратив на красных воротах	17085710346	6	0	0.00	0.00	--	0	0.00
2026-09-15	700792082	Тест РСЯ Корпоративы	5598457317	корпоративы с караоке	17085710347	303	1	0.33	13.59	13.59	0	0.00
2026-09-15	700792082	Тест РСЯ Корпоративы	5598457317	корпоративы с караоке	17085710348	66	1	1.52	11.48	11.48	0	0.00
2026-09-15	700792082	Тест РСЯ Корпоративы	5598457317	корпоративы с караоке	17085710349	100	0	0.00	0.00	--	0	0.00
2026-09-15	700792082	Тест РСЯ Корпоративы	5598457318	Баннеры	17085710350	37	9	24.32	18.16	2.02	0	0.00
2026-09-15	700792082	Тест РСЯ Корпоративы	5598457318	Баннеры	17085710351	1	0	0.00	0.00	--	0	0.00
2026-09-15	700792082	Тест РСЯ Корпоративы	5598457318	Баннеры	17085710352	13	1	7.69	2.18	2.18	0	0.00
2026-09-15	700792082	Тест РСЯ Корпоративы	5598457321	корпоратив 30	17085710360	629	2	0.32	44.36	22.18	0	0.00
2026-09-15	700792082	Тест РСЯ Корпоративы	5598457321	корпоратив 30	17085710361	1221	4	0.33	52.08	13.02	0	0.00
2026-09-15	700792082	Тест РСЯ Корпоративы	5598457321	корпоратив 30	17085710362	4423	8	0.18	184.42	23.05	0	0.00
2026-09-15	700792082	Тест РСЯ Корпоративы	5598457322	корпоратив 40	17085710363	85	1	1.18	4.45	4.45	0	0.00
2026-09-15	700792082	Тест РСЯ Корпоративы	5598457322	корпоратив 40	17085710364	1290	12	0.93	115.09	9.59	0	0.00
2026-09-15	700792082	Тест РСЯ Корпоративы	5598457322	корпоратив 40	17085710365	160	0	0.00	0.00	--	0	0.00
2026-09-15	700792084	Тест РСЯ Свадебные банкеты	5598457353	свадьба в москве	17085710533	4297	9	0.21	362.60	40.29	8	0.00
2026-09-15	700792084	Тест РСЯ Свадебные банкеты	5598457353	свадьба в москве	17085710534	23872	86	0.36	2675.36	31.11	78	0.00
2026-09-15	700792084	Тест РСЯ Свадебные банкеты	5598457353	свадьба в москве	17085710535	47	0	0.00	0.00	--	0	0.00
2026-09-15	700792084	Тест РСЯ Свадебные банкеты	5598457353	свадьба в москве	17085710536	19	0	0.00	0.00	--	0	0.00
2026-09-15	700792084	Тест РСЯ Свадебные банкеты	5598457354	свадебный ресторан	17085710537	5	0	0.00	0.00	--	0	0.00
2026-09-15	700792084	Тест РСЯ Свадебные банкеты	5598457354	свадебный ресторан	17085710538	1566	3	0.19	100.85	33.62	3	0.00
2026-09-15	700792084	Тест РСЯ Свадебные банкеты	5598457354	свадебный ресторан	17085710539	64	0	0.00	0.00	--	0	0.00
2026-09-15	700792084	Тест РСЯ Свадебные банкеты	5598457354	свадебный ресторан	17085710540	20	0	0.00	0.00	--	0	0.00
2026-09-15	700792084	Тест РСЯ Свадебные банкеты	5598457355	площадка для свадьбы	17085710541	3	1	33.33	0.38	0.38	1	0.00
2026-09-15	700792084	Тест РСЯ Свадебные банкеты	5598457355	площадка для свадьбы	17085710542	9	1	11.11	0.49	0.49	2	0.00
2026-09-15	700792084	Тест РСЯ Свадебные банкеты	5598457355	площадка для свадьбы	17085710543	20	1	5.00	0.77	0.77	2	0.00
2026-09-15	700792084	Тест РСЯ Свадебные банкеты	5598457355	площадка для свадьбы	17085710544	31	0	0.00	0.00	--	0	0.00
2026-09-15	700792084	Тест РСЯ Свадебные банкеты	5598457356	веранда для свадьбы	17085710545	4	0	0.00	0.00	--	0	0.00
2026-09-15	700792084	Тест РСЯ Свадебные банкеты	5598457356	веранда для свадьбы	17085710546	678	3	0.44	121.14	40.38	2	0.00
2026-09-15	700792084	Тест РСЯ Свадебные банкеты	5598457356	веранда для свадьбы	17085710547	4	0	0.00	0.00	--	0	0.00
2026-09-15	700792084	Тест РСЯ Свадебные банкеты	5598457356	веранда для свадьбы	17085710548	12	0	0.00	0.00	--	0	0.00
2026-09-15	700792084	Тест РСЯ Свадебные банкеты	5598457357	свадебный зал	17085710549	139	1	0.72	0.37	0.37	1	0.00
2026-09-15	700792084	Тест РСЯ Свадебные банкеты	5598457357	свадебный зал	17085710550	600	1	0.17	9.82	9.82	1	0.00
2026-09-15	700792084	Тест РСЯ Свадебные банкеты	5598457357	свадебный зал	17085710551	28	0	0.00	0.00	--	0	0.00
2026-09-15	700792084	Тест РСЯ Свадебные банкеты	5598457357	свадебный зал	17085710552	75	0	0.00	0.00	--	0	0.00
2026-09-15	700792084	Тест РСЯ Свадебные банкеты	5598457358	свадьба под ключ	17085710553	164	0	0.00	0.00	--	0	0.00
2026-09-15	700792084	Тест РСЯ Свадебные банкеты	5598457358	свадьба под ключ	17085710554	140	0	0.00	0.00	--	0	0.00
2026-09-15	700792084	Тест РСЯ Свадебные банкеты	5598457358	свадьба под ключ	17085710555	115	0	0.00	0.00	--	0	0.00
2026-09-15	700792084	Тест РСЯ Свадебные банкеты	5598457358	свадьба под ключ	17085710556	144	0	0.00	0.00	--	0	0.00
2026-09-15	700792084	Тест РСЯ Свадебные банкеты	5598457359	банкет для свадьбы	17085710557	5	0	0.00	0.00	--	0	0.00
2026-09-15	700792084	Тест РСЯ Свадебные банкеты	5598457359	банкет для свадьбы	17085710558	148	1	0.68	13.76	13.76	1	0.00
2026-09-15	700792084	Тест РСЯ Свадебные банкеты	5598457359	банкет для свадьбы	17085710559	17	0	0.00	0.00	--	0	0.00
2026-09-15	700792084	Тест РСЯ Свадебные банкеты	5598457359	банкет для свадьбы	17085710560	16	0	0.00	0.00	--	0	0.00
2026-09-15	700792084	Тест РСЯ Свадебные банкеты	5598457360	ресторан для свадьбы	17085710561	3	0	0.00	0.00	--	0	0.00
2026-09-15	700792084	Тест РСЯ Свадебные банкеты	5598457360	ресторан для свадьбы	17085710562	26	0	0.00	0.00	--	0	0.00
2026-09-15	700792084	Тест РСЯ Свадебные банкеты	5598457360	ресторан для свадьбы	17085710563	13	0	0.00	0.00	--	0	0.00
2026-09-15	700792084	Тест РСЯ Свадебные банкеты	5598457360	ресторан для свадьбы	17085710564	907	10	1.10	223.57	22.36	7	0.00
2026-09-15	700792084	Тест РСЯ Свадебные банкеты	5598457361	зал для свадьбы	17085710565	2	0	0.00	0.00	--	0	0.00
2026-09-15	700792084	Тест РСЯ Свадебные банкеты	5598457361	зал для свадьбы	17085710566	10	0	0.00	0.00	--	0	0.00
2026-09-15	700792084	Тест РСЯ Свадебные банкеты	5598457361	зал для свадьбы	17085710567	64	2	3.12	0.70	0.35	3	0.00
2026-09-15	700792084	Тест РСЯ Свадебные банкеты	5598457361	зал для свадьбы	17085710568	16	0	0.00	0.00	--	0	0.00
2026-09-15	700792084	Тест РСЯ Свадебные банкеты	5598457362	Ремаркетинг на просмотры страницы свадьбы	17085710569	234	2	0.85	27.40	13.70	3	0.00
2026-09-15	702195391	Тест РСЯ банкет (Похожие сайты)	5622970380	Банкеты	17201006655	100	41	41.00	37.08	0.90	0	0.00
2026-09-15	702195391	Тест РСЯ банкет (Похожие сайты)	5622970380	Банкеты	17201006656	150	23	15.33	49.15	2.14	0	0.00
2026-09-15	702195391	Тест РСЯ банкет (Похожие сайты)	5622970380	Банкеты	17201006657	2164	31	1.43	565.22	18.23	0	0.00
2026-09-15	702195391	Тест РСЯ банкет (Похожие сайты)	5622970380	Банкеты	17201006658	112	15	13.39	69.95	4.66	0	0.00
2026-09-15	702195391	Тест РСЯ банкет (Похожие сайты)	5622970381	Баннеры	17201006659	3367	16	0.48	267.25	16.70	0	0.00
2026-09-15	700792082	Тест РСЯ Корпоративы	5628294387	новогодний корпоратив	17235485071	1763	4	0.23	88.23	22.06	0	0.00
2026-09-15	700792082	Тест РСЯ Корпоративы	5628294388	корпоративный новый год	17235485072	451	0	0.00	0.00	--	0	0.00
2026-09-15	700792082	Тест РСЯ Корпоративы	5628294389	корпоратив на новый год	17235485073	114	1	0.88	18.32	18.32	0	0.00
2026-09-15	708328266	РСЯ банкетное меню	5734561489	Банкеты	17663635579	12355	148	1.20	1803.03	12.18	7	0.00
2026-09-15	709907560	Поиск Банкеты( конверсии)	5750739663	проведение банкетов	17718636702	6	0	0.00	0.00	--	0	0.00
2026-09-15	709907560	Поиск Банкеты( конверсии)	5750739663	проведение банкетов	17718636703	2	0	0.00	0.00	--	0	0.00
2026-09-15	709907560	Поиск Банкеты( конверсии)	5750739665	ресторан для банкета	17718636708	10	1	10.00	671.69	671.69	1	0.00
2026-09-15	709907560	Поиск Банкеты( конверсии)	5750739665	ресторан для банкета	17718636711	3	0	0.00	0.00	--	0	0.00
2026-09-15	709907560	Поиск Банкеты( конверсии)	5750739668	банкеты корпоративы	17718636722	4	1	25.00	1174.50	1174.50	1	0.00
2026-09-15	709907560	Поиск Банкеты( конверсии)	5750739673	заказать банкет	17718636742	1	0	0.00	0.00	--	0	0.00
2026-09-15	709907560	Поиск Банкеты( конверсии)	5750739674	банкет на день рождения	17718636747	4	0	0.00	0.00	--	0	0.00
2026-09-15	709907560	Поиск Банкеты( конверсии)	5750739676	банкет с полным обслуживанием	17718636756	7	0	0.00	0.00	--	0	0.00
2026-09-15	709907560	Поиск Банкеты( конверсии)	5750739676	банкет с полным обслуживанием	17718636758	1	1	100.00	727.06	727.06	0	0.00
2026-09-15	709907560	Поиск Банкеты( конверсии)	5750739678	мероприятия банкеты	17718636764	4	2	50.00	747.46	373.73	1	0.00
2026-09-15	709907560	Поиск Банкеты( конверсии)	5750739683	банкетная площадка	17718636786	7	2	28.57	36.07	18.03	0	0.00
2026-09-15	709907560	Поиск Банкеты( конверсии)	5750739685	банкетные залы	17718636792	6	0	0.00	0.00	--	0	0.00
2026-09-15	709907560	Поиск Банкеты( конверсии)	5750739685	банкетные залы	17718636794	17	1	5.88	1735.67	1735.67	0	0.00
2026-09-15	709907560	Поиск Банкеты( конверсии)	5750739685	банкетные залы	17718636795	42	1	2.38	367.86	367.86	0	0.00
2026-09-15	709907560	Поиск Банкеты( конверсии)	5750739686	Отметить день рождения в ресторане	17718636796	9	0	0.00	0.00	--	0	0.00
2026-09-15	709907560	Поиск Банкеты( конверсии)	5750739686	Отметить день рождения в ресторане	17718636797	2	0	0.00	0.00	--	0	0.00
2026-09-15	709907560	Поиск Банкеты( конверсии)	5750739686	Отметить день рождения в ресторане	17718636799	14	2	14.29	242.62	121.31	0	0.00
2026-09-15	709907560	Поиск Банкеты( конверсии)	5750739687	день рождения в ресторане	17718636805	11	1	9.09	307.83	307.83	0	0.00
2026-09-15	709907560	Поиск Банкеты( конверсии)	5750739687	день рождения в ресторане	17718636807	4	0	0.00	0.00	--	0	0.00
2026-09-15	709907560	Поиск Банкеты( конверсии)	5750739692	банкетный зал 100	17718636830	3	0	0.00	0.00	--	0	0.00
2026-09-15	709907560	Поиск Банкеты( конверсии)	5750739694	банкетный зал 120	17718636836	1	1	100.00	465.89	465.89	0	0.00
2026-09-15	709907560	Поиск Банкеты( конверсии)	5750739697	банкетный зал 150	17718636848	1	0	0.00	0.00	--	0	0.00
2026-09-15	709907560	Поиск Банкеты( конверсии)	5750739699	банкетный зал 170	17718636858	1	0	0.00	0.00	--	0	0.00
2026-09-15	709907560	Поиск Банкеты( конверсии)	5750739701	банкетный зал 190	17718636866	1	0	0.00	0.00	--	0	0.00
2026-09-15	709907560	Поиск Банкеты( конверсии)	5750739702	банкетный зал 200	17718636870	1	0	0.00	0.00	--	0	0.00
2026-09-15	118776773	Поиск Корпоративы	5552984042	где отметить новогодний корпоратив	17770196280	3	1	33.33	797.99	797.99	0	0.00
2026-09-15	118776773	Поиск Корпоративы	5552984053	корпоратив на новый год	17770196286	8	0	0.00	0.00	--	0	0.00
2026-09-15	118776773	Поиск Корпоративы	5552984129	новогодний корпоратив	17770196377	1	0	0.00	0.00	--	0	0.00
2026-09-15	118776773	Поиск Корпоративы	5552984129	новогодний корпоратив	17770196378	1	0	0.00	0.00	--	0	0.00
2026-09-15	118776773	Поиск Корпоративы	5552984131	новогодний корпоратив в москве	17770196381	2	0	0.00	0.00	--	0	0.00
2026-09-15	118776773	Поиск Корпоративы	5552984131	новогодний корпоратив в москве	17770196382	8	1	12.50	273.04	273.04	0	0.00
2026-09-15	118776773	Поиск Корпоративы	5552984151	организация новогоднего корпоратива	17770196394	2	0	0.00	0.00	--	0	0.00
2026-09-15	118776773	Поиск Корпоративы	5552984189	ресторан для новогоднего корпоратива	17770196409	1	0	0.00	0.00	--	0	0.00
2026-09-15	118776773	Поиск Корпоративы	5552984189	ресторан для новогоднего корпоратива	17770196410	3	0	0.00	0.00	--	0	0.00
2026-09-15	700792082	Тест РСЯ Корпоративы	5628294387	новогодний корпоратив	17770196555	800	2	0.25	28.76	14.38	0	0.00
2026-09-15	700792082	Тест РСЯ Корпоративы	5628294387	новогодний корпоратив	17770196556	397	0	0.00	0.00	--	0	0.00
2026-09-15	700792082	Тест РСЯ Корпоративы	5628294388	корпоративный новый год	17770196557	288	1	0.35	2.44	2.44	0	0.00
2026-09-15	700792082	Тест РСЯ Корпоративы	5628294388	корпоративный новый год	17770196558	220	0	0.00	0.00	--	0	0.00
2026-09-15	700792082	Тест РСЯ Корпоративы	5628294389	корпоратив на новый год	17770196559	13	0	0.00	0.00	--	0	0.00
2026-09-15	700792082	Тест РСЯ Корпоративы	5628294389	корпоратив на новый год	17770196560	9	0	0.00	0.00	--	0	0.00
2026-09-15	118776773	Поиск Корпоративы	5770058767	площадка для корпоратива	17776485004	1	0	0.00	0.00	--	0	0.00
2026-09-15	118776773	Поиск Корпоративы	5770058767	площадка для корпоратива	17776485005	7	1	14.29	228.27	228.27	0	0.00
2026-09-15	709907560	Поиск Банкеты( конверсии)	5770058773	новогодний банкетный зал	17776485011	1	0	0.00	0.00	--	0	0.00
2026-09-15	712849433	Поиск Банкеты квиз( конверсии)	5773918652	отметить банкет	1915822986185365493	1	0	0.00	0.00	--	0	0.00
2026-09-15	712849433	Поиск Банкеты квиз( конверсии)	5773918653	помещение для банкета	1915822986185365494	4	0	0.00	0.00	--	0	0.00
2026-09-15	712849433	Поиск Банкеты квиз( конверсии)	5773918654	проведение банкетов	1915822986185365495	2	0	0.00	0.00	--	0	0.00
2026-09-15	712849433	Поиск Банкеты квиз( конверсии)	5773918656	ресторан для банкета	1915822986185365497	14	0	0.00	0.00	--	0	0.00
2026-09-15	712849433	Поиск Банкеты квиз( конверсии)	5773918658	банкеты караоке	1915822986185365499	5	0	0.00	0.00	--	0	0.00
2026-09-15	712849433	Поиск Банкеты квиз( конверсии)	5773918659	банкеты корпоративы	1915822986185365500	12	2	16.67	911.50	455.75	2	0.00
2026-09-15	712849433	Поиск Банкеты квиз( конверсии)	5773918660	банкеты под ключ	1915822986185365501	1	1	100.00	106.75	106.75	1	0.00
2026-09-15	712849433	Поиск Банкеты квиз( конверсии)	5773918664	заказать банкет	1915822986185365505	1	0	0.00	0.00	--	0	0.00
2026-09-15	712849433	Поиск Банкеты квиз( конверсии)	5773918665	банкет на день рождения	1915822986185365506	16	2	12.50	315.76	157.88	2	0.00
2026-09-15	712849433	Поиск Банкеты квиз( конверсии)	5773918667	банкет с полным обслуживанием	1915822986185365508	2	0	0.00	0.00	--	0	0.00
2026-09-15	712849433	Поиск Банкеты квиз( конверсии)	5773918668	банкет фуршет	1915822986185365509	5	0	0.00	0.00	--	0	0.00
2026-09-15	712849433	Поиск Банкеты квиз( конверсии)	5773918669	мероприятия банкеты	1915822986185365510	4	0	0.00	0.00	--	0	0.00
2026-09-15	712849433	Поиск Банкеты квиз( конверсии)	5773918673	банкетная площадка	1915822986185365514	9	1	11.11	16.80	16.80	0	0.00
2026-09-15	712849433	Поиск Банкеты квиз( конверсии)	5773918674	ресторан для юбилея	1915822986185365515	3	0	0.00	0.00	--	0	0.00
2026-09-15	712849433	Поиск Банкеты квиз( конверсии)	5773918675	банкетные залы	1915822986185365516	78	0	0.00	0.00	--	0	0.00
2026-09-15	712849433	Поиск Банкеты квиз( конверсии)	5773918676	Отметить день рождения в ресторане	1915822986185365517	33	1	3.03	74.49	74.49	1	0.00
2026-09-15	712849433	Поиск Банкеты квиз( конверсии)	5773918677	день рождения в ресторане	1915822986185365518	12	0	0.00	0.00	--	0	0.00
2026-09-15	712849433	Поиск Банкеты квиз( конверсии)	5773918679	банкетный зал 70	1915822986185365520	1	1	100.00	138.59	138.59	1	0.00
2026-09-15	712849433	Поиск Банкеты квиз( конверсии)	5773918682	банкетный зал 100	1915822986185365523	3	0	0.00	0.00	--	0	0.00
2026-09-15	712849433	Поиск Банкеты квиз( конверсии)	5773918684	банкетный зал 120	1915822986185365525	2	0	0.00	0.00	--	0	0.00
2026-09-15	712849433	Поиск Банкеты квиз( конверсии)	5773918685	банкетный зал 130	1915822986185365526	1	0	0.00	0.00	--	0	0.00
2026-09-15	712849433	Поиск Банкеты квиз( конверсии)	5773918686	банкетный зал 140	1915822986185365527	1	0	0.00	0.00	--	0	0.00
2026-09-15	712849433	Поиск Банкеты квиз( конверсии)	5773918687	банкетный зал 150	1915822986185365528	10	1	10.00	308.32	308.32	1	0.00
2026-09-15	712849433	Поиск Банкеты квиз( конверсии)	5773918688	банкетный зал 160	1915822986185365529	1	0	0.00	0.00	--	0	0.00
2026-09-15	712849433	Поиск Банкеты квиз( конверсии)	5773918691	банкетный зал 190	1915822986185365532	1	0	0.00	0.00	--	0	0.00
2026-09-15	712849433	Поиск Банкеты квиз( конверсии)	5773918692	банкетный зал 200	1915822986185365533	3	1	33.33	103.74	103.74	1	0.00
2026-09-16	118776764	Поиск Конференция	5552983929	где можно провести конференцию	16902905721	1	0	0.00	0.00	--	0	0.00
2026-09-16	118776764	Поиск Конференция	5552983940	конференц зал	16902905742	1	0	0.00	0.00	--	0	0.00
2026-09-16	118776764	Поиск Конференция	5552983940	конференц зал	16902905743	1	0	0.00	0.00	--	0	0.00
2026-09-16	118776764	Поиск Конференция	5552983953	организация конференций	16902905768	2	1	50.00	0.00	0.00	0	0.00
2026-09-16	118776764	Поиск Конференция	5552983985	бизнес завтрак	16902905832	1	0	0.00	0.00	--	0	0.00
2026-09-16	118776764	Поиск Конференция	5552983985	бизнес завтрак	16902905833	1	0	0.00	0.00	--	0	0.00
2026-09-16	118776773	Поиск Корпоративы	5552984021	проведение праздников корпоративных мероприятий	16902913669	2	1	50.00	386.59	386.59	0	0.00
2026-09-16	118776773	Поиск Корпоративы	5552984025	развлекательные корпоративные мероприятия	16902913680	3	0	0.00	0.00	--	0	0.00
2026-09-16	118776773	Поиск Корпоративы	5552984025	развлекательные корпоративные мероприятия	16902913681	4	0	0.00	0.00	--	0	0.00
2026-09-16	118776773	Поиск Корпоративы	5552984034	где интересно провести корпоратив	16902913704	2	1	50.00	543.92	543.92	1	0.00
2026-09-16	118776773	Поиск Корпоративы	5552984038	где можно провести корпоратив	16902913716	2	1	50.00	675.26	675.26	0	0.00
2026-09-16	118776773	Поиск Корпоративы	5552984041	цена корпоративного мероприятия	16902913723	3	0	0.00	0.00	--	0	0.00
2026-09-16	118776773	Поиск Корпоративы	5552984045	частные корпоративные мероприятия	16902913733	2	1	50.00	825.52	825.52	1	0.00
2026-09-16	118776773	Поиск Корпоративы	5552984059	заказать корпоративное мероприятие	16902913753	1	0	0.00	0.00	--	0	0.00
2026-09-16	118776773	Поиск Корпоративы	5552984072	залы проведения корпоративов	16902913772	2	0	0.00	0.00	--	0	0.00
2026-09-16	118776773	Поиск Корпоративы	5552984092	корпоративное мероприятие стиле	16902913805	2	0	0.00	0.00	--	0	0.00
2026-09-16	118776773	Поиск Корпоративы	5552984098	корпоративные мероприятия москва	16902913815	4	0	0.00	0.00	--	0	0.00
2026-09-16	118776773	Поиск Корпоративы	5552984098	корпоративные мероприятия москва	16902913816	2	0	0.00	0.00	--	0	0.00
2026-09-16	118776773	Поиск Корпоративы	5552984098	корпоративные мероприятия москва	16902913817	20	1	5.00	89.78	89.78	0	0.00
2026-09-16	118776773	Поиск Корпоративы	5552984108	корпоративные мероприятия центры устроители	16902913828	2	1	50.00	1125.31	1125.31	1	0.00
2026-09-16	118776773	Поиск Корпоративы	5552984121	места для проведения корпоратива	16902913847	2	0	0.00	0.00	--	0	0.00
2026-09-16	118776773	Поиск Корпоративы	5552984126	новогодние корпоративы взрослых	16902913855	1	0	0.00	0.00	--	0	0.00
2026-09-16	118776773	Поиск Корпоративы	5552984130	новогодний корпоратив 2027	16902913859	3	0	0.00	0.00	--	0	0.00
2026-09-16	118776773	Поиск Корпоративы	5552984145	организация корпоративных мероприятий	16902913888	2	0	0.00	0.00	--	0	0.00
2026-09-16	118776773	Поиск Корпоративы	5552984145	организация корпоративных мероприятий	16902913889	2	0	0.00	0.00	--	0	0.00
2026-09-16	118776773	Поиск Корпоративы	5552984145	организация корпоративных мероприятий	16902913890	1	0	0.00	0.00	--	0	0.00
2026-09-16	118776773	Поиск Корпоративы	5552984148	организация корпоративных мероприятий москва	16902913899	5	0	0.00	0.00	--	0	0.00
2026-09-16	118776773	Поиск Корпоративы	5552984149	организация корпоративных праздников мероприятий	16902913901	1	1	100.00	229.80	229.80	0	0.00
2026-09-16	118776773	Поиск Корпоративы	5552984150	организация корпоративов	16902913903	1	0	0.00	0.00	--	0	0.00
2026-09-16	118776773	Поиск Корпоративы	5552984150	организация корпоративов	16902913904	3	0	0.00	0.00	--	0	0.00
2026-09-16	118776773	Поиск Корпоративы	5552984153	организация питания корпоративных мероприятий	16902913910	1	0	0.00	0.00	--	0	0.00
2026-09-16	118776773	Поиск Корпоративы	5552984164	площадки для проведения корпоративных мероприятий в москве	16902913936	1	0	0.00	0.00	--	0	0.00
2026-09-16	118776773	Поиск Корпоративы	5552984168	праздничные корпоративные мероприятия	16902913943	1	0	0.00	0.00	--	0	0.00
2026-09-16	118776773	Поиск Корпоративы	5552984168	праздничные корпоративные мероприятия	16902913944	4	0	0.00	0.00	--	0	0.00
2026-09-16	118776773	Поиск Корпоративы	5552984168	праздничные корпоративные мероприятия	16902913945	3	0	0.00	0.00	--	0	0.00
2026-09-16	118776773	Поиск Корпоративы	5552984171	проведение корпоратива в москве	16902913949	1	0	0.00	0.00	--	0	0.00
2026-09-16	118776773	Поиск Корпоративы	5552984173	проведение корпоративных мероприятий москва	16902913956	4	0	0.00	0.00	--	0	0.00
2026-09-16	118776773	Поиск Корпоративы	5552984174	проведение корпоративов	16902913958	1	0	0.00	0.00	--	0	0.00
2026-09-16	118776773	Поиск Корпоративы	5552984174	проведение корпоративов	16902913960	3	0	0.00	0.00	--	0	0.00
2026-09-16	118776773	Поиск Корпоративы	5552984176	банкетный зал для корпоратива	16902913965	1	0	0.00	0.00	--	0	0.00
2026-09-16	118776773	Поиск Корпоративы	5552984178	отметить корпоратив	16902913970	3	1	33.33	417.52	417.52	0	0.00
2026-09-16	118776773	Поиск Корпоративы	5552984178	отметить корпоратив	16902913971	1	0	0.00	0.00	--	0	0.00
2026-09-16	118776773	Поиск Корпоративы	5552984186	корпоратив в ресторане	16902913985	1	0	0.00	0.00	--	0	0.00
2026-09-16	118776773	Поиск Корпоративы	5552984190	ресторан для корпоратива	16902913992	3	0	0.00	0.00	--	0	0.00
2026-09-16	118776773	Поиск Корпоративы	5552984190	ресторан для корпоратива	16902913993	5	0	0.00	0.00	--	0	0.00
2026-09-16	118776773	Поиск Корпоративы	5552984192	лучший ресторан для корпоратива	16902913997	3	2	66.67	1283.98	641.99	0	0.00
2026-09-16	118776773	Поиск Корпоративы	5552984196	большой ресторан для корпоратива	16902914005	7	1	14.29	666.70	666.70	0	0.00
2026-09-16	118776773	Поиск Корпоративы	5552984199	зал для корпоратива	16902914011	2	0	0.00	0.00	--	0	0.00
2026-09-16	118776773	Поиск Корпоративы	5552984200	Эвент холл для корпоратива	16902914016	1	0	0.00	0.00	--	0	0.00
2026-09-16	118776779	Поиск Свадебные банкеты	5552984223	заказать свадьбу	16902921384	1	0	0.00	0.00	--	0	0.00
2026-09-16	118776779	Поиск Свадебные банкеты	5552984223	заказать свадьбу	16902921385	4	0	0.00	0.00	--	0	0.00
2026-09-16	118776779	Поиск Свадебные банкеты	5552984224	где провести свадьбу в москве	16902921388	4	1	25.00	202.94	202.94	1	0.00
2026-09-16	118776779	Поиск Свадебные банкеты	5552984225	банкетный зал для свадьбы	16902921392	1	0	0.00	0.00	--	0	0.00
2026-09-16	118776779	Поиск Свадебные банкеты	5552984225	банкетный зал для свадьбы	16902921393	1	0	0.00	0.00	--	0	0.00
2026-09-16	118776779	Поиск Свадебные банкеты	5552984226	банкетный зал для проведения свадьбы	16902921397	7	0	0.00	0.00	--	0	0.00
2026-09-16	118776779	Поиск Свадебные банкеты	5552984226	банкетный зал для проведения свадьбы	16902921398	5	0	0.00	0.00	--	0	0.00
2026-09-16	118776779	Поиск Свадебные банкеты	5552984229	залы для проведения свадьбы	16902921410	1	0	0.00	0.00	--	0	0.00
2026-09-16	118776779	Поиск Свадебные банкеты	5552984232	зал для свадьбы в москве	16902921422	4	1	25.00	204.06	204.06	1	0.00
2026-09-16	118776779	Поиск Свадебные банкеты	5552984235	где сыграть свадьбу в москве	16902921435	1	0	0.00	0.00	--	0	0.00
2026-09-16	118776779	Поиск Свадебные банкеты	5552984241	где провести свадьбу	16902921457	3	1	33.33	263.81	263.81	0	0.00
2026-09-16	118776779	Поиск Свадебные банкеты	5552984243	зал для свадьбы	16902921464	1	0	0.00	0.00	--	0	0.00
2026-09-16	118776779	Поиск Свадебные банкеты	5552984243	зал для свадьбы	16902921466	2	1	50.00	123.02	123.02	0	0.00
2026-09-16	118776779	Поиск Свадебные банкеты	5552984244	где отметить свадьбу	16902921469	1	0	0.00	0.00	--	0	0.00
2026-09-16	118776779	Поиск Свадебные банкеты	5552984244	где отметить свадьбу	16902921471	3	0	0.00	0.00	--	0	0.00
2026-09-16	118776779	Поиск Свадебные банкеты	5552984245	банкетные залы для свадьбы в москве	16902921474	1	0	0.00	0.00	--	0	0.00
2026-09-16	118776779	Поиск Свадебные банкеты	5552984251	банкет на свадьбу	16902921499	1	0	0.00	0.00	--	0	0.00
2026-09-16	118776779	Поиск Свадебные банкеты	5552984252	где отметить свадьбу в москве	16902921503	1	0	0.00	0.00	--	0	0.00
2026-09-16	118776779	Поиск Свадебные банкеты	5552984254	как отметить свадьбу	16902921509	1	0	0.00	0.00	--	0	0.00
2026-09-16	118776779	Поиск Свадебные банкеты	5552984255	как отметить свадьбу москве	16902921515	3	0	0.00	0.00	--	0	0.00
2026-09-16	118776779	Поиск Свадебные банкеты	5552984255	как отметить свадьбу москве	16902921516	1	0	0.00	0.00	--	0	0.00
2026-09-16	118776779	Поиск Свадебные банкеты	5552984256	как отпраздновать свадьбу	16902921517	1	0	0.00	0.00	--	0	0.00
2026-09-16	118776779	Поиск Свадебные банкеты	5552984256	как отпраздновать свадьбу	16902921518	1	0	0.00	0.00	--	0	0.00
2026-09-16	118776779	Поиск Свадебные банкеты	5552984257	красивая свадьба в москве	16902921521	4	0	0.00	0.00	--	0	0.00
2026-09-16	118776779	Поиск Свадебные банкеты	5552984257	красивая свадьба в москве	16902921522	5	0	0.00	0.00	--	0	0.00
2026-09-16	118776779	Поиск Свадебные банкеты	5552984257	красивая свадьба в москве	16902921523	2	0	0.00	0.00	--	0	0.00
2026-09-16	118776779	Поиск Свадебные банкеты	5552984257	красивая свадьба в москве	16902921524	4	0	0.00	0.00	--	0	0.00
2026-09-16	118776779	Поиск Свадебные банкеты	5552984258	красивые места для свадьбы в москве	16902921525	1	0	0.00	0.00	--	0	0.00
2026-09-16	118776779	Поиск Свадебные банкеты	5552984259	красивые рестораны для свадьбы	16902921529	1	0	0.00	0.00	--	0	0.00
2026-09-16	118776779	Поиск Свадебные банкеты	5552984267	места для проведения свадьбы	16902921561	1	0	0.00	0.00	--	0	0.00
2026-09-16	118776779	Поиск Свадебные банкеты	5552984267	места для проведения свадьбы	16902921562	2	0	0.00	0.00	--	0	0.00
2026-09-16	118776779	Поиск Свадебные банкеты	5552984268	места для проведения свадьбы в москве	16902921565	2	0	0.00	0.00	--	0	0.00
2026-09-16	118776779	Поиск Свадебные банкеты	5552984268	места для проведения свадьбы в москве	16902921567	1	0	0.00	0.00	--	0	0.00
2026-09-16	118776779	Поиск Свадебные банкеты	5552984268	места для проведения свадьбы в москве	16902921568	1	0	0.00	0.00	--	0	0.00
2026-09-16	118776779	Поиск Свадебные банкеты	5552984269	места для свадьбы в москве	16902921569	3	0	0.00	0.00	--	0	0.00
2026-09-16	118776779	Поиск Свадебные банкеты	5552984269	места для свадьбы в москве	16902921570	1	0	0.00	0.00	--	0	0.00
2026-09-16	118776779	Поиск Свадебные банкеты	5552984269	места для свадьбы в москве	16902921571	1	0	0.00	0.00	--	0	0.00
2026-09-16	118776779	Поиск Свадебные банкеты	5552984270	место для свадьбы	16902921573	2	0	0.00	0.00	--	0	0.00
2026-09-16	118776779	Поиск Свадебные банкеты	5552984270	место для свадьбы	16902921574	2	0	0.00	0.00	--	0	0.00
2026-09-16	118776779	Поиск Свадебные банкеты	5552984270	место для свадьбы	16902921575	1	0	0.00	0.00	--	0	0.00
2026-09-16	118776779	Поиск Свадебные банкеты	5552984272	организация свадьбы в москве	16902921581	1	0	0.00	0.00	--	0	0.00
2026-09-16	118776779	Поиск Свадебные банкеты	5552984272	организация свадьбы в москве	16902921582	9	1	11.11	574.35	574.35	1	0.00
2026-09-16	118776779	Поиск Свадебные банкеты	5552984272	организация свадьбы в москве	16902921583	3	0	0.00	0.00	--	0	0.00
2026-09-16	118776779	Поиск Свадебные банкеты	5552984272	организация свадьбы в москве	16902921584	3	0	0.00	0.00	--	0	0.00
2026-09-16	118776779	Поиск Свадебные банкеты	5552984275	организация свадьбы под ключ в москве	16902921595	2	0	0.00	0.00	--	0	0.00
2026-09-16	118776779	Поиск Свадебные банкеты	5552984276	организовать свадьбу в москве	16902921598	1	0	0.00	0.00	--	0	0.00
2026-09-16	118776779	Поиск Свадебные банкеты	5552984276	организовать свадьбу в москве	16902921599	4	1	25.00	500.75	500.75	1	0.00
2026-09-16	118776779	Поиск Свадебные банкеты	5552984276	организовать свадьбу в москве	16902921600	1	0	0.00	0.00	--	0	0.00
2026-09-16	118776779	Поиск Свадебные банкеты	5552984281	площадки для свадьбы	16902921617	2	0	0.00	0.00	--	0	0.00
2026-09-16	118776779	Поиск Свадебные банкеты	5552984281	площадки для свадьбы	16902921618	7	1	14.29	418.47	418.47	1	0.00
2026-09-16	118776779	Поиск Свадебные банкеты	5552984281	площадки для свадьбы	16902921619	7	3	42.86	1015.71	338.57	2	0.00
2026-09-16	118776779	Поиск Свадебные банкеты	5552984281	площадки для свадьбы	16902921620	1	0	0.00	0.00	--	0	0.00
2026-09-16	118776779	Поиск Свадебные банкеты	5552984282	площадки для свадьбы в москве	16902921621	1	0	0.00	0.00	--	0	0.00
2026-09-16	118776779	Поиск Свадебные банкеты	5552984282	площадки для свадьбы в москве	16902921622	2	0	0.00	0.00	--	0	0.00
2026-09-16	118776779	Поиск Свадебные банкеты	5552984282	площадки для свадьбы в москве	16902921623	5	0	0.00	0.00	--	0	0.00
2026-09-16	118776779	Поиск Свадебные банкеты	5552984282	площадки для свадьбы в москве	16902921624	5	0	0.00	0.00	--	0	0.00
2026-09-16	118776779	Поиск Свадебные банкеты	5552984285	проведение свадеб в москве	16902921633	1	0	0.00	0.00	--	0	0.00
2026-09-16	118776779	Поиск Свадебные банкеты	5552984285	проведение свадеб в москве	16902921634	5	2	40.00	396.11	198.06	2	0.00
2026-09-16	118776779	Поиск Свадебные банкеты	5552984285	проведение свадеб в москве	16902921636	1	0	0.00	0.00	--	0	0.00
2026-09-16	118776779	Поиск Свадебные банкеты	5552984286	проведение свадьбы	16902921637	1	0	0.00	0.00	--	0	0.00
2026-09-16	118776779	Поиск Свадебные банкеты	5552984286	проведение свадьбы	16902921638	8	0	0.00	0.00	--	0	0.00
2026-09-16	118776779	Поиск Свадебные банкеты	5552984286	проведение свадьбы	16902921640	8	0	0.00	0.00	--	0	0.00
2026-09-16	118776779	Поиск Свадебные банкеты	5552984287	провести свадьбу в москве	16902921641	1	0	0.00	0.00	--	0	0.00
2026-09-16	118776779	Поиск Свадебные банкеты	5552984287	провести свадьбу в москве	16902921642	5	0	0.00	0.00	--	0	0.00
2026-09-16	118776779	Поиск Свадебные банкеты	5552984289	ресторан в москве для проведения свадьбы	16902921649	2	0	0.00	0.00	--	0	0.00
2026-09-16	118776779	Поиск Свадебные банкеты	5552984289	ресторан в москве для проведения свадьбы	16902921650	1	0	0.00	0.00	--	0	0.00
2026-09-16	118776779	Поиск Свадебные банкеты	5552984289	ресторан в москве для проведения свадьбы	16902921651	1	1	100.00	302.51	302.51	1	0.00
2026-09-16	118776779	Поиск Свадебные банкеты	5552984289	ресторан в москве для проведения свадьбы	16902921652	1	1	100.00	331.83	331.83	1	0.00
2026-09-16	118776779	Поиск Свадебные банкеты	5552984292	ресторан для свадьбы	16902921663	2	1	50.00	488.18	488.18	1	0.00
2026-09-16	118776779	Поиск Свадебные банкеты	5552984304	рестораны для проведения свадьбы	16902921710	8	0	0.00	0.00	--	0	0.00
2026-09-16	118776779	Поиск Свадебные банкеты	5552984305	рестораны для свадьбы в москве	16902921713	1	0	0.00	0.00	--	0	0.00
2026-09-16	118776779	Поиск Свадебные банкеты	5552984305	рестораны для свадьбы в москве	16902921715	2	0	0.00	0.00	--	0	0.00
2026-09-16	118776779	Поиск Свадебные банкеты	5552984305	рестораны для свадьбы в москве	16902921716	1	0	0.00	0.00	--	0	0.00
2026-09-16	118776779	Поиск Свадебные банкеты	5552984306	рестораны москвы с летней верандой для свадьбы	16902921718	1	0	0.00	0.00	--	0	0.00
2026-09-16	118776779	Поиск Свадебные банкеты	5552984312	свадебные залы москвы	16902921742	3	0	0.00	0.00	--	0	0.00
2026-09-16	118776779	Поиск Свадебные банкеты	5552984313	свадебные рестораны в москве	16902921745	6	1	16.67	597.74	597.74	1	0.00
2026-09-16	118776779	Поиск Свадебные банкеты	5552984313	свадебные рестораны в москве	16902921747	1	1	100.00	719.17	719.17	1	0.00
2026-09-16	118776779	Поиск Свадебные банкеты	5552984313	свадебные рестораны в москве	16902921748	2	0	0.00	0.00	--	0	0.00
2026-09-16	118776779	Поиск Свадебные банкеты	5552984315	свадебный банкет в москве	16902921754	3	0	0.00	0.00	--	0	0.00
2026-09-16	118776779	Поиск Свадебные банкеты	5552984315	свадебный банкет в москве	16902921755	2	0	0.00	0.00	--	0	0.00
2026-09-16	118776779	Поиск Свадебные банкеты	5552984316	свадебный банкетный зал	16902921758	1	0	0.00	0.00	--	0	0.00
2026-09-16	118776779	Поиск Свадебные банкеты	5552984318	свадебный ресторан	16902921765	1	0	0.00	0.00	--	0	0.00
2026-09-16	118776779	Поиск Свадебные банкеты	5552984318	свадебный ресторан	16902921766	1	0	0.00	0.00	--	0	0.00
2026-09-16	118776779	Поиск Свадебные банкеты	5552984318	свадебный ресторан	16902921768	1	0	0.00	0.00	--	0	0.00
2026-09-16	118776779	Поиск Свадебные банкеты	5552984319	свадьба в москве где	16902921771	3	1	33.33	254.30	254.30	1	0.00
2026-09-16	118776779	Поиск Свадебные банкеты	5552984325	свадьба цена	16902921795	1	0	0.00	0.00	--	0	0.00
2026-09-16	118776779	Поиск Свадебные банкеты	5552984325	свадьба цена	16902921796	4	0	0.00	0.00	--	0	0.00
2026-09-16	118776779	Поиск Свадебные банкеты	5552984327	сколько стоит свадьба в москве	16902921801	1	0	0.00	0.00	--	0	0.00
2026-09-16	118776779	Поиск Свадебные банкеты	5552984331	стоимость свадьбы в москве	16902921817	1	0	0.00	0.00	--	0	0.00
2026-09-16	118776779	Поиск Свадебные банкеты	5552984332	сыграть свадьбу в москве	16902921822	1	0	0.00	0.00	--	0	0.00
2026-09-16	118776779	Поиск Свадебные банкеты	5552984332	сыграть свадьбу в москве	16902921823	3	0	0.00	0.00	--	0	0.00
2026-09-16	118776779	Поиск Свадебные банкеты	5552984333	услуги проведения свадьбы	16902921826	4	0	0.00	0.00	--	0	0.00
2026-09-16	118776779	Поиск Свадебные банкеты	5552984339	веранда под свадьбу	16902921850	2	0	0.00	0.00	--	0	0.00
2026-09-16	118776779	Поиск Свадебные банкеты	5552984341	свадьба в ресторане	16902921859	1	0	0.00	0.00	--	0	0.00
2026-09-16	118776779	Поиск Свадебные банкеты	5552984342	отметить свадьбу в ресторане	16902921862	2	0	0.00	0.00	--	0	0.00
2026-09-16	118776779	Поиск Свадебные банкеты	5552984346	место для свадебной церемонии	16902921878	1	0	0.00	0.00	--	0	0.00
2026-09-16	118776779	Поиск Свадебные банкеты	5552984348	красивый банкетный зал для свадьбы	16902921885	1	0	0.00	0.00	--	0	0.00
2026-09-16	118776779	Поиск Свадебные банкеты	5552984351	ресторан для свадьбы в москве	16902921897	3	1	33.33	207.08	207.08	1	0.00
2026-09-16	118776779	Поиск Свадебные банкеты	5552984351	ресторан для свадьбы в москве	16902921900	1	0	0.00	0.00	--	0	0.00
2026-09-16	118776785	Ремаркетинг	5552984378	Новая группа	16902928679	5	0	0.00	0.00	--	1	0.00
2026-09-16	118776779	Поиск Свадебные банкеты	5596541487	банкетный зал для свадьбы москва	17078756108	1	0	0.00	0.00	--	0	0.00
2026-09-16	118776779	Поиск Свадебные банкеты	5596541487	банкетный зал для свадьбы москва	17078756109	1	0	0.00	0.00	--	0	0.00
2026-09-16	700792063	Тест РСЯ банкет	5598457174	Банкеты	17085709723	82	4	4.88	2.19	0.55	0	0.00
2026-09-16	700792063	Тест РСЯ банкет	5598457174	Банкеты	17085709724	930	71	7.63	94.25	1.33	0	0.00
2026-09-16	700792063	Тест РСЯ банкет	5598457174	Банкеты	17085709725	16577	162	0.98	3625.03	22.38	15	0.00
2026-09-16	700792063	Тест РСЯ банкет	5598457174	Банкеты	17085709726	354	3	0.85	1.14	0.38	0	0.00
2026-09-16	700792063	Тест РСЯ банкет	5598457175	Баннеры	17085709727	224	0	0.00	0.00	--	0	0.00
2026-09-16	700792072	Тест РСЯ конференции	5598457232	зал для конференций	17085710053	1	0	0.00	0.00	--	0	0.00
2026-09-16	700792072	Тест РСЯ конференции	5598457235	провести конференцию	17085710058	17	0	0.00	0.00	--	0	0.00
2026-09-16	700792072	Тест РСЯ конференции	5598457236	зал для тренингов	17085710061	1	0	0.00	0.00	--	0	0.00
2026-09-16	700792072	Тест РСЯ конференции	5598457237	зал семинар	17085710062	3	0	0.00	0.00	--	0	0.00
2026-09-16	700792072	Тест РСЯ конференции	5598457237	зал семинар	17085710063	2	0	0.00	0.00	--	0	0.00
2026-09-16	700792072	Тест РСЯ конференции	5598457238	конференц зал	17085710064	12	0	0.00	0.00	--	0	0.00
2026-09-16	700792072	Тест РСЯ конференции	5598457238	конференц зал	17085710065	5	0	0.00	0.00	--	0	0.00
2026-09-16	700792072	Тест РСЯ конференции	5598457239	место для конференции	17085710067	2	0	0.00	0.00	--	0	0.00
2026-09-16	700792072	Тест РСЯ конференции	5598457240	организация конференций	17085710069	1	0	0.00	0.00	--	0	0.00
2026-09-16	700792072	Тест РСЯ конференции	5598457241	организовать конференцию	17085710070	6	0	0.00	0.00	--	0	0.00
2026-09-16	700792072	Тест РСЯ конференции	5598457245	проведение конференций	17085710078	26	7	26.92	0.00	0.00	0	0.00
2026-09-16	700792072	Тест РСЯ конференции	5598457246	зал с проектором	17085710080	11	1	9.09	0.00	0.00	0	0.00
2026-09-16	700792072	Тест РСЯ конференции	5598457246	зал с проектором	17085710081	10	0	0.00	0.00	--	0	0.00
2026-09-16	700792082	Тест РСЯ Корпоративы	5598457300	провести корпоратив	17085710298	2	0	0.00	0.00	--	0	0.00
2026-09-16	700792082	Тест РСЯ Корпоративы	5598457301	корпоративные мероприятия	17085710301	22	0	0.00	0.00	--	0	0.00
2026-09-16	700792082	Тест РСЯ Корпоративы	5598457302	организация корпоратива	17085710304	623	2	0.32	15.72	7.86	0	0.00
2026-09-16	700792082	Тест РСЯ Корпоративы	5598457303	корпоративный праздник	17085710305	30	0	0.00	0.00	--	0	0.00
2026-09-16	700792082	Тест РСЯ Корпоративы	5598457303	корпоративный праздник	17085710306	920	1	0.11	61.13	61.13	0	0.00
2026-09-16	700792082	Тест РСЯ Корпоративы	5598457303	корпоративный праздник	17085710307	8	0	0.00	0.00	--	0	0.00
2026-09-16	700792082	Тест РСЯ Корпоративы	5598457304	проведение корпоратива	17085710308	174	0	0.00	0.00	--	0	0.00
2026-09-16	700792082	Тест РСЯ Корпоративы	5598457304	проведение корпоратива	17085710309	229	0	0.00	0.00	--	0	0.00
2026-09-16	700792082	Тест РСЯ Корпоративы	5598457305	ресторан для корпоратива	17085710311	40	0	0.00	0.00	--	0	0.00
2026-09-16	700792082	Тест РСЯ Корпоративы	5598457307	отметить корпоратив	17085710317	1	0	0.00	0.00	--	0	0.00
2026-09-16	700792082	Тест РСЯ Корпоративы	5598457307	отметить корпоратив	17085710318	207	0	0.00	0.00	--	0	0.00
2026-09-16	700792082	Тест РСЯ Корпоративы	5598457308	корпоратив в центре	17085710321	638	3	0.47	46.32	15.44	0	0.00
2026-09-16	700792082	Тест РСЯ Корпоративы	5598457310	корпоратив на 50 челоек	17085710326	3	0	0.00	0.00	--	0	0.00
2026-09-16	700792082	Тест РСЯ Корпоративы	5598457310	корпоратив на 50 челоек	17085710327	299	5	1.67	80.80	16.16	0	0.00
2026-09-16	700792082	Тест РСЯ Корпоративы	5598457310	корпоратив на 50 челоек	17085710328	25	0	0.00	0.00	--	0	0.00
2026-09-16	700792082	Тест РСЯ Корпоративы	5598457311	корпоратив на 100 челоек	17085710329	23	0	0.00	0.00	--	0	0.00
2026-09-16	700792082	Тест РСЯ Корпоративы	5598457311	корпоратив на 100 челоек	17085710330	30	0	0.00	0.00	--	0	0.00
2026-09-16	700792082	Тест РСЯ Корпоративы	5598457311	корпоратив на 100 челоек	17085710331	124	1	0.81	2.19	2.19	0	0.00
2026-09-16	700792082	Тест РСЯ Корпоративы	5598457312	корпоратив на 150 челоек	17085710332	59	0	0.00	0.00	--	0	0.00
2026-09-16	700792082	Тест РСЯ Корпоративы	5598457312	корпоратив на 150 челоек	17085710333	520	5	0.96	70.73	14.15	0	0.00
2026-09-16	700792082	Тест РСЯ Корпоративы	5598457312	корпоратив на 150 челоек	17085710334	91	0	0.00	0.00	--	0	0.00
2026-09-16	700792082	Тест РСЯ Корпоративы	5598457313	корпоратив на 200 челоек	17085710335	10832	124	1.14	912.31	7.36	4	0.00
2026-09-16	700792082	Тест РСЯ Корпоративы	5598457313	корпоратив на 200 челоек	17085710336	28	0	0.00	0.00	--	0	0.00
2026-09-16	700792082	Тест РСЯ Корпоративы	5598457313	корпоратив на 200 челоек	17085710337	79	0	0.00	0.00	--	0	0.00
2026-09-16	700792082	Тест РСЯ Корпоративы	5598457314	корпоратив на 250 челоек	17085710338	7	0	0.00	0.00	--	0	0.00
2026-09-16	700792082	Тест РСЯ Корпоративы	5598457314	корпоратив на 250 челоек	17085710339	152	0	0.00	0.00	--	0	0.00
2026-09-16	700792082	Тест РСЯ Корпоративы	5598457314	корпоратив на 250 челоек	17085710340	1	0	0.00	0.00	--	0	0.00
2026-09-16	700792082	Тест РСЯ Корпоративы	5598457315	корпоратив на чистых прудах	17085710341	223	0	0.00	0.00	--	0	0.00
2026-09-16	700792082	Тест РСЯ Корпоративы	5598457315	корпоратив на чистых прудах	17085710342	66	0	0.00	0.00	--	0	0.00
2026-09-16	700792082	Тест РСЯ Корпоративы	5598457316	корпоратив на красных воротах	17085710344	18	1	5.56	5.96	5.96	0	0.00
2026-09-16	700792082	Тест РСЯ Корпоративы	5598457316	корпоратив на красных воротах	17085710345	797	5	0.63	58.17	11.63	0	0.00
2026-09-16	700792082	Тест РСЯ Корпоративы	5598457316	корпоратив на красных воротах	17085710346	6	0	0.00	0.00	--	0	0.00
2026-09-16	700792082	Тест РСЯ Корпоративы	5598457317	корпоративы с караоке	17085710347	244	0	0.00	0.00	--	0	0.00
2026-09-16	700792082	Тест РСЯ Корпоративы	5598457317	корпоративы с караоке	17085710348	74	1	1.35	2.96	2.96	0	0.00
2026-09-16	700792082	Тест РСЯ Корпоративы	5598457317	корпоративы с караоке	17085710349	148	0	0.00	0.00	--	0	0.00
2026-09-16	700792082	Тест РСЯ Корпоративы	5598457318	Баннеры	17085710350	22	5	22.73	9.00	1.80	0	0.00
2026-09-16	700792082	Тест РСЯ Корпоративы	5598457318	Баннеры	17085710351	2	0	0.00	0.00	--	0	0.00
2026-09-16	700792082	Тест РСЯ Корпоративы	5598457318	Баннеры	17085710352	6	2	33.33	1.65	0.83	0	0.00
2026-09-16	700792082	Тест РСЯ Корпоративы	5598457318	Баннеры	17085710353	2	0	0.00	0.00	--	0	0.00
2026-09-16	700792082	Тест РСЯ Корпоративы	5598457321	корпоратив 30	17085710360	807	2	0.25	10.06	5.03	0	0.00
2026-09-16	700792082	Тест РСЯ Корпоративы	5598457321	корпоратив 30	17085710361	191	1	0.52	3.42	3.42	0	0.00
2026-09-16	700792082	Тест РСЯ Корпоративы	5598457321	корпоратив 30	17085710362	1811	6	0.33	42.44	7.07	0	0.00
2026-09-16	700792082	Тест РСЯ Корпоративы	5598457322	корпоратив 40	17085710363	55	0	0.00	0.00	--	0	0.00
2026-09-16	700792082	Тест РСЯ Корпоративы	5598457322	корпоратив 40	17085710364	307	2	0.65	10.83	5.42	0	0.00
2026-09-16	700792082	Тест РСЯ Корпоративы	5598457322	корпоратив 40	17085710365	148	2	1.35	15.60	7.80	0	0.00
2026-09-16	700792084	Тест РСЯ Свадебные банкеты	5598457353	свадьба в москве	17085710533	2667	53	1.99	338.62	6.39	40	0.00
2026-09-16	700792084	Тест РСЯ Свадебные банкеты	5598457353	свадьба в москве	17085710534	14809	73	0.49	1093.61	14.98	60	0.00
2026-09-16	700792084	Тест РСЯ Свадебные банкеты	5598457353	свадьба в москве	17085710535	48	0	0.00	0.00	--	0	0.00
2026-09-16	700792084	Тест РСЯ Свадебные банкеты	5598457353	свадьба в москве	17085710536	18	0	0.00	0.00	--	0	0.00
2026-09-16	700792084	Тест РСЯ Свадебные банкеты	5598457354	свадебный ресторан	17085710537	43	2	4.65	23.72	11.86	2	0.00
2026-09-16	700792084	Тест РСЯ Свадебные банкеты	5598457354	свадебный ресторан	17085710538	1594	36	2.26	141.93	3.94	28	0.00
2026-09-16	700792084	Тест РСЯ Свадебные банкеты	5598457354	свадебный ресторан	17085710539	223	1	0.45	205.67	205.67	1	0.00
2026-09-16	700792084	Тест РСЯ Свадебные банкеты	5598457354	свадебный ресторан	17085710540	32	0	0.00	0.00	--	0	0.00
2026-09-16	700792084	Тест РСЯ Свадебные банкеты	5598457355	площадка для свадьбы	17085710541	25	12	48.00	8.81	0.73	14	0.00
2026-09-16	700792084	Тест РСЯ Свадебные банкеты	5598457355	площадка для свадьбы	17085710542	29	10	34.48	6.48	0.65	10	0.00
2026-09-16	700792084	Тест РСЯ Свадебные банкеты	5598457355	площадка для свадьбы	17085710543	96	36	37.50	20.96	0.58	32	0.00
2026-09-16	700792084	Тест РСЯ Свадебные банкеты	5598457355	площадка для свадьбы	17085710544	73	4	5.48	2.10	0.53	6	0.00
2026-09-16	700792084	Тест РСЯ Свадебные банкеты	5598457356	веранда для свадьбы	17085710546	213	4	1.88	3.03	0.76	4	0.00
2026-09-16	700792084	Тест РСЯ Свадебные банкеты	5598457356	веранда для свадьбы	17085710547	3	0	0.00	0.00	--	0	0.00
2026-09-16	700792084	Тест РСЯ Свадебные банкеты	5598457356	веранда для свадьбы	17085710548	25	0	0.00	0.00	--	0	0.00
2026-09-16	700792084	Тест РСЯ Свадебные банкеты	5598457357	свадебный зал	17085710549	116	8	6.90	3.57	0.45	4	0.00
2026-09-16	700792084	Тест РСЯ Свадебные банкеты	5598457357	свадебный зал	17085710550	1179	57	4.83	68.60	1.20	50	0.00
2026-09-16	700792084	Тест РСЯ Свадебные банкеты	5598457357	свадебный зал	17085710551	25	0	0.00	0.00	--	0	0.00
2026-09-16	700792084	Тест РСЯ Свадебные банкеты	5598457357	свадебный зал	17085710552	333	11	3.30	16.43	1.49	6	0.00
2026-09-16	700792084	Тест РСЯ Свадебные банкеты	5598457358	свадьба под ключ	17085710553	69	2	2.90	1.80	0.90	1	0.00
2026-09-16	700792084	Тест РСЯ Свадебные банкеты	5598457358	свадьба под ключ	17085710554	96	1	1.04	186.27	186.27	1	0.00
2026-09-16	700792084	Тест РСЯ Свадебные банкеты	5598457358	свадьба под ключ	17085710555	169	0	0.00	0.00	--	0	0.00
2026-09-16	700792084	Тест РСЯ Свадебные банкеты	5598457358	свадьба под ключ	17085710556	92	2	2.17	6.79	3.40	2	0.00
2026-09-16	700792084	Тест РСЯ Свадебные банкеты	5598457359	банкет для свадьбы	17085710557	45	12	26.67	14.42	1.20	11	0.00
2026-09-16	700792084	Тест РСЯ Свадебные банкеты	5598457359	банкет для свадьбы	17085710558	223	5	2.24	3.51	0.70	3	0.00
2026-09-16	700792084	Тест РСЯ Свадебные банкеты	5598457359	банкет для свадьбы	17085710559	23	0	0.00	0.00	--	0	0.00
2026-09-16	700792084	Тест РСЯ Свадебные банкеты	5598457359	банкет для свадьбы	17085710560	37	0	0.00	0.00	--	0	0.00
2026-09-16	700792084	Тест РСЯ Свадебные банкеты	5598457360	ресторан для свадьбы	17085710561	4	3	75.00	2.59	0.86	2	0.00
2026-09-16	700792084	Тест РСЯ Свадебные банкеты	5598457360	ресторан для свадьбы	17085710562	11	0	0.00	0.00	--	0	0.00
2026-09-16	700792084	Тест РСЯ Свадебные банкеты	5598457360	ресторан для свадьбы	17085710563	32	1	3.12	0.78	0.78	2	0.00
2026-09-16	700792084	Тест РСЯ Свадебные банкеты	5598457360	ресторан для свадьбы	17085710564	1009	31	3.07	66.48	2.14	22	0.00
2026-09-16	700792084	Тест РСЯ Свадебные банкеты	5598457361	зал для свадьбы	17085710565	30	16	53.33	12.74	0.80	14	0.00
2026-09-16	700792084	Тест РСЯ Свадебные банкеты	5598457361	зал для свадьбы	17085710566	15	1	6.67	11.12	11.12	0	0.00
2026-09-16	700792084	Тест РСЯ Свадебные банкеты	5598457361	зал для свадьбы	17085710567	164	44	26.83	47.62	1.08	49	0.00
2026-09-16	700792084	Тест РСЯ Свадебные банкеты	5598457361	зал для свадьбы	17085710568	77	4	5.19	2.53	0.63	2	0.00
2026-09-16	700792084	Тест РСЯ Свадебные банкеты	5598457362	Ремаркетинг на просмотры страницы свадьбы	17085710569	451	45	9.98	118.22	2.63	34	0.00
2026-09-16	702195391	Тест РСЯ банкет (Похожие сайты)	5622970380	Банкеты	17201006655	28	12	42.86	8.69	0.72	0	0.00
2026-09-16	702195391	Тест РСЯ банкет (Похожие сайты)	5622970380	Банкеты	17201006656	268	28	10.45	161.33	5.76	1	0.00
2026-09-16	702195391	Тест РСЯ банкет (Похожие сайты)	5622970380	Банкеты	17201006657	2898	52	1.79	811.96	15.61	1	0.00
2026-09-16	702195391	Тест РСЯ банкет (Похожие сайты)	5622970380	Банкеты	17201006658	268	41	15.30	173.43	4.23	0	0.00
2026-09-16	702195391	Тест РСЯ банкет (Похожие сайты)	5622970381	Баннеры	17201006659	8881	26	0.29	410.59	15.79	1	0.00
2026-09-16	700792082	Тест РСЯ Корпоративы	5628294387	новогодний корпоратив	17235485071	292	0	0.00	0.00	--	0	0.00
2026-09-16	700792082	Тест РСЯ Корпоративы	5628294388	корпоративный новый год	17235485072	856	5	0.58	123.23	24.65	0	0.00
2026-09-16	700792082	Тест РСЯ Корпоративы	5628294389	корпоратив на новый год	17235485073	41	1	2.44	4.07	4.07	0	0.00
2026-09-16	708328266	РСЯ банкетное меню	5734561489	Банкеты	17663635579	2769	91	3.29	372.35	4.09	0	0.00
2026-09-16	709907560	Поиск Банкеты( конверсии)	5750739662	помещение для банкета	17718636696	6	1	16.67	1001.94	1001.94	1	0.00
2026-09-16	709907560	Поиск Банкеты( конверсии)	5750739662	помещение для банкета	17718636698	1	0	0.00	0.00	--	0	0.00
2026-09-16	709907560	Поиск Банкеты( конверсии)	5750739663	проведение банкетов	17718636702	3	0	0.00	0.00	--	0	0.00
2026-09-16	709907560	Поиск Банкеты( конверсии)	5750739663	проведение банкетов	17718636703	1	0	0.00	0.00	--	0	0.00
2026-09-16	709907560	Поиск Банкеты( конверсии)	5750739665	ресторан для банкета	17718636708	3	0	0.00	0.00	--	0	0.00
2026-09-16	709907560	Поиск Банкеты( конверсии)	5750739665	ресторан для банкета	17718636710	1	0	0.00	0.00	--	0	0.00
2026-09-16	709907560	Поиск Банкеты( конверсии)	5750739665	ресторан для банкета	17718636711	3	3	100.00	640.55	213.52	0	0.00
2026-09-16	709907560	Поиск Банкеты( конверсии)	5750739667	банкеты караоке	17718636719	1	0	0.00	0.00	--	0	0.00
2026-09-16	709907560	Поиск Банкеты( конверсии)	5750739668	банкеты корпоративы	17718636722	8	2	25.00	1543.89	771.94	0	0.00
2026-09-16	709907560	Поиск Банкеты( конверсии)	5750739669	банкеты под ключ	17718636725	2	0	0.00	0.00	--	0	0.00
2026-09-16	709907560	Поиск Банкеты( конверсии)	5750739669	банкеты под ключ	17718636726	1	0	0.00	0.00	--	0	0.00
2026-09-16	709907560	Поиск Банкеты( конверсии)	5750739669	банкеты под ключ	17718636727	1	0	0.00	0.00	--	0	0.00
2026-09-16	709907560	Поиск Банкеты( конверсии)	5750739670	веранда банкет	17718636728	2	0	0.00	0.00	--	0	0.00
2026-09-16	709907560	Поиск Банкеты( конверсии)	5750739674	банкет на день рождения	17718636747	3	0	0.00	0.00	--	0	0.00
2026-09-16	709907560	Поиск Банкеты( конверсии)	5750739676	банкет с полным обслуживанием	17718636756	4	0	0.00	0.00	--	0	0.00
2026-09-16	709907560	Поиск Банкеты( конверсии)	5750739676	банкет с полным обслуживанием	17718636758	2	0	0.00	0.00	--	0	0.00
2026-09-16	709907560	Поиск Банкеты( конверсии)	5750739677	банкет фуршет	17718636763	1	0	0.00	0.00	--	0	0.00
2026-09-16	709907560	Поиск Банкеты( конверсии)	5750739678	мероприятия банкеты	17718636764	4	0	0.00	0.00	--	0	0.00
2026-09-16	709907560	Поиск Банкеты( конверсии)	5750739678	мероприятия банкеты	17718636766	1	0	0.00	0.00	--	0	0.00
2026-09-16	709907560	Поиск Банкеты( конверсии)	5750739680	организация банкетов	17718636774	1	0	0.00	0.00	--	0	0.00
2026-09-16	709907560	Поиск Банкеты( конверсии)	5750739683	банкетная площадка	17718636784	1	0	0.00	0.00	--	0	0.00
2026-09-16	709907560	Поиск Банкеты( конверсии)	5750739683	банкетная площадка	17718636786	11	1	9.09	698.27	698.27	0	0.00
2026-09-16	709907560	Поиск Банкеты( конверсии)	5750739684	ресторан для юбилея	17718636790	3	0	0.00	0.00	--	0	0.00
2026-09-16	709907560	Поиск Банкеты( конверсии)	5750739685	банкетные залы	17718636792	16	0	0.00	0.00	--	0	0.00
2026-09-16	709907560	Поиск Банкеты( конверсии)	5750739685	банкетные залы	17718636793	5	0	0.00	0.00	--	0	0.00
2026-09-16	709907560	Поиск Банкеты( конверсии)	5750739685	банкетные залы	17718636794	6	1	16.67	186.67	186.67	0	0.00
2026-09-16	709907560	Поиск Банкеты( конверсии)	5750739685	банкетные залы	17718636795	27	0	0.00	0.00	--	0	0.00
2026-09-16	709907560	Поиск Банкеты( конверсии)	5750739686	Отметить день рождения в ресторане	17718636796	5	1	20.00	211.48	211.48	0	0.00
2026-09-16	709907560	Поиск Банкеты( конверсии)	5750739686	Отметить день рождения в ресторане	17718636797	3	1	33.33	344.63	344.63	1	0.00
2026-09-16	709907560	Поиск Банкеты( конверсии)	5750739686	Отметить день рождения в ресторане	17718636799	16	3	18.75	583.57	194.52	0	0.00
2026-09-16	709907560	Поиск Банкеты( конверсии)	5750739687	день рождения в ресторане	17718636804	2	0	0.00	0.00	--	0	0.00
2026-09-16	709907560	Поиск Банкеты( конверсии)	5750739687	день рождения в ресторане	17718636805	6	0	0.00	0.00	--	0	0.00
2026-09-16	709907560	Поиск Банкеты( конверсии)	5750739687	день рождения в ресторане	17718636807	3	0	0.00	0.00	--	0	0.00
2026-09-16	709907560	Поиск Банкеты( конверсии)	5750739690	банкетный зал 80	17718636820	2	0	0.00	0.00	--	0	0.00
2026-09-16	709907560	Поиск Банкеты( конверсии)	5750739692	банкетный зал 100	17718636828	3	1	33.33	615.76	615.76	0	0.00
2026-09-16	709907560	Поиск Банкеты( конверсии)	5750739697	банкетный зал 150	17718636848	4	0	0.00	0.00	--	0	0.00
2026-09-16	709907560	Поиск Банкеты( конверсии)	5750739700	банкетный зал 180	17718636860	1	0	0.00	0.00	--	0	0.00
2026-09-16	709907560	Поиск Банкеты( конверсии)	5750739702	банкетный зал 200	17718636868	3	1	33.33	496.39	496.39	0	0.00
2026-09-16	118776773	Поиск Корпоративы	5552984055	где провести новогодний корпоратив	17770196289	3	0	0.00	0.00	--	0	0.00
2026-09-16	118776773	Поиск Корпоративы	5552984069	корпоративный новый год компании	17770196309	1	0	0.00	0.00	--	0	0.00
2026-09-16	118776773	Поиск Корпоративы	5552984103	проведение корпоратива на новый год	17770196347	1	0	0.00	0.00	--	0	0.00
2026-09-16	118776773	Поиск Корпоративы	5552984120	мероприятия новогодний корпоратив	17770196364	1	0	0.00	0.00	--	0	0.00
2026-09-16	118776773	Поиск Корпоративы	5552984129	новогодний корпоратив	17770196377	3	0	0.00	0.00	--	0	0.00
2026-09-16	118776773	Поиск Корпоративы	5552984129	новогодний корпоратив	17770196378	3	0	0.00	0.00	--	0	0.00
2026-09-16	118776773	Поиск Корпоративы	5552984130	новогодний корпоратив 2027	17770196379	3	0	0.00	0.00	--	0	0.00
2026-09-16	118776773	Поиск Корпоративы	5552984131	новогодний корпоратив в москве	17770196381	4	0	0.00	0.00	--	0	0.00
2026-09-16	118776773	Поиск Корпоративы	5552984131	новогодний корпоратив в москве	17770196382	4	1	25.00	320.75	320.75	0	0.00
2026-09-16	700792082	Тест РСЯ Корпоративы	5628294387	новогодний корпоратив	17770196555	444	3	0.68	118.64	39.55	0	0.00
2026-09-16	700792082	Тест РСЯ Корпоративы	5628294387	новогодний корпоратив	17770196556	197	1	0.51	57.42	57.42	0	0.00
2026-09-16	700792082	Тест РСЯ Корпоративы	5628294388	корпоративный новый год	17770196557	298	2	0.67	64.59	32.30	0	0.00
2026-09-16	700792082	Тест РСЯ Корпоративы	5628294388	корпоративный новый год	17770196558	337	0	0.00	0.00	--	0	0.00
2026-09-16	700792082	Тест РСЯ Корпоративы	5628294389	корпоратив на новый год	17770196559	10	0	0.00	0.00	--	0	0.00
2026-09-16	700792082	Тест РСЯ Корпоративы	5628294389	корпоратив на новый год	17770196560	3	0	0.00	0.00	--	0	0.00
2026-09-16	118776773	Поиск Корпоративы	5770058766	площадка для новогоднего корпоратива	17776485002	1	0	0.00	0.00	--	0	0.00
2026-09-16	118776773	Поиск Корпоративы	5770058767	площадка для корпоратива	17776485005	4	0	0.00	0.00	--	0	0.00
2026-09-16	709907560	Поиск Банкеты( конверсии)	5770058773	новогодний банкетный зал	17776485011	2	0	0.00	0.00	--	0	0.00
2026-09-16	709907560	Поиск Банкеты( конверсии)	5770058773	новогодний банкетный зал	17776485013	1	0	0.00	0.00	--	0	0.00
2026-09-16	709907560	Поиск Банкеты( конверсии)	5770058773	новогодний банкетный зал	17776485014	2	0	0.00	0.00	--	0	0.00
2026-09-16	712849433	Поиск Банкеты квиз( конверсии)	5773918652	отметить банкет	1915822986185365493	1	0	0.00	0.00	--	0	0.00
2026-09-16	712849433	Поиск Банкеты квиз( конверсии)	5773918653	помещение для банкета	1915822986185365494	5	1	20.00	123.18	123.18	2	0.00
2026-09-16	712849433	Поиск Банкеты квиз( конверсии)	5773918654	проведение банкетов	1915822986185365495	2	0	0.00	0.00	--	0	0.00
2026-09-16	712849433	Поиск Банкеты квиз( конверсии)	5773918656	ресторан для банкета	1915822986185365497	19	1	5.26	70.93	70.93	1	0.00
2026-09-16	712849433	Поиск Банкеты квиз( конверсии)	5773918658	банкеты караоке	1915822986185365499	4	0	0.00	0.00	--	0	0.00
2026-09-16	712849433	Поиск Банкеты квиз( конверсии)	5773918659	банкеты корпоративы	1915822986185365500	8	1	12.50	573.63	573.63	1	0.00
2026-09-16	712849433	Поиск Банкеты квиз( конверсии)	5773918660	банкеты под ключ	1915822986185365501	4	1	25.00	125.65	125.65	1	0.00
2026-09-16	712849433	Поиск Банкеты квиз( конверсии)	5773918665	банкет на день рождения	1915822986185365506	12	3	25.00	475.69	158.56	1	0.00
2026-09-16	712849433	Поиск Банкеты квиз( конверсии)	5773918666	банкет на крыше	1915822986185365507	1	0	0.00	0.00	--	0	0.00
2026-09-16	712849433	Поиск Банкеты квиз( конверсии)	5773918668	банкет фуршет	1915822986185365509	5	0	0.00	0.00	--	0	0.00
2026-09-16	712849433	Поиск Банкеты квиз( конверсии)	5773918669	мероприятия банкеты	1915822986185365510	1	1	100.00	97.19	97.19	1	0.00
2026-09-16	712849433	Поиск Банкеты квиз( конверсии)	5773918672	банкет на красных воротах	1915822986185365513	1	0	0.00	0.00	--	0	0.00
2026-09-16	712849433	Поиск Банкеты квиз( конверсии)	5773918673	банкетная площадка	1915822986185365514	6	1	16.67	206.17	206.17	1	0.00
2026-09-16	712849433	Поиск Банкеты квиз( конверсии)	5773918674	ресторан для юбилея	1915822986185365515	1	1	100.00	50.95	50.95	1	0.00
2026-09-16	712849433	Поиск Банкеты квиз( конверсии)	5773918675	банкетные залы	1915822986185365516	73	7	9.59	1012.03	144.58	7	0.00
2026-09-16	712849433	Поиск Банкеты квиз( конверсии)	5773918676	Отметить день рождения в ресторане	1915822986185365517	9	1	11.11	55.60	55.60	1	0.00
2026-09-16	712849433	Поиск Банкеты квиз( конверсии)	5773918677	день рождения в ресторане	1915822986185365518	14	1	7.14	90.03	90.03	0	0.00
2026-09-16	712849433	Поиск Банкеты квиз( конверсии)	5773918680	банкетный зал 80	1915822986185365521	3	0	0.00	0.00	--	0	0.00
2026-09-16	712849433	Поиск Банкеты квиз( конверсии)	5773918682	банкетный зал 100	1915822986185365523	1	0	0.00	0.00	--	0	0.00
2026-09-16	712849433	Поиск Банкеты квиз( конверсии)	5773918684	банкетный зал 120	1915822986185365525	1	0	0.00	0.00	--	0	0.00
2026-09-16	712849433	Поиск Банкеты квиз( конверсии)	5773918687	банкетный зал 150	1915822986185365528	2	1	50.00	198.03	198.03	0	0.00
2026-09-16	712849433	Поиск Банкеты квиз( конверсии)	5773918688	банкетный зал 160	1915822986185365529	4	0	0.00	0.00	--	0	0.00
2026-09-16	712849433	Поиск Банкеты квиз( конверсии)	5773918691	банкетный зал 190	1915822986185365532	1	0	0.00	0.00	--	0	0.00
2026-09-16	712849433	Поиск Банкеты квиз( конверсии)	5773918692	банкетный зал 200	1915822986185365533	2	0	0.00	0.00	--	0	0.00
2026-09-17	118776764	Поиск Конференция	5552983971	проведение научно практических конференций	16902905805	1	0	0.00	0.00	--	0	0.00
2026-09-17	118776773	Поиск Корпоративы	5552984023	проведение праздников корпоративов вечеринок	16902913674	2	0	0.00	0.00	--	0	0.00
2026-09-17	118776773	Поиск Корпоративы	5552984025	развлекательные корпоративные мероприятия	16902913680	7	0	0.00	0.00	--	0	0.00
2026-09-17	118776773	Поиск Корпоративы	5552984025	развлекательные корпоративные мероприятия	16902913681	3	0	0.00	0.00	--	0	0.00
2026-09-17	118776773	Поиск Корпоративы	5552984038	где можно провести корпоратив	16902913716	4	0	0.00	0.00	--	0	0.00
2026-09-17	118776773	Поиск Корпоративы	5552984063	корпоративные мероприятия новый год москва московская область	16902913758	1	0	0.00	0.00	--	0	0.00
2026-09-17	118776773	Поиск Корпоративы	5552984098	корпоративные мероприятия москва	16902913815	3	0	0.00	0.00	--	0	0.00
2026-09-17	118776773	Поиск Корпоративы	5552984098	корпоративные мероприятия москва	16902913816	9	0	0.00	0.00	--	0	0.00
2026-09-17	118776773	Поиск Корпоративы	5552984098	корпоративные мероприятия москва	16902913817	10	1	10.00	372.79	372.79	0	0.00
2026-09-17	118776773	Поиск Корпоративы	5552984130	новогодний корпоратив 2027	16902913859	3	0	0.00	0.00	--	0	0.00
2026-09-17	118776773	Поиск Корпоративы	5552984148	организация корпоративных мероприятий москва	16902913899	1	0	0.00	0.00	--	0	0.00
2026-09-17	118776773	Поиск Корпоративы	5552984149	организация корпоративных праздников мероприятий	16902913901	1	0	0.00	0.00	--	0	0.00
2026-09-17	118776773	Поиск Корпоративы	5552984150	организация корпоративов	16902913904	1	0	0.00	0.00	--	0	0.00
2026-09-17	118776773	Поиск Корпоративы	5552984168	праздничные корпоративные мероприятия	16902913944	2	0	0.00	0.00	--	0	0.00
2026-09-17	118776773	Поиск Корпоративы	5552984168	праздничные корпоративные мероприятия	16902913945	2	0	0.00	0.00	--	0	0.00
2026-09-17	118776773	Поиск Корпоративы	5552984171	проведение корпоратива в москве	16902913949	2	0	0.00	0.00	--	0	0.00
2026-09-17	118776773	Поиск Корпоративы	5552984172	проведение корпоративных мероприятий	16902913953	1	1	100.00	1092.26	1092.26	0	0.00
2026-09-17	118776773	Поиск Корпоративы	5552984173	проведение корпоративных мероприятий москва	16902913956	1	0	0.00	0.00	--	0	0.00
2026-09-17	118776773	Поиск Корпоративы	5552984176	банкетный зал для корпоратива	16902913965	2	2	100.00	1850.42	925.21	0	0.00
2026-09-17	118776773	Поиск Корпоративы	5552984178	отметить корпоратив	16902913970	1	0	0.00	0.00	--	0	0.00
2026-09-17	118776773	Поиск Корпоративы	5552984178	отметить корпоратив	16902913971	1	0	0.00	0.00	--	0	0.00
2026-09-17	118776773	Поиск Корпоративы	5552984178	отметить корпоратив	16902913972	1	0	0.00	0.00	--	0	0.00
2026-09-17	118776773	Поиск Корпоративы	5552984186	корпоратив в ресторане	16902913984	1	0	0.00	0.00	--	0	0.00
2026-09-17	118776773	Поиск Корпоративы	5552984186	корпоратив в ресторане	16902913985	2	1	50.00	846.55	846.55	1	0.00
2026-09-17	118776773	Поиск Корпоративы	5552984190	ресторан для корпоратива	16902913993	1	0	0.00	0.00	--	0	0.00
2026-09-17	118776773	Поиск Корпоративы	5552984190	ресторан для корпоратива	16902913994	1	0	0.00	0.00	--	0	0.00
2026-09-17	118776773	Поиск Корпоративы	5552984192	лучший ресторан для корпоратива	16902913997	1	1	100.00	251.08	251.08	0	0.00
2026-09-17	118776773	Поиск Корпоративы	5552984194	ресторан с банкетным залом для корпоратива	16902914001	1	0	0.00	0.00	--	0	0.00
2026-09-17	118776773	Поиск Корпоративы	5552984196	большой ресторан для корпоратива	16902914005	3	0	0.00	0.00	--	0	0.00
2026-09-17	118776773	Поиск Корпоративы	5552984203	корпоратив на 30 человек	16902914028	1	0	0.00	0.00	--	0	0.00
2026-09-17	118776779	Поиск Свадебные банкеты	5552984223	заказать свадьбу	16902921385	1	0	0.00	0.00	--	0	0.00
2026-09-17	118776779	Поиск Свадебные банкеты	5552984224	где провести свадьбу в москве	16902921390	1	0	0.00	0.00	--	0	0.00
2026-09-17	118776779	Поиск Свадебные банкеты	5552984226	банкетный зал для проведения свадьбы	16902921396	1	0	0.00	0.00	--	0	0.00
2026-09-17	118776779	Поиск Свадебные банкеты	5552984226	банкетный зал для проведения свадьбы	16902921397	3	0	0.00	0.00	--	0	0.00
2026-09-17	118776779	Поиск Свадебные банкеты	5552984232	зал для свадьбы в москве	16902921422	1	0	0.00	0.00	--	0	0.00
2026-09-17	118776779	Поиск Свадебные банкеты	5552984236	банкет на свадьбу в москве	16902921436	2	0	0.00	0.00	--	0	0.00
2026-09-17	118776779	Поиск Свадебные банкеты	5552984240	веранды проведения свадьбы	16902921455	3	1	33.33	93.04	93.04	1	0.00
2026-09-17	118776779	Поиск Свадебные банкеты	5552984242	где можно отметить свадьбу	16902921460	1	0	0.00	0.00	--	0	0.00
2026-09-17	118776779	Поиск Свадебные банкеты	5552984244	где отметить свадьбу	16902921468	1	0	0.00	0.00	--	0	0.00
2026-09-17	118776779	Поиск Свадебные банкеты	5552984244	где отметить свадьбу	16902921469	4	1	25.00	351.22	351.22	1	0.00
2026-09-17	118776779	Поиск Свадебные банкеты	5552984246	как необычно отметить свадьбу	16902921477	1	0	0.00	0.00	--	0	0.00
2026-09-17	118776779	Поиск Свадебные банкеты	5552984254	как отметить свадьбу	16902921510	2	0	0.00	0.00	--	0	0.00
2026-09-17	118776779	Поиск Свадебные банкеты	5552984255	как отметить свадьбу москве	16902921514	3	0	0.00	0.00	--	0	0.00
2026-09-17	118776779	Поиск Свадебные банкеты	5552984257	красивая свадьба в москве	16902921521	2	1	50.00	574.94	574.94	1	0.00
2026-09-17	118776779	Поиск Свадебные банкеты	5552984257	красивая свадьба в москве	16902921522	7	1	14.29	282.53	282.53	1	0.00
2026-09-17	118776779	Поиск Свадебные банкеты	5552984257	красивая свадьба в москве	16902921523	5	0	0.00	0.00	--	0	0.00
2026-09-17	118776779	Поиск Свадебные банкеты	5552984257	красивая свадьба в москве	16902921524	2	0	0.00	0.00	--	0	0.00
2026-09-17	118776779	Поиск Свадебные банкеты	5552984267	места для проведения свадьбы	16902921562	3	0	0.00	0.00	--	0	0.00
2026-09-17	118776779	Поиск Свадебные банкеты	5552984269	места для свадьбы в москве	16902921569	1	0	0.00	0.00	--	0	0.00
2026-09-17	118776779	Поиск Свадебные банкеты	5552984269	места для свадьбы в москве	16902921572	4	1	25.00	110.09	110.09	1	0.00
2026-09-17	118776779	Поиск Свадебные банкеты	5552984270	место для свадьбы	16902921574	1	0	0.00	0.00	--	0	0.00
2026-09-17	118776779	Поиск Свадебные банкеты	5552984270	место для свадьбы	16902921575	1	0	0.00	0.00	--	0	0.00
2026-09-17	118776779	Поиск Свадебные банкеты	5552984271	организация свадеб и праздников	16902921577	1	0	0.00	0.00	--	0	0.00
2026-09-17	118776779	Поиск Свадебные банкеты	5552984272	организация свадьбы в москве	16902921582	3	0	0.00	0.00	--	0	0.00
2026-09-17	118776779	Поиск Свадебные банкеты	5552984272	организация свадьбы в москве	16902921584	5	0	0.00	0.00	--	0	0.00
2026-09-17	118776779	Поиск Свадебные банкеты	5552984276	организовать свадьбу в москве	16902921598	1	1	100.00	478.42	478.42	1	0.00
2026-09-17	118776779	Поиск Свадебные банкеты	5552984276	организовать свадьбу в москве	16902921599	2	1	50.00	430.57	430.57	1	0.00
2026-09-17	118776779	Поиск Свадебные банкеты	5552984281	площадки для свадьбы	16902921618	8	0	0.00	0.00	--	0	0.00
2026-09-17	118776779	Поиск Свадебные банкеты	5552984281	площадки для свадьбы	16902921619	1	0	0.00	0.00	--	0	0.00
2026-09-17	118776779	Поиск Свадебные банкеты	5552984282	площадки для свадьбы в москве	16902921622	2	0	0.00	0.00	--	0	0.00
2026-09-17	118776779	Поиск Свадебные банкеты	5552984282	площадки для свадьбы в москве	16902921624	2	0	0.00	0.00	--	0	0.00
2026-09-17	118776779	Поиск Свадебные банкеты	5552984285	проведение свадеб в москве	16902921633	1	0	0.00	0.00	--	0	0.00
2026-09-17	118776779	Поиск Свадебные банкеты	5552984285	проведение свадеб в москве	16902921634	2	0	0.00	0.00	--	0	0.00
2026-09-17	118776779	Поиск Свадебные банкеты	5552984285	проведение свадеб в москве	16902921636	2	0	0.00	0.00	--	0	0.00
2026-09-17	118776779	Поиск Свадебные банкеты	5552984286	проведение свадьбы	16902921637	2	1	50.00	361.97	361.97	1	0.00
2026-09-17	118776779	Поиск Свадебные банкеты	5552984286	проведение свадьбы	16902921638	6	0	0.00	0.00	--	0	0.00
2026-09-17	118776779	Поиск Свадебные банкеты	5552984286	проведение свадьбы	16902921639	1	0	0.00	0.00	--	0	0.00
2026-09-17	118776779	Поиск Свадебные банкеты	5552984286	проведение свадьбы	16902921640	3	0	0.00	0.00	--	0	0.00
2026-09-17	118776779	Поиск Свадебные банкеты	5552984287	провести свадьбу в москве	16902921641	2	0	0.00	0.00	--	0	0.00
2026-09-17	118776779	Поиск Свадебные банкеты	5552984287	провести свадьбу в москве	16902921642	1	0	0.00	0.00	--	0	0.00
2026-09-17	118776779	Поиск Свадебные банкеты	5552984289	ресторан в москве для проведения свадьбы	16902921650	1	0	0.00	0.00	--	0	0.00
2026-09-17	118776779	Поиск Свадебные банкеты	5552984292	ресторан для свадьбы	16902921662	2	0	0.00	0.00	--	0	0.00
2026-09-17	118776779	Поиск Свадебные банкеты	5552984292	ресторан для свадьбы	16902921663	2	0	0.00	0.00	--	0	0.00
2026-09-17	118776779	Поиск Свадебные банкеты	5552984304	рестораны для проведения свадьбы	16902921710	1	0	0.00	0.00	--	0	0.00
2026-09-17	118776779	Поиск Свадебные банкеты	5552984305	рестораны для свадьбы в москве	16902921713	1	0	0.00	0.00	--	0	0.00
2026-09-17	118776779	Поиск Свадебные банкеты	5552984312	свадебные залы москвы	16902921742	1	0	0.00	0.00	--	0	0.00
2026-09-17	118776779	Поиск Свадебные банкеты	5552984312	свадебные залы москвы	16902921743	3	0	0.00	0.00	--	0	0.00
2026-09-17	118776779	Поиск Свадебные банкеты	5552984313	свадебные рестораны в москве	16902921747	1	1	100.00	422.74	422.74	1	0.00
2026-09-17	118776779	Поиск Свадебные банкеты	5552984314	свадебный банкет	16902921750	3	0	0.00	0.00	--	0	0.00
2026-09-17	118776779	Поиск Свадебные банкеты	5552984315	свадебный банкет в москве	16902921754	1	0	0.00	0.00	--	0	0.00
2026-09-17	118776779	Поиск Свадебные банкеты	5552984315	свадебный банкет в москве	16902921755	1	0	0.00	0.00	--	0	0.00
2026-09-17	118776779	Поиск Свадебные банкеты	5552984317	свадебный зал	16902921762	2	0	0.00	0.00	--	0	0.00
2026-09-17	118776779	Поиск Свадебные банкеты	5552984318	свадебный ресторан	16902921765	2	1	50.00	419.11	419.11	1	0.00
2026-09-17	118776779	Поиск Свадебные банкеты	5552984319	свадьба в москве где	16902921771	1	1	100.00	130.36	130.36	1	0.00
2026-09-17	118776779	Поиск Свадебные банкеты	5552984325	свадьба цена	16902921796	2	0	0.00	0.00	--	0	0.00
2026-09-17	118776779	Поиск Свадебные банкеты	5552984327	сколько стоит свадьба в москве	16902921801	1	0	0.00	0.00	--	0	0.00
2026-09-17	118776779	Поиск Свадебные банкеты	5552984327	сколько стоит свадьба в москве	16902921803	2	0	0.00	0.00	--	0	0.00
2026-09-17	118776779	Поиск Свадебные банкеты	5552984332	сыграть свадьбу в москве	16902921823	1	0	0.00	0.00	--	0	0.00
2026-09-17	118776779	Поиск Свадебные банкеты	5552984341	свадьба в ресторане	16902921858	2	0	0.00	0.00	--	0	0.00
2026-09-17	118776779	Поиск Свадебные банкеты	5552984342	отметить свадьбу в ресторане	16902921862	1	0	0.00	0.00	--	0	0.00
2026-09-17	118776779	Поиск Свадебные банкеты	5552984346	место для свадебной церемонии	16902921878	1	0	0.00	0.00	--	0	0.00
2026-09-17	118776779	Поиск Свадебные банкеты	5552984351	ресторан для свадьбы в москве	16902921900	1	0	0.00	0.00	--	0	0.00
2026-09-17	118776785	Ремаркетинг	5552984378	Новая группа	16902928679	10	0	0.00	0.00	--	0	0.00
2026-09-17	118776779	Поиск Свадебные банкеты	5596541487	банкетный зал для свадьбы москва	17078756111	1	0	0.00	0.00	--	0	0.00
2026-09-17	700792063	Тест РСЯ банкет	5598457174	Банкеты	17085709723	113	10	8.85	5.74	0.57	0	0.00
2026-09-17	700792063	Тест РСЯ банкет	5598457174	Банкеты	17085709724	654	27	4.13	40.66	1.51	1	0.00
2026-09-17	700792063	Тест РСЯ банкет	5598457174	Банкеты	17085709725	26701	165	0.62	6659.03	40.36	14	0.00
2026-09-17	700792063	Тест РСЯ банкет	5598457174	Банкеты	17085709726	397	5	1.26	3.11	0.62	0	0.00
2026-09-17	700792063	Тест РСЯ банкет	5598457175	Баннеры	17085709727	282	0	0.00	0.00	--	0	0.00
2026-09-17	700792072	Тест РСЯ конференции	5598457235	провести конференцию	17085710058	1	0	0.00	0.00	--	0	0.00
2026-09-17	700792072	Тест РСЯ конференции	5598457237	зал семинар	17085710062	1	0	0.00	0.00	--	0	0.00
2026-09-17	700792072	Тест РСЯ конференции	5598457238	конференц зал	17085710064	8	0	0.00	0.00	--	0	0.00
2026-09-17	700792072	Тест РСЯ конференции	5598457238	конференц зал	17085710065	2	0	0.00	0.00	--	0	0.00
2026-09-17	700792072	Тест РСЯ конференции	5598457240	организация конференций	17085710069	2	0	0.00	0.00	--	0	0.00
2026-09-17	700792072	Тест РСЯ конференции	5598457241	организовать конференцию	17085710070	3	1	33.33	0.00	0.00	0	0.00
2026-09-17	700792072	Тест РСЯ конференции	5598457245	проведение конференций	17085710078	1	1	100.00	0.00	0.00	0	0.00
2026-09-17	700792082	Тест РСЯ Корпоративы	5598457300	провести корпоратив	17085710298	47	0	0.00	0.00	--	0	0.00
2026-09-17	700792082	Тест РСЯ Корпоративы	5598457301	корпоративные мероприятия	17085710301	59	2	3.39	10.68	5.34	0	0.00
2026-09-17	700792082	Тест РСЯ Корпоративы	5598457302	организация корпоратива	17085710304	225	3	1.33	34.14	11.38	0	0.00
2026-09-17	700792082	Тест РСЯ Корпоративы	5598457303	корпоративный праздник	17085710305	59	0	0.00	0.00	--	0	0.00
2026-09-17	700792082	Тест РСЯ Корпоративы	5598457303	корпоративный праздник	17085710306	2193	5	0.23	95.30	19.06	1	0.00
2026-09-17	700792082	Тест РСЯ Корпоративы	5598457303	корпоративный праздник	17085710307	40	0	0.00	0.00	--	0	0.00
2026-09-17	700792082	Тест РСЯ Корпоративы	5598457304	проведение корпоратива	17085710308	139	0	0.00	0.00	--	0	0.00
2026-09-17	700792082	Тест РСЯ Корпоративы	5598457304	проведение корпоратива	17085710309	311	0	0.00	0.00	--	0	0.00
2026-09-17	700792082	Тест РСЯ Корпоративы	5598457305	ресторан для корпоратива	17085710311	165	0	0.00	0.00	--	0	0.00
2026-09-17	700792082	Тест РСЯ Корпоративы	5598457307	отметить корпоратив	17085710317	46	0	0.00	0.00	--	0	0.00
2026-09-17	700792082	Тест РСЯ Корпоративы	5598457307	отметить корпоратив	17085710318	265	0	0.00	0.00	--	0	0.00
2026-09-17	700792082	Тест РСЯ Корпоративы	5598457308	корпоратив в центре	17085710321	1127	2	0.18	24.62	12.31	0	0.00
2026-09-17	700792082	Тест РСЯ Корпоративы	5598457310	корпоратив на 50 челоек	17085710326	18	0	0.00	0.00	--	0	0.00
2026-09-17	700792082	Тест РСЯ Корпоративы	5598457310	корпоратив на 50 челоек	17085710327	144	4	2.78	16.24	4.06	0	0.00
2026-09-17	700792082	Тест РСЯ Корпоративы	5598457310	корпоратив на 50 челоек	17085710328	30	0	0.00	0.00	--	0	0.00
2026-09-17	700792082	Тест РСЯ Корпоративы	5598457311	корпоратив на 100 челоек	17085710329	154	0	0.00	0.00	--	0	0.00
2026-09-17	700792082	Тест РСЯ Корпоративы	5598457311	корпоратив на 100 челоек	17085710330	103	1	0.97	4.83	4.83	0	0.00
2026-09-17	700792082	Тест РСЯ Корпоративы	5598457311	корпоратив на 100 челоек	17085710331	442	7	1.58	172.91	24.70	0	0.00
2026-09-17	700792082	Тест РСЯ Корпоративы	5598457312	корпоратив на 150 челоек	17085710332	120	0	0.00	0.00	--	0	0.00
2026-09-17	700792082	Тест РСЯ Корпоративы	5598457312	корпоратив на 150 челоек	17085710333	232	9	3.88	112.06	12.45	0	0.00
2026-09-17	700792082	Тест РСЯ Корпоративы	5598457312	корпоратив на 150 челоек	17085710334	217	0	0.00	0.00	--	0	0.00
2026-09-17	700792082	Тест РСЯ Корпоративы	5598457313	корпоратив на 200 челоек	17085710335	5154	230	4.46	1348.02	5.86	0	0.00
2026-09-17	700792082	Тест РСЯ Корпоративы	5598457313	корпоратив на 200 челоек	17085710336	352	9	2.56	87.46	9.72	0	0.00
2026-09-17	700792082	Тест РСЯ Корпоративы	5598457313	корпоратив на 200 челоек	17085710337	58	2	3.45	27.42	13.71	0	0.00
2026-09-17	700792082	Тест РСЯ Корпоративы	5598457314	корпоратив на 250 челоек	17085710338	39	0	0.00	0.00	--	0	0.00
2026-09-17	700792082	Тест РСЯ Корпоративы	5598457314	корпоратив на 250 челоек	17085710339	477	0	0.00	0.00	--	0	0.00
2026-09-17	700792082	Тест РСЯ Корпоративы	5598457315	корпоратив на чистых прудах	17085710341	107	0	0.00	0.00	--	0	0.00
2026-09-17	700792082	Тест РСЯ Корпоративы	5598457315	корпоратив на чистых прудах	17085710342	150	1	0.67	20.20	20.20	0	0.00
2026-09-17	700792082	Тест РСЯ Корпоративы	5598457316	корпоратив на красных воротах	17085710344	43	6	13.95	10.65	1.77	0	0.00
2026-09-17	700792082	Тест РСЯ Корпоративы	5598457316	корпоратив на красных воротах	17085710345	1978	13	0.66	269.84	20.76	1	0.00
2026-09-17	700792082	Тест РСЯ Корпоративы	5598457316	корпоратив на красных воротах	17085710346	48	0	0.00	0.00	--	0	0.00
2026-09-17	700792082	Тест РСЯ Корпоративы	5598457317	корпоративы с караоке	17085710347	248	0	0.00	0.00	--	0	0.00
2026-09-17	700792082	Тест РСЯ Корпоративы	5598457317	корпоративы с караоке	17085710348	385	9	2.34	84.18	9.35	0	0.00
2026-09-17	700792082	Тест РСЯ Корпоративы	5598457317	корпоративы с караоке	17085710349	325	0	0.00	0.00	--	0	0.00
2026-09-17	700792082	Тест РСЯ Корпоративы	5598457318	Баннеры	17085710350	50	11	22.00	40.42	3.67	0	0.00
2026-09-17	700792082	Тест РСЯ Корпоративы	5598457318	Баннеры	17085710351	3	0	0.00	0.00	--	0	0.00
2026-09-17	700792082	Тест РСЯ Корпоративы	5598457318	Баннеры	17085710352	9	2	22.22	9.26	4.63	0	0.00
2026-09-17	700792082	Тест РСЯ Корпоративы	5598457318	Баннеры	17085710353	1	0	0.00	0.00	--	0	0.00
2026-09-17	700792082	Тест РСЯ Корпоративы	5598457321	корпоратив 30	17085710360	4116	47	1.14	400.28	8.52	0	0.00
2026-09-17	700792082	Тест РСЯ Корпоративы	5598457321	корпоратив 30	17085710361	856	3	0.35	46.71	15.57	0	0.00
2026-09-17	700792082	Тест РСЯ Корпоративы	5598457321	корпоратив 30	17085710362	2406	9	0.37	82.51	9.17	0	0.00
2026-09-17	700792082	Тест РСЯ Корпоративы	5598457322	корпоратив 40	17085710363	285	3	1.05	77.41	25.80	0	0.00
2026-09-17	700792082	Тест РСЯ Корпоративы	5598457322	корпоратив 40	17085710364	487	24	4.93	236.30	9.85	0	0.00
2026-09-17	700792082	Тест РСЯ Корпоративы	5598457322	корпоратив 40	17085710365	72	2	2.78	55.52	27.76	0	0.00
2026-09-17	700792084	Тест РСЯ Свадебные банкеты	5598457353	свадьба в москве	17085710533	5227	59	1.13	605.13	10.26	62	0.00
2026-09-17	700792084	Тест РСЯ Свадебные банкеты	5598457353	свадьба в москве	17085710534	14192	107	0.75	1807.92	16.90	87	0.00
2026-09-17	700792084	Тест РСЯ Свадебные банкеты	5598457353	свадьба в москве	17085710535	63	0	0.00	0.00	--	0	0.00
2026-09-17	700792084	Тест РСЯ Свадебные банкеты	5598457353	свадьба в москве	17085710536	23	0	0.00	0.00	--	0	0.00
2026-09-17	700792084	Тест РСЯ Свадебные банкеты	5598457354	свадебный ресторан	17085710537	11	0	0.00	0.00	--	1	0.00
2026-09-17	700792084	Тест РСЯ Свадебные банкеты	5598457354	свадебный ресторан	17085710538	1789	161	9.00	607.57	3.77	99	0.00
2026-09-17	700792084	Тест РСЯ Свадебные банкеты	5598457354	свадебный ресторан	17085710539	296	3	1.01	97.30	32.43	2	0.00
2026-09-17	700792084	Тест РСЯ Свадебные банкеты	5598457354	свадебный ресторан	17085710540	124	1	0.81	0.56	0.56	0	0.00
2026-09-17	700792084	Тест РСЯ Свадебные банкеты	5598457355	площадка для свадьбы	17085710541	27	6	22.22	5.50	0.92	6	0.00
2026-09-17	700792084	Тест РСЯ Свадебные банкеты	5598457355	площадка для свадьбы	17085710542	23	7	30.43	4.14	0.59	9	0.00
2026-09-17	700792084	Тест РСЯ Свадебные банкеты	5598457355	площадка для свадьбы	17085710543	59	26	44.07	16.00	0.62	25	0.00
2026-09-17	700792084	Тест РСЯ Свадебные банкеты	5598457355	площадка для свадьбы	17085710544	67	16	23.88	14.84	0.93	15	0.00
2026-09-17	700792084	Тест РСЯ Свадебные банкеты	5598457356	веранда для свадьбы	17085710545	4	0	0.00	0.00	--	0	0.00
2026-09-17	700792084	Тест РСЯ Свадебные банкеты	5598457356	веранда для свадьбы	17085710546	566	54	9.54	64.28	1.19	48	0.00
2026-09-17	700792084	Тест РСЯ Свадебные банкеты	5598457356	веранда для свадьбы	17085710547	31	1	3.23	11.69	11.69	2	0.00
2026-09-17	700792084	Тест РСЯ Свадебные банкеты	5598457356	веранда для свадьбы	17085710548	42	0	0.00	0.00	--	0	0.00
2026-09-17	700792084	Тест РСЯ Свадебные банкеты	5598457357	свадебный зал	17085710549	209	4	1.91	3.16	0.79	1	0.00
2026-09-17	700792084	Тест РСЯ Свадебные банкеты	5598457357	свадебный зал	17085710550	655	6	0.92	5.59	0.93	4	0.00
2026-09-17	700792084	Тест РСЯ Свадебные банкеты	5598457357	свадебный зал	17085710551	55	1	1.82	20.75	20.75	1	0.00
2026-09-17	700792084	Тест РСЯ Свадебные банкеты	5598457357	свадебный зал	17085710552	345	58	16.81	51.87	0.89	54	0.00
2026-09-17	700792084	Тест РСЯ Свадебные банкеты	5598457358	свадьба под ключ	17085710553	325	16	4.92	183.12	11.45	14	0.00
2026-09-17	700792084	Тест РСЯ Свадебные банкеты	5598457358	свадьба под ключ	17085710554	432	0	0.00	0.00	--	0	0.00
2026-09-17	700792084	Тест РСЯ Свадебные банкеты	5598457358	свадьба под ключ	17085710555	400	5	1.25	26.56	5.31	4	0.00
2026-09-17	700792084	Тест РСЯ Свадебные банкеты	5598457358	свадьба под ключ	17085710556	291	6	2.06	25.18	4.20	2	0.00
2026-09-17	700792084	Тест РСЯ Свадебные банкеты	5598457359	банкет для свадьбы	17085710557	6	0	0.00	0.00	--	0	0.00
2026-09-17	700792084	Тест РСЯ Свадебные банкеты	5598457359	банкет для свадьбы	17085710558	755	76	10.07	232.83	3.06	61	0.00
2026-09-17	700792084	Тест РСЯ Свадебные банкеты	5598457359	банкет для свадьбы	17085710559	30	0	0.00	0.00	--	0	0.00
2026-09-17	700792084	Тест РСЯ Свадебные банкеты	5598457359	банкет для свадьбы	17085710560	40	0	0.00	0.00	--	0	0.00
2026-09-17	700792084	Тест РСЯ Свадебные банкеты	5598457360	ресторан для свадьбы	17085710561	7	0	0.00	0.00	--	0	0.00
2026-09-17	700792084	Тест РСЯ Свадебные банкеты	5598457360	ресторан для свадьбы	17085710562	25	1	4.00	0.61	0.61	0	0.00
2026-09-17	700792084	Тест РСЯ Свадебные банкеты	5598457360	ресторан для свадьбы	17085710563	63	3	4.76	16.99	5.66	1	0.00
2026-09-17	700792084	Тест РСЯ Свадебные банкеты	5598457360	ресторан для свадьбы	17085710564	1237	119	9.62	323.40	2.72	110	0.00
2026-09-17	700792084	Тест РСЯ Свадебные банкеты	5598457361	зал для свадьбы	17085710565	40	12	30.00	7.74	0.65	13	0.00
2026-09-17	700792084	Тест РСЯ Свадебные банкеты	5598457361	зал для свадьбы	17085710566	68	7	10.29	72.81	10.40	6	0.00
2026-09-17	700792084	Тест РСЯ Свадебные банкеты	5598457361	зал для свадьбы	17085710567	183	73	39.89	56.53	0.77	60	0.00
2026-09-17	700792084	Тест РСЯ Свадебные банкеты	5598457361	зал для свадьбы	17085710568	94	16	17.02	11.26	0.70	14	0.00
2026-09-17	700792084	Тест РСЯ Свадебные банкеты	5598457362	Ремаркетинг на просмотры страницы свадьбы	17085710569	419	29	6.92	30.70	1.06	32	0.00
2026-09-17	702195391	Тест РСЯ банкет (Похожие сайты)	5622970380	Банкеты	17201006655	16	8	50.00	8.77	1.10	1	0.00
2026-09-17	702195391	Тест РСЯ банкет (Похожие сайты)	5622970380	Банкеты	17201006656	114	15	13.16	57.12	3.81	0	0.00
2026-09-17	702195391	Тест РСЯ банкет (Похожие сайты)	5622970380	Банкеты	17201006657	1384	23	1.66	259.81	11.30	0	0.00
2026-09-17	702195391	Тест РСЯ банкет (Похожие сайты)	5622970380	Банкеты	17201006658	113	11	9.73	70.46	6.41	0	0.00
2026-09-17	702195391	Тест РСЯ банкет (Похожие сайты)	5622970381	Баннеры	17201006659	1432	5	0.35	52.18	10.44	0	0.00
2026-09-17	700792082	Тест РСЯ Корпоративы	5628294387	новогодний корпоратив	17235485071	77	0	0.00	0.00	--	0	0.00
2026-09-17	700792082	Тест РСЯ Корпоративы	5628294388	корпоративный новый год	17235485072	699	6	0.86	63.67	10.61	0	0.00
2026-09-17	700792082	Тест РСЯ Корпоративы	5628294389	корпоратив на новый год	17235485073	96	2	2.08	83.27	41.64	0	0.00
2026-09-17	708328266	РСЯ банкетное меню	5734561489	Банкеты	17663635579	3345	172	5.14	685.90	3.99	5	0.00
2026-09-17	709907560	Поиск Банкеты( конверсии)	5750739662	помещение для банкета	17718636696	2	1	50.00	202.26	202.26	1	0.00
2026-09-17	709907560	Поиск Банкеты( конверсии)	5750739662	помещение для банкета	17718636698	2	0	0.00	0.00	--	0	0.00
2026-09-17	709907560	Поиск Банкеты( конверсии)	5750739663	проведение банкетов	17718636702	3	1	33.33	384.14	384.14	0	0.00
2026-09-17	709907560	Поиск Банкеты( конверсии)	5750739665	ресторан для банкета	17718636708	4	0	0.00	0.00	--	0	0.00
2026-09-17	709907560	Поиск Банкеты( конверсии)	5750739665	ресторан для банкета	17718636711	4	0	0.00	0.00	--	0	0.00
2026-09-17	709907560	Поиск Банкеты( конверсии)	5750739667	банкеты караоке	17718636719	2	0	0.00	0.00	--	0	0.00
2026-09-17	709907560	Поиск Банкеты( конверсии)	5750739668	банкеты корпоративы	17718636722	1	0	0.00	0.00	--	0	0.00
2026-09-17	709907560	Поиск Банкеты( конверсии)	5750739670	веранда банкет	17718636728	2	0	0.00	0.00	--	0	0.00
2026-09-17	709907560	Поиск Банкеты( конверсии)	5750739674	банкет на день рождения	17718636747	6	0	0.00	0.00	--	0	0.00
2026-09-17	709907560	Поиск Банкеты( конверсии)	5750739676	банкет с полным обслуживанием	17718636756	5	1	20.00	706.50	706.50	0	0.00
2026-09-17	709907560	Поиск Банкеты( конверсии)	5750739678	мероприятия банкеты	17718636764	3	1	33.33	659.95	659.95	0	0.00
2026-09-17	709907560	Поиск Банкеты( конверсии)	5750739678	мероприятия банкеты	17718636766	3	0	0.00	0.00	--	0	0.00
2026-09-17	709907560	Поиск Банкеты( конверсии)	5750739679	место под банкет	17718636769	2	0	0.00	0.00	--	0	0.00
2026-09-17	709907560	Поиск Банкеты( конверсии)	5750739679	место под банкет	17718636770	1	0	0.00	0.00	--	0	0.00
2026-09-17	709907560	Поиск Банкеты( конверсии)	5750739680	организация банкетов	17718636774	1	0	0.00	0.00	--	0	0.00
2026-09-17	709907560	Поиск Банкеты( конверсии)	5750739683	банкетная площадка	17718636785	1	0	0.00	0.00	--	0	0.00
2026-09-17	709907560	Поиск Банкеты( конверсии)	5750739683	банкетная площадка	17718636786	10	3	30.00	1405.25	468.42	1	0.00
2026-09-17	709907560	Поиск Банкеты( конверсии)	5750739683	банкетная площадка	17718636787	2	0	0.00	0.00	--	0	0.00
2026-09-17	709907560	Поиск Банкеты( конверсии)	5750739684	ресторан для юбилея	17718636790	5	1	20.00	107.81	107.81	1	0.00
2026-09-17	709907560	Поиск Банкеты( конверсии)	5750739685	банкетные залы	17718636792	10	0	0.00	0.00	--	0	0.00
2026-09-17	709907560	Поиск Банкеты( конверсии)	5750739685	банкетные залы	17718636793	2	0	0.00	0.00	--	0	0.00
2026-09-17	709907560	Поиск Банкеты( конверсии)	5750739685	банкетные залы	17718636794	7	0	0.00	0.00	--	0	0.00
2026-09-17	709907560	Поиск Банкеты( конверсии)	5750739685	банкетные залы	17718636795	36	3	8.33	1358.28	452.76	2	0.00
2026-09-17	709907560	Поиск Банкеты( конверсии)	5750739686	Отметить день рождения в ресторане	17718636796	1	0	0.00	0.00	--	0	0.00
2026-09-17	709907560	Поиск Банкеты( конверсии)	5750739686	Отметить день рождения в ресторане	17718636797	3	0	0.00	0.00	--	0	0.00
2026-09-17	709907560	Поиск Банкеты( конверсии)	5750739686	Отметить день рождения в ресторане	17718636799	11	0	0.00	0.00	--	0	0.00
2026-09-17	709907560	Поиск Банкеты( конверсии)	5750739687	день рождения в ресторане	17718636804	2	0	0.00	0.00	--	0	0.00
2026-09-17	709907560	Поиск Банкеты( конверсии)	5750739687	день рождения в ресторане	17718636805	7	0	0.00	0.00	--	0	0.00
2026-09-17	709907560	Поиск Банкеты( конверсии)	5750739687	день рождения в ресторане	17718636807	1	0	0.00	0.00	--	0	0.00
2026-09-17	709907560	Поиск Банкеты( конверсии)	5750739691	банкетный зал 90	17718636824	5	0	0.00	0.00	--	0	0.00
2026-09-17	709907560	Поиск Банкеты( конверсии)	5750739692	банкетный зал 100	17718636828	1	0	0.00	0.00	--	0	0.00
2026-09-17	709907560	Поиск Банкеты( конверсии)	5750739701	банкетный зал 190	17718636866	2	0	0.00	0.00	--	0	0.00
2026-09-17	709907560	Поиск Банкеты( конверсии)	5750739702	банкетный зал 200	17718636868	1	0	0.00	0.00	--	0	0.00
2026-09-17	118776773	Поиск Корпоративы	5552984053	корпоратив на новый год	17770196286	2	0	0.00	0.00	--	0	0.00
2026-09-17	118776773	Поиск Корпоративы	5552984055	где провести новогодний корпоратив	17770196289	2	0	0.00	0.00	--	0	0.00
2026-09-17	118776773	Поиск Корпоративы	5552984066	корпоративный новый год	17770196305	6	0	0.00	0.00	--	0	0.00
2026-09-17	118776773	Поиск Корпоративы	5552984066	корпоративный новый год	17770196306	7	0	0.00	0.00	--	0	0.00
2026-09-17	118776773	Поиск Корпоративы	5552984068	корпоративный новый год 2027	17770196308	1	0	0.00	0.00	--	0	0.00
2026-09-17	118776773	Поиск Корпоративы	5552984095	организация нового года корпоратив	17770196339	1	0	0.00	0.00	--	0	0.00
2026-09-17	118776773	Поиск Корпоративы	5552984130	новогодний корпоратив 2027	17770196379	8	0	0.00	0.00	--	0	0.00
2026-09-17	118776773	Поиск Корпоративы	5552984131	новогодний корпоратив в москве	17770196382	1	0	0.00	0.00	--	0	0.00
2026-09-17	118776773	Поиск Корпоративы	5552984189	ресторан для новогоднего корпоратива	17770196409	3	0	0.00	0.00	--	0	0.00
2026-09-17	700792082	Тест РСЯ Корпоративы	5628294387	новогодний корпоратив	17770196555	283	2	0.71	72.17	36.09	0	0.00
2026-09-17	700792082	Тест РСЯ Корпоративы	5628294387	новогодний корпоратив	17770196556	173	2	1.16	118.24	59.12	0	0.00
2026-09-17	700792082	Тест РСЯ Корпоративы	5628294388	корпоративный новый год	17770196557	436	2	0.46	71.86	35.93	0	0.00
2026-09-17	700792082	Тест РСЯ Корпоративы	5628294388	корпоративный новый год	17770196558	342	1	0.29	25.78	25.78	0	0.00
2026-09-17	700792082	Тест РСЯ Корпоративы	5628294389	корпоратив на новый год	17770196559	21	0	0.00	0.00	--	0	0.00
2026-09-17	700792082	Тест РСЯ Корпоративы	5628294389	корпоратив на новый год	17770196560	15	0	0.00	0.00	--	0	0.00
2026-09-17	118776773	Поиск Корпоративы	5769956563	новогодний корпоратив для компании	17776105644	1	0	0.00	0.00	--	0	0.00
2026-09-17	118776773	Поиск Корпоративы	5770058759	корпоратив на 60 человек	17776484981	1	0	0.00	0.00	--	0	0.00
2026-09-17	118776773	Поиск Корпоративы	5770058764	корпоратив на 110 человек	17776484996	1	0	0.00	0.00	--	0	0.00
2026-09-17	118776773	Поиск Корпоративы	5770058767	площадка для корпоратива	17776485005	2	0	0.00	0.00	--	0	0.00
2026-09-17	709907560	Поиск Банкеты( конверсии)	5770058773	новогодний банкетный зал	17776485011	1	0	0.00	0.00	--	0	0.00
2026-09-17	709907560	Поиск Банкеты( конверсии)	5770058773	новогодний банкетный зал	17776485014	1	0	0.00	0.00	--	0	0.00
2026-09-17	712849433	Поиск Банкеты квиз( конверсии)	5773918652	отметить банкет	1915822986185365493	1	1	100.00	92.02	92.02	1	0.00
2026-09-17	712849433	Поиск Банкеты квиз( конверсии)	5773918653	помещение для банкета	1915822986185365494	3	1	33.33	212.97	212.97	1	0.00
2026-09-17	712849433	Поиск Банкеты квиз( конверсии)	5773918656	ресторан для банкета	1915822986185365497	4	0	0.00	0.00	--	0	0.00
2026-09-17	712849433	Поиск Банкеты квиз( конверсии)	5773918658	банкеты караоке	1915822986185365499	4	0	0.00	0.00	--	0	0.00
2026-09-17	712849433	Поиск Банкеты квиз( конверсии)	5773918659	банкеты корпоративы	1915822986185365500	7	3	42.86	1051.80	350.60	3	0.00
2026-09-17	712849433	Поиск Банкеты квиз( конверсии)	5773918660	банкеты под ключ	1915822986185365501	1	0	0.00	0.00	--	0	0.00
2026-09-17	712849433	Поиск Банкеты квиз( конверсии)	5773918664	заказать банкет	1915822986185365505	1	1	100.00	263.71	263.71	1	0.00
2026-09-17	712849433	Поиск Банкеты квиз( конверсии)	5773918665	банкет на день рождения	1915822986185365506	7	0	0.00	0.00	--	0	0.00
2026-09-17	712849433	Поиск Банкеты квиз( конверсии)	5773918666	банкет на крыше	1915822986185365507	1	0	0.00	0.00	--	0	0.00
2026-09-17	712849433	Поиск Банкеты квиз( конверсии)	5773918667	банкет с полным обслуживанием	1915822986185365508	3	0	0.00	0.00	--	0	0.00
2026-09-17	712849433	Поиск Банкеты квиз( конверсии)	5773918668	банкет фуршет	1915822986185365509	2	0	0.00	0.00	--	0	0.00
2026-09-17	712849433	Поиск Банкеты квиз( конверсии)	5773918669	мероприятия банкеты	1915822986185365510	1	0	0.00	0.00	--	0	0.00
2026-09-17	712849433	Поиск Банкеты квиз( конверсии)	5773918673	банкетная площадка	1915822986185365514	13	2	15.38	167.15	83.58	2	0.00
2026-09-17	712849433	Поиск Банкеты квиз( конверсии)	5773918674	ресторан для юбилея	1915822986185365515	1	0	0.00	0.00	--	0	0.00
2026-09-17	712849433	Поиск Банкеты квиз( конверсии)	5773918675	банкетные залы	1915822986185365516	49	6	12.24	818.24	136.37	5	0.00
2026-09-17	712849433	Поиск Банкеты квиз( конверсии)	5773918676	Отметить день рождения в ресторане	1915822986185365517	9	1	11.11	195.32	195.32	1	0.00
2026-09-17	712849433	Поиск Банкеты квиз( конверсии)	5773918677	день рождения в ресторане	1915822986185365518	3	1	33.33	85.78	85.78	1	0.00
2026-09-17	712849433	Поиск Банкеты квиз( конверсии)	5773918682	банкетный зал 100	1915822986185365523	1	0	0.00	0.00	--	0	0.00
2026-09-17	712849433	Поиск Банкеты квиз( конверсии)	5773918688	банкетный зал 160	1915822986185365529	1	0	0.00	0.00	--	0	0.00
2026-09-17	712849433	Поиск Банкеты квиз( конверсии)	5773918693	банкетный зал на новый год	1915822986185365534	1	0	0.00	0.00	--	0	0.00
2026-09-18	118776764	Поиск Конференция	5552983941	конференц зал аренда	16902905744	1	0	0.00	0.00	--	0	0.00
2026-09-18	118776773	Поиск Корпоративы	5552984026	разработка и реализация корпоративных мероприятий	16902913684	1	0	0.00	0.00	--	0	0.00
2026-09-18	118776773	Поиск Корпоративы	5552984059	заказать корпоративное мероприятие	16902913753	1	0	0.00	0.00	--	0	0.00
2026-09-18	118776773	Поиск Корпоративы	5552984078	как классно провести корпоратив	16902913780	1	0	0.00	0.00	--	0	0.00
2026-09-18	118776773	Поиск Корпоративы	5552984084	компании организации корпоратива	16902913790	1	1	100.00	1179.52	1179.52	0	0.00
2026-09-18	118776773	Поиск Корпоративы	5552984098	корпоративные мероприятия москва	16902913815	1	0	0.00	0.00	--	0	0.00
2026-09-18	118776773	Поиск Корпоративы	5552984098	корпоративные мероприятия москва	16902913816	4	0	0.00	0.00	--	0	0.00
2026-09-18	118776773	Поиск Корпоративы	5552984098	корпоративные мероприятия москва	16902913817	6	0	0.00	0.00	--	0	0.00
2026-09-18	118776773	Поиск Корпоративы	5552984108	корпоративные мероприятия центры устроители	16902913828	1	0	0.00	0.00	--	0	0.00
2026-09-18	118776773	Поиск Корпоративы	5552984142	организация корпоратива в москве	16902913880	1	0	0.00	0.00	--	0	0.00
2026-09-18	118776773	Поиск Корпоративы	5552984150	организация корпоративов	16902913904	1	0	0.00	0.00	--	0	0.00
2026-09-18	118776773	Поиск Корпоративы	5552984172	проведение корпоративных мероприятий	16902913954	1	0	0.00	0.00	--	0	0.00
2026-09-18	118776773	Поиск Корпоративы	5552984175	проведение корпоративов клуб	16902913962	1	0	0.00	0.00	--	0	0.00
2026-09-18	118776773	Поиск Корпоративы	5552984176	банкетный зал для корпоратива	16902913965	1	1	100.00	252.60	252.60	0	0.00
2026-09-18	118776773	Поиск Корпоративы	5552984190	ресторан для корпоратива	16902913993	1	0	0.00	0.00	--	0	0.00
2026-09-18	118776773	Поиск Корпоративы	5552984200	Эвент холл для корпоратива	16902914016	1	0	0.00	0.00	--	0	0.00
2026-09-18	118776779	Поиск Свадебные банкеты	5552984223	заказать свадьбу	16902921384	2	0	0.00	0.00	--	0	0.00
2026-09-18	118776779	Поиск Свадебные банкеты	5552984223	заказать свадьбу	16902921385	3	0	0.00	0.00	--	0	0.00
2026-09-18	118776779	Поиск Свадебные банкеты	5552984225	банкетный зал для свадьбы	16902921392	1	0	0.00	0.00	--	0	0.00
2026-09-18	118776779	Поиск Свадебные банкеты	5552984225	банкетный зал для свадьбы	16902921393	1	1	100.00	333.87	333.87	0	0.00
2026-09-18	118776779	Поиск Свадебные банкеты	5552984225	банкетный зал для свадьбы	16902921395	2	1	50.00	254.67	254.67	2	0.00
2026-09-18	118776779	Поиск Свадебные банкеты	5552984226	банкетный зал для проведения свадьбы	16902921398	1	0	0.00	0.00	--	0	0.00
2026-09-18	118776779	Поиск Свадебные банкеты	5552984229	залы для проведения свадьбы	16902921410	1	0	0.00	0.00	--	0	0.00
2026-09-18	118776779	Поиск Свадебные банкеты	5552984232	зал для свадьбы в москве	16902921422	2	1	50.00	286.07	286.07	1	0.00
2026-09-18	118776779	Поиск Свадебные банкеты	5552984236	банкет на свадьбу в москве	16902921438	1	0	0.00	0.00	--	0	0.00
2026-09-18	118776779	Поиск Свадебные банкеты	5552984242	где можно отметить свадьбу	16902921460	1	0	0.00	0.00	--	0	0.00
2026-09-18	118776779	Поиск Свадебные банкеты	5552984251	банкет на свадьбу	16902921497	1	0	0.00	0.00	--	0	0.00
2026-09-18	118776779	Поиск Свадебные банкеты	5552984251	банкет на свадьбу	16902921499	1	0	0.00	0.00	--	0	0.00
2026-09-18	118776779	Поиск Свадебные банкеты	5552984255	как отметить свадьбу москве	16902921514	5	0	0.00	0.00	--	0	0.00
2026-09-18	118776779	Поиск Свадебные банкеты	5552984255	как отметить свадьбу москве	16902921515	1	1	100.00	113.25	113.25	0	0.00
2026-09-18	118776779	Поиск Свадебные банкеты	5552984256	как отпраздновать свадьбу	16902921518	1	1	100.00	144.32	144.32	1	0.00
2026-09-18	118776779	Поиск Свадебные банкеты	5552984256	как отпраздновать свадьбу	16902921520	1	0	0.00	0.00	--	0	0.00
2026-09-18	118776779	Поиск Свадебные банкеты	5552984257	красивая свадьба в москве	16902921521	3	0	0.00	0.00	--	0	0.00
2026-09-18	118776779	Поиск Свадебные банкеты	5552984257	красивая свадьба в москве	16902921522	3	0	0.00	0.00	--	0	0.00
2026-09-18	118776779	Поиск Свадебные банкеты	5552984257	красивая свадьба в москве	16902921523	4	0	0.00	0.00	--	0	0.00
2026-09-18	118776779	Поиск Свадебные банкеты	5552984257	красивая свадьба в москве	16902921524	3	0	0.00	0.00	--	0	0.00
2026-09-18	118776779	Поиск Свадебные банкеты	5552984264	лучшие рестораны москвы для свадьбы	16902921550	1	0	0.00	0.00	--	0	0.00
2026-09-18	118776779	Поиск Свадебные банкеты	5552984268	места для проведения свадьбы в москве	16902921565	1	0	0.00	0.00	--	0	0.00
2026-09-18	118776779	Поиск Свадебные банкеты	5552984268	места для проведения свадьбы в москве	16902921567	1	0	0.00	0.00	--	0	0.00
2026-09-18	118776779	Поиск Свадебные банкеты	5552984269	места для свадьбы в москве	16902921569	2	0	0.00	0.00	--	0	0.00
2026-09-18	118776779	Поиск Свадебные банкеты	5552984269	места для свадьбы в москве	16902921571	1	0	0.00	0.00	--	0	0.00
2026-09-18	118776779	Поиск Свадебные банкеты	5552984270	место для свадьбы	16902921573	3	0	0.00	0.00	--	0	0.00
2026-09-18	118776779	Поиск Свадебные банкеты	5552984270	место для свадьбы	16902921574	2	0	0.00	0.00	--	0	0.00
2026-09-18	118776779	Поиск Свадебные банкеты	5552984270	место для свадьбы	16902921575	2	0	0.00	0.00	--	0	0.00
2026-09-18	118776779	Поиск Свадебные банкеты	5552984272	организация свадьбы в москве	16902921582	1	0	0.00	0.00	--	0	0.00
2026-09-18	118776779	Поиск Свадебные банкеты	5552984272	организация свадьбы в москве	16902921583	4	1	25.00	126.77	126.77	1	0.00
2026-09-18	118776779	Поиск Свадебные банкеты	5552984272	организация свадьбы в москве	16902921584	3	1	33.33	158.83	158.83	1	0.00
2026-09-18	118776779	Поиск Свадебные банкеты	5552984274	организация свадьбы под ключ	16902921589	1	0	0.00	0.00	--	0	0.00
2026-09-18	118776779	Поиск Свадебные банкеты	5552984276	организовать свадьбу в москве	16902921597	3	0	0.00	0.00	--	0	0.00
2026-09-18	118776779	Поиск Свадебные банкеты	5552984276	организовать свадьбу в москве	16902921598	1	0	0.00	0.00	--	0	0.00
2026-09-18	118776779	Поиск Свадебные банкеты	5552984276	организовать свадьбу в москве	16902921599	3	0	0.00	0.00	--	0	0.00
2026-09-18	118776779	Поиск Свадебные банкеты	5552984281	площадки для свадьбы	16902921618	4	1	25.00	336.82	336.82	1	0.00
2026-09-18	118776779	Поиск Свадебные банкеты	5552984281	площадки для свадьбы	16902921619	2	0	0.00	0.00	--	0	0.00
2026-09-18	118776779	Поиск Свадебные банкеты	5552984285	проведение свадеб в москве	16902921633	2	0	0.00	0.00	--	0	0.00
2026-09-18	118776779	Поиск Свадебные банкеты	5552984285	проведение свадеб в москве	16902921634	2	0	0.00	0.00	--	0	0.00
2026-09-18	118776779	Поиск Свадебные банкеты	5552984286	проведение свадьбы	16902921637	3	0	0.00	0.00	--	0	0.00
2026-09-18	118776779	Поиск Свадебные банкеты	5552984286	проведение свадьбы	16902921638	2	0	0.00	0.00	--	0	0.00
2026-09-18	118776779	Поиск Свадебные банкеты	5552984286	проведение свадьбы	16902921639	1	0	0.00	0.00	--	0	0.00
2026-09-18	118776779	Поиск Свадебные банкеты	5552984286	проведение свадьбы	16902921640	11	0	0.00	0.00	--	0	0.00
2026-09-18	118776779	Поиск Свадебные банкеты	5552984287	провести свадьбу в москве	16902921641	2	0	0.00	0.00	--	0	0.00
2026-09-18	118776779	Поиск Свадебные банкеты	5552984287	провести свадьбу в москве	16902921642	4	0	0.00	0.00	--	0	0.00
2026-09-18	118776779	Поиск Свадебные банкеты	5552984289	ресторан в москве для проведения свадьбы	16902921650	1	0	0.00	0.00	--	0	0.00
2026-09-18	118776779	Поиск Свадебные банкеты	5552984289	ресторан в москве для проведения свадьбы	16902921651	1	0	0.00	0.00	--	0	0.00
2026-09-18	118776779	Поиск Свадебные банкеты	5552984292	ресторан для свадьбы	16902921664	1	0	0.00	0.00	--	0	0.00
2026-09-18	118776779	Поиск Свадебные банкеты	5552984304	рестораны для проведения свадьбы	16902921710	1	0	0.00	0.00	--	0	0.00
2026-09-18	118776779	Поиск Свадебные банкеты	5552984312	свадебные залы москвы	16902921742	1	0	0.00	0.00	--	0	0.00
2026-09-18	118776779	Поиск Свадебные банкеты	5552984313	свадебные рестораны в москве	16902921745	5	0	0.00	0.00	--	0	0.00
2026-09-18	118776779	Поиск Свадебные банкеты	5552984313	свадебные рестораны в москве	16902921747	2	0	0.00	0.00	--	0	0.00
2026-09-18	118776779	Поиск Свадебные банкеты	5552984313	свадебные рестораны в москве	16902921748	1	0	0.00	0.00	--	0	0.00
2026-09-18	118776779	Поиск Свадебные банкеты	5552984317	свадебный зал	16902921762	3	0	0.00	0.00	--	0	0.00
2026-09-18	118776779	Поиск Свадебные банкеты	5552984318	свадебный ресторан	16902921768	1	0	0.00	0.00	--	0	0.00
2026-09-18	118776779	Поиск Свадебные банкеты	5552984325	свадьба цена	16902921794	2	0	0.00	0.00	--	0	0.00
2026-09-18	118776779	Поиск Свадебные банкеты	5552984325	свадьба цена	16902921796	1	0	0.00	0.00	--	0	0.00
2026-09-18	118776779	Поиск Свадебные банкеты	5552984327	сколько стоит свадьба в москве	16902921801	2	0	0.00	0.00	--	0	0.00
2026-09-18	118776779	Поиск Свадебные банкеты	5552984331	стоимость свадьбы в москве	16902921817	1	0	0.00	0.00	--	0	0.00
2026-09-18	118776779	Поиск Свадебные банкеты	5552984332	сыграть свадьбу в москве	16902921823	1	1	100.00	196.40	196.40	1	0.00
2026-09-18	118776779	Поиск Свадебные банкеты	5552984342	отметить свадьбу в ресторане	16902921862	4	0	0.00	0.00	--	0	0.00
2026-09-18	118776779	Поиск Свадебные банкеты	5552984351	ресторан для свадьбы в москве	16902921900	1	0	0.00	0.00	--	0	0.00
2026-09-18	118776785	Ремаркетинг	5552984378	Новая группа	16902928679	5	0	0.00	0.00	--	0	0.00
2026-09-18	118776779	Поиск Свадебные банкеты	5596541487	банкетный зал для свадьбы москва	17078756109	1	0	0.00	0.00	--	0	0.00
2026-09-18	700792063	Тест РСЯ банкет	5598457174	Банкеты	17085709723	118	12	10.17	14.20	1.18	0	0.00
2026-09-18	700792063	Тест РСЯ банкет	5598457174	Банкеты	17085709724	441	35	7.94	28.61	0.82	0	0.00
2026-09-18	700792063	Тест РСЯ банкет	5598457174	Банкеты	17085709725	17166	273	1.59	4842.47	17.74	8	0.00
2026-09-18	700792063	Тест РСЯ банкет	5598457174	Банкеты	17085709726	262	30	11.45	24.12	0.80	1	0.00
2026-09-18	700792063	Тест РСЯ банкет	5598457175	Баннеры	17085709727	726	0	0.00	0.00	--	0	0.00
2026-09-18	700792072	Тест РСЯ конференции	5598457236	зал для тренингов	17085710061	2	1	50.00	0.00	0.00	0	0.00
2026-09-18	700792072	Тест РСЯ конференции	5598457237	зал семинар	17085710062	2	0	0.00	0.00	--	0	0.00
2026-09-18	700792072	Тест РСЯ конференции	5598457238	конференц зал	17085710064	5	0	0.00	0.00	--	0	0.00
2026-09-18	700792072	Тест РСЯ конференции	5598457238	конференц зал	17085710065	1	0	0.00	0.00	--	0	0.00
2026-09-18	700792072	Тест РСЯ конференции	5598457240	организация конференций	17085710068	1	0	0.00	0.00	--	0	0.00
2026-09-18	700792072	Тест РСЯ конференции	5598457241	организовать конференцию	17085710070	3	0	0.00	0.00	--	0	0.00
2026-09-18	700792072	Тест РСЯ конференции	5598457243	подготовить конференцию	17085710075	158	8	5.06	0.00	0.00	0	0.00
2026-09-18	700792082	Тест РСЯ Корпоративы	5598457300	провести корпоратив	17085710298	18	0	0.00	0.00	--	0	0.00
2026-09-18	700792082	Тест РСЯ Корпоративы	5598457301	корпоративные мероприятия	17085710301	92	1	1.09	7.16	7.16	0	0.00
2026-09-18	700792082	Тест РСЯ Корпоративы	5598457302	организация корпоратива	17085710304	515	6	1.17	81.29	13.55	0	0.00
2026-09-18	700792082	Тест РСЯ Корпоративы	5598457303	корпоративный праздник	17085710305	26	0	0.00	0.00	--	0	0.00
2026-09-18	700792082	Тест РСЯ Корпоративы	5598457303	корпоративный праздник	17085710306	2449	22	0.90	345.69	15.71	0	0.00
2026-09-18	700792082	Тест РСЯ Корпоративы	5598457303	корпоративный праздник	17085710307	32	0	0.00	0.00	--	0	0.00
2026-09-18	700792082	Тест РСЯ Корпоративы	5598457304	проведение корпоратива	17085710308	68	1	1.47	14.97	14.97	0	0.00
2026-09-18	700792082	Тест РСЯ Корпоративы	5598457304	проведение корпоратива	17085710309	125	1	0.80	10.95	10.95	0	0.00
2026-09-18	700792082	Тест РСЯ Корпоративы	5598457305	ресторан для корпоратива	17085710311	54	0	0.00	0.00	--	0	0.00
2026-09-18	700792082	Тест РСЯ Корпоративы	5598457307	отметить корпоратив	17085710317	50	0	0.00	0.00	--	0	0.00
2026-09-18	700792082	Тест РСЯ Корпоративы	5598457307	отметить корпоратив	17085710318	52	0	0.00	0.00	--	0	0.00
2026-09-18	700792082	Тест РСЯ Корпоративы	5598457308	корпоратив в центре	17085710321	373	2	0.54	30.20	15.10	0	0.00
2026-09-18	700792082	Тест РСЯ Корпоративы	5598457310	корпоратив на 50 челоек	17085710327	82	2	2.44	20.13	10.07	0	0.00
2026-09-18	700792082	Тест РСЯ Корпоративы	5598457310	корпоратив на 50 челоек	17085710328	3	0	0.00	0.00	--	0	0.00
2026-09-18	700792082	Тест РСЯ Корпоративы	5598457311	корпоратив на 100 челоек	17085710329	10	0	0.00	0.00	--	0	0.00
2026-09-18	700792082	Тест РСЯ Корпоративы	5598457311	корпоратив на 100 челоек	17085710330	28	0	0.00	0.00	--	0	0.00
2026-09-18	700792082	Тест РСЯ Корпоративы	5598457311	корпоратив на 100 челоек	17085710331	137	0	0.00	0.00	--	0	0.00
2026-09-18	700792082	Тест РСЯ Корпоративы	5598457312	корпоратив на 150 челоек	17085710332	34	0	0.00	0.00	--	0	0.00
2026-09-18	700792082	Тест РСЯ Корпоративы	5598457312	корпоратив на 150 челоек	17085710333	379	18	4.75	245.52	13.64	0	0.00
2026-09-18	700792082	Тест РСЯ Корпоративы	5598457312	корпоратив на 150 челоек	17085710334	67	1	1.49	7.37	7.37	0	0.00
2026-09-18	700792082	Тест РСЯ Корпоративы	5598457313	корпоратив на 200 челоек	17085710335	8749	336	3.84	2120.38	6.31	0	0.00
2026-09-18	700792082	Тест РСЯ Корпоративы	5598457313	корпоратив на 200 челоек	17085710336	51	0	0.00	0.00	--	0	0.00
2026-09-18	700792082	Тест РСЯ Корпоративы	5598457313	корпоратив на 200 челоек	17085710337	218	1	0.46	7.74	7.74	0	0.00
2026-09-18	700792082	Тест РСЯ Корпоративы	5598457314	корпоратив на 250 челоек	17085710338	9	0	0.00	0.00	--	0	0.00
2026-09-18	700792082	Тест РСЯ Корпоративы	5598457314	корпоратив на 250 челоек	17085710339	333	0	0.00	0.00	--	0	0.00
2026-09-18	700792082	Тест РСЯ Корпоративы	5598457315	корпоратив на чистых прудах	17085710341	108	0	0.00	0.00	--	0	0.00
2026-09-18	700792082	Тест РСЯ Корпоративы	5598457315	корпоратив на чистых прудах	17085710342	167	1	0.60	27.82	27.82	0	0.00
2026-09-18	700792082	Тест РСЯ Корпоративы	5598457316	корпоратив на красных воротах	17085710344	41	3	7.32	10.71	3.57	0	0.00
2026-09-18	700792082	Тест РСЯ Корпоративы	5598457316	корпоратив на красных воротах	17085710345	1137	27	2.37	291.35	10.79	1	0.00
2026-09-18	700792082	Тест РСЯ Корпоративы	5598457316	корпоратив на красных воротах	17085710346	48	1	2.08	6.17	6.17	0	0.00
2026-09-18	700792082	Тест РСЯ Корпоративы	5598457317	корпоративы с караоке	17085710347	20	0	0.00	0.00	--	0	0.00
2026-09-18	700792082	Тест РСЯ Корпоративы	5598457317	корпоративы с караоке	17085710348	169	4	2.37	33.61	8.40	0	0.00
2026-09-18	700792082	Тест РСЯ Корпоративы	5598457317	корпоративы с караоке	17085710349	141	1	0.71	34.16	34.16	0	0.00
2026-09-18	700792082	Тест РСЯ Корпоративы	5598457318	Баннеры	17085710350	11	1	9.09	2.58	2.58	0	0.00
2026-09-18	700792082	Тест РСЯ Корпоративы	5598457318	Баннеры	17085710352	15	4	26.67	10.84	2.71	0	0.00
2026-09-18	700792082	Тест РСЯ Корпоративы	5598457318	Баннеры	17085710353	2	1	50.00	17.34	17.34	0	0.00
2026-09-18	700792082	Тест РСЯ Корпоративы	5598457321	корпоратив 30	17085710360	683	10	1.46	75.01	7.50	0	0.00
2026-09-18	700792082	Тест РСЯ Корпоративы	5598457321	корпоратив 30	17085710361	371	3	0.81	72.67	24.22	0	0.00
2026-09-18	700792082	Тест РСЯ Корпоративы	5598457321	корпоратив 30	17085710362	453	2	0.44	21.98	10.99	0	0.00
2026-09-18	700792082	Тест РСЯ Корпоративы	5598457322	корпоратив 40	17085710363	90	0	0.00	0.00	--	0	0.00
2026-09-18	700792082	Тест РСЯ Корпоративы	5598457322	корпоратив 40	17085710364	119	15	12.61	105.99	7.07	0	0.00
2026-09-18	700792082	Тест РСЯ Корпоративы	5598457322	корпоратив 40	17085710365	158	1	0.63	13.13	13.13	0	0.00
2026-09-18	700792084	Тест РСЯ Свадебные банкеты	5598457353	свадьба в москве	17085710533	4208	85	2.02	548.63	6.45	84	0.00
2026-09-18	700792084	Тест РСЯ Свадебные банкеты	5598457353	свадьба в москве	17085710534	10454	96	0.92	1724.35	17.96	82	0.00
2026-09-18	700792084	Тест РСЯ Свадебные банкеты	5598457353	свадьба в москве	17085710535	50	0	0.00	0.00	--	0	0.00
2026-09-18	700792084	Тест РСЯ Свадебные банкеты	5598457353	свадьба в москве	17085710536	24	1	4.17	81.72	81.72	1	0.00
2026-09-18	700792084	Тест РСЯ Свадебные банкеты	5598457354	свадебный ресторан	17085710537	19	3	15.79	12.62	4.21	2	0.00
2026-09-18	700792084	Тест РСЯ Свадебные банкеты	5598457354	свадебный ресторан	17085710538	297	13	4.38	17.05	1.31	10	0.00
2026-09-18	700792084	Тест РСЯ Свадебные банкеты	5598457354	свадебный ресторан	17085710539	109	3	2.75	22.63	7.54	4	0.00
2026-09-18	700792084	Тест РСЯ Свадебные банкеты	5598457354	свадебный ресторан	17085710540	45	1	2.22	1.15	1.15	0	0.00
2026-09-18	700792084	Тест РСЯ Свадебные банкеты	5598457355	площадка для свадьбы	17085710541	3	0	0.00	0.00	--	0	0.00
2026-09-18	700792084	Тест РСЯ Свадебные банкеты	5598457355	площадка для свадьбы	17085710542	5	1	20.00	0.69	0.69	1	0.00
2026-09-18	700792084	Тест РСЯ Свадебные банкеты	5598457355	площадка для свадьбы	17085710543	33	16	48.48	22.31	1.39	14	0.00
2026-09-18	700792084	Тест РСЯ Свадебные банкеты	5598457355	площадка для свадьбы	17085710544	14	7	50.00	5.70	0.81	8	0.00
2026-09-18	700792084	Тест РСЯ Свадебные банкеты	5598457356	веранда для свадьбы	17085710545	3	1	33.33	1.18	1.18	1	0.00
2026-09-18	700792084	Тест РСЯ Свадебные банкеты	5598457356	веранда для свадьбы	17085710546	115	16	13.91	15.74	0.98	13	0.00
2026-09-18	700792084	Тест РСЯ Свадебные банкеты	5598457356	веранда для свадьбы	17085710547	15	0	0.00	0.00	--	0	0.00
2026-09-18	700792084	Тест РСЯ Свадебные банкеты	5598457356	веранда для свадьбы	17085710548	24	0	0.00	0.00	--	0	0.00
2026-09-18	700792084	Тест РСЯ Свадебные банкеты	5598457357	свадебный зал	17085710549	221	14	6.33	17.92	1.28	14	0.00
2026-09-18	700792084	Тест РСЯ Свадебные банкеты	5598457357	свадебный зал	17085710550	658	64	9.73	77.24	1.21	52	0.00
2026-09-18	700792084	Тест РСЯ Свадебные банкеты	5598457357	свадебный зал	17085710551	68	0	0.00	0.00	--	0	0.00
2026-09-18	700792084	Тест РСЯ Свадебные банкеты	5598457357	свадебный зал	17085710552	77	10	12.99	7.14	0.71	4	0.00
2026-09-18	700792084	Тест РСЯ Свадебные банкеты	5598457358	свадьба под ключ	17085710553	48	3	6.25	2.02	0.67	1	0.00
2026-09-18	700792084	Тест РСЯ Свадебные банкеты	5598457358	свадьба под ключ	17085710554	60	0	0.00	0.00	--	0	0.00
2026-09-18	700792084	Тест РСЯ Свадебные банкеты	5598457358	свадьба под ключ	17085710555	158	5	3.16	4.58	0.92	6	0.00
2026-09-18	700792084	Тест РСЯ Свадебные банкеты	5598457358	свадьба под ключ	17085710556	116	8	6.90	7.36	0.92	7	0.00
2026-09-18	700792084	Тест РСЯ Свадебные банкеты	5598457359	банкет для свадьбы	17085710557	18	9	50.00	13.61	1.51	8	0.00
2026-09-18	700792084	Тест РСЯ Свадебные банкеты	5598457359	банкет для свадьбы	17085710558	65	6	9.23	38.97	6.50	2	0.00
2026-09-18	700792084	Тест РСЯ Свадебные банкеты	5598457359	банкет для свадьбы	17085710559	19	0	0.00	0.00	--	0	0.00
2026-09-18	700792084	Тест РСЯ Свадебные банкеты	5598457359	банкет для свадьбы	17085710560	29	0	0.00	0.00	--	0	0.00
2026-09-18	700792084	Тест РСЯ Свадебные банкеты	5598457360	ресторан для свадьбы	17085710561	33	7	21.21	8.64	1.23	6	0.00
2026-09-18	700792084	Тест РСЯ Свадебные банкеты	5598457360	ресторан для свадьбы	17085710562	53	5	9.43	171.32	34.26	2	0.00
2026-09-18	700792084	Тест РСЯ Свадебные банкеты	5598457360	ресторан для свадьбы	17085710563	260	22	8.46	39.95	1.82	20	0.00
2026-09-18	700792084	Тест РСЯ Свадебные банкеты	5598457360	ресторан для свадьбы	17085710564	3116	205	6.58	1454.21	7.09	174	0.00
2026-09-18	700792084	Тест РСЯ Свадебные банкеты	5598457361	зал для свадьбы	17085710565	17	5	29.41	4.06	0.81	6	0.00
2026-09-18	700792084	Тест РСЯ Свадебные банкеты	5598457361	зал для свадьбы	17085710566	20	3	15.00	6.78	2.26	2	0.00
2026-09-18	700792084	Тест РСЯ Свадебные банкеты	5598457361	зал для свадьбы	17085710567	83	28	33.73	23.62	0.84	19	0.00
2026-09-18	700792084	Тест РСЯ Свадебные банкеты	5598457361	зал для свадьбы	17085710568	37	9	24.32	10.21	1.13	10	0.00
2026-09-18	700792084	Тест РСЯ Свадебные банкеты	5598457362	Ремаркетинг на просмотры страницы свадьбы	17085710569	191	9	4.71	7.86	0.87	6	0.00
2026-09-18	702195391	Тест РСЯ банкет (Похожие сайты)	5622970380	Банкеты	17201006655	28	8	28.57	9.77	1.22	0	0.00
2026-09-18	702195391	Тест РСЯ банкет (Похожие сайты)	5622970380	Банкеты	17201006656	241	30	12.45	119.11	3.97	2	0.00
2026-09-18	702195391	Тест РСЯ банкет (Похожие сайты)	5622970380	Банкеты	17201006657	841	8	0.95	82.05	10.26	0	0.00
2026-09-18	702195391	Тест РСЯ банкет (Похожие сайты)	5622970380	Банкеты	17201006658	127	20	15.75	51.82	2.59	1	0.00
2026-09-18	702195391	Тест РСЯ банкет (Похожие сайты)	5622970381	Баннеры	17201006659	776	4	0.52	49.77	12.44	0	0.00
2026-09-18	700792082	Тест РСЯ Корпоративы	5628294387	новогодний корпоратив	17235485071	52	1	1.92	69.63	69.63	0	0.00
2026-09-18	700792082	Тест РСЯ Корпоративы	5628294388	корпоративный новый год	17235485072	2126	12	0.56	246.77	20.56	0	0.00
2026-09-18	700792082	Тест РСЯ Корпоративы	5628294389	корпоратив на новый год	17235485073	127	0	0.00	0.00	--	0	0.00
2026-09-18	708328266	РСЯ банкетное меню	5734561489	Банкеты	17663635579	14136	436	3.08	2437.57	5.59	4	0.00
2026-09-18	709907560	Поиск Банкеты( конверсии)	5750739662	помещение для банкета	17718636696	6	0	0.00	0.00	--	0	0.00
2026-09-18	709907560	Поиск Банкеты( конверсии)	5750739663	проведение банкетов	17718636702	3	0	0.00	0.00	--	0	0.00
2026-09-18	709907560	Поиск Банкеты( конверсии)	5750739665	ресторан для банкета	17718636708	2	0	0.00	0.00	--	0	0.00
2026-09-18	709907560	Поиск Банкеты( конверсии)	5750739665	ресторан для банкета	17718636709	1	0	0.00	0.00	--	0	0.00
2026-09-18	709907560	Поиск Банкеты( конверсии)	5750739665	ресторан для банкета	17718636711	1	0	0.00	0.00	--	0	0.00
2026-09-18	709907560	Поиск Банкеты( конверсии)	5750739674	банкет на день рождения	17718636747	4	0	0.00	0.00	--	0	0.00
2026-09-18	709907560	Поиск Банкеты( конверсии)	5750739676	банкет с полным обслуживанием	17718636756	1	0	0.00	0.00	--	0	0.00
2026-09-18	709907560	Поиск Банкеты( конверсии)	5750739676	банкет с полным обслуживанием	17718636758	1	0	0.00	0.00	--	0	0.00
2026-09-18	709907560	Поиск Банкеты( конверсии)	5750739678	мероприятия банкеты	17718636764	1	0	0.00	0.00	--	0	0.00
2026-09-18	709907560	Поиск Банкеты( конверсии)	5750739678	мероприятия банкеты	17718636766	3	0	0.00	0.00	--	0	0.00
2026-09-18	709907560	Поиск Банкеты( конверсии)	5750739679	место под банкет	17718636770	1	0	0.00	0.00	--	0	0.00
2026-09-18	709907560	Поиск Банкеты( конверсии)	5750739683	банкетная площадка	17718636786	2	0	0.00	0.00	--	0	0.00
2026-09-18	709907560	Поиск Банкеты( конверсии)	5750739684	ресторан для юбилея	17718636791	1	0	0.00	0.00	--	0	0.00
2026-09-18	709907560	Поиск Банкеты( конверсии)	5750739685	банкетные залы	17718636792	4	0	0.00	0.00	--	0	0.00
2026-09-18	709907560	Поиск Банкеты( конверсии)	5750739685	банкетные залы	17718636794	2	0	0.00	0.00	--	0	0.00
2026-09-18	709907560	Поиск Банкеты( конверсии)	5750739685	банкетные залы	17718636795	20	0	0.00	0.00	--	0	0.00
2026-09-18	709907560	Поиск Банкеты( конверсии)	5750739686	Отметить день рождения в ресторане	17718636796	4	1	25.00	556.74	556.74	0	0.00
2026-09-18	709907560	Поиск Банкеты( конверсии)	5750739686	Отметить день рождения в ресторане	17718636799	7	2	28.57	103.87	51.94	0	0.00
2026-09-18	709907560	Поиск Банкеты( конверсии)	5750739687	день рождения в ресторане	17718636805	3	0	0.00	0.00	--	0	0.00
2026-09-18	709907560	Поиск Банкеты( конверсии)	5750739687	день рождения в ресторане	17718636807	2	0	0.00	0.00	--	0	0.00
2026-09-18	709907560	Поиск Банкеты( конверсии)	5750739689	банкетный зал 70	17718636816	2	0	0.00	0.00	--	0	0.00
2026-09-18	709907560	Поиск Банкеты( конверсии)	5750739690	банкетный зал 80	17718636820	1	0	0.00	0.00	--	0	0.00
2026-09-18	709907560	Поиск Банкеты( конверсии)	5750739691	банкетный зал 90	17718636824	2	0	0.00	0.00	--	0	0.00
2026-09-18	709907560	Поиск Банкеты( конверсии)	5750739692	банкетный зал 100	17718636828	2	0	0.00	0.00	--	0	0.00
2026-09-18	709907560	Поиск Банкеты( конверсии)	5750739694	банкетный зал 120	17718636839	1	0	0.00	0.00	--	0	0.00
2026-09-18	118776773	Поиск Корпоративы	5552984053	корпоратив на новый год	17770196286	1	0	0.00	0.00	--	0	0.00
2026-09-18	118776773	Поиск Корпоративы	5552984129	новогодний корпоратив	17770196377	1	0	0.00	0.00	--	0	0.00
2026-09-18	118776773	Поиск Корпоративы	5552984131	новогодний корпоратив в москве	17770196382	1	0	0.00	0.00	--	0	0.00
2026-09-18	700792082	Тест РСЯ Корпоративы	5628294387	новогодний корпоратив	17770196555	157	0	0.00	0.00	--	0	0.00
2026-09-18	700792082	Тест РСЯ Корпоративы	5628294387	новогодний корпоратив	17770196556	259	1	0.39	18.37	18.37	0	0.00
2026-09-18	700792082	Тест РСЯ Корпоративы	5628294388	корпоративный новый год	17770196557	87	0	0.00	0.00	--	0	0.00
2026-09-18	700792082	Тест РСЯ Корпоративы	5628294388	корпоративный новый год	17770196558	53	1	1.89	8.51	8.51	0	0.00
2026-09-18	700792082	Тест РСЯ Корпоративы	5628294389	корпоратив на новый год	17770196559	6	0	0.00	0.00	--	0	0.00
2026-09-18	700792082	Тест РСЯ Корпоративы	5628294389	корпоратив на новый год	17770196560	10	0	0.00	0.00	--	0	0.00
2026-09-18	118776773	Поиск Корпоративы	5769956561	новогодний корпоратив 2027 москва	17776105638	1	0	0.00	0.00	--	0	0.00
2026-09-18	118776773	Поиск Корпоративы	5770058767	площадка для корпоратива	17776485005	2	1	50.00	533.72	533.72	0	0.00
2026-09-18	709907560	Поиск Банкеты( конверсии)	5770058773	новогодний банкетный зал	17776485013	1	0	0.00	0.00	--	0	0.00
2026-09-18	712849433	Поиск Банкеты квиз( конверсии)	5773918653	помещение для банкета	1915822986185365494	2	0	0.00	0.00	--	0	0.00
2026-09-18	712849433	Поиск Банкеты квиз( конверсии)	5773918656	ресторан для банкета	1915822986185365497	1	0	0.00	0.00	--	0	0.00
2026-09-18	712849433	Поиск Банкеты квиз( конверсии)	5773918658	банкеты караоке	1915822986185365499	1	1	100.00	23.24	23.24	1	0.00
2026-09-18	712849433	Поиск Банкеты квиз( конверсии)	5773918659	банкеты корпоративы	1915822986185365500	4	0	0.00	0.00	--	0	0.00
2026-09-18	712849433	Поиск Банкеты квиз( конверсии)	5773918661	веранда банкет	1915822986185365502	2	0	0.00	0.00	--	0	0.00
2026-09-18	712849433	Поиск Банкеты квиз( конверсии)	5773918664	заказать банкет	1915822986185365505	2	0	0.00	0.00	--	0	0.00
2026-09-18	712849433	Поиск Банкеты квиз( конверсии)	5773918665	банкет на день рождения	1915822986185365506	3	0	0.00	0.00	--	0	0.00
2026-09-18	712849433	Поиск Банкеты квиз( конверсии)	5773918667	банкет с полным обслуживанием	1915822986185365508	1	0	0.00	0.00	--	0	0.00
2026-09-18	712849433	Поиск Банкеты квиз( конверсии)	5773918668	банкет фуршет	1915822986185365509	1	0	0.00	0.00	--	0	0.00
2026-09-18	712849433	Поиск Банкеты квиз( конверсии)	5773918670	место под банкет	1915822986185365511	2	0	0.00	0.00	--	0	0.00
2026-09-18	712849433	Поиск Банкеты квиз( конверсии)	5773918673	банкетная площадка	1915822986185365514	5	1	20.00	292.33	292.33	1	0.00
2026-09-18	712849433	Поиск Банкеты квиз( конверсии)	5773918674	ресторан для юбилея	1915822986185365515	3	1	33.33	193.82	193.82	1	0.00
2026-09-18	712849433	Поиск Банкеты квиз( конверсии)	5773918675	банкетные залы	1915822986185365516	28	0	0.00	0.00	--	0	0.00
2026-09-18	712849433	Поиск Банкеты квиз( конверсии)	5773918676	Отметить день рождения в ресторане	1915822986185365517	3	0	0.00	0.00	--	0	0.00
2026-09-18	712849433	Поиск Банкеты квиз( конверсии)	5773918677	день рождения в ресторане	1915822986185365518	5	0	0.00	0.00	--	0	0.00
2026-09-19	118776773	Поиск Корпоративы	5552984024	профессиональное проведение корпоративов	16902913678	1	0	0.00	0.00	--	0	0.00
2026-09-19	118776773	Поиск Корпоративы	5552984092	корпоративное мероприятие стиле	16902913804	1	0	0.00	0.00	--	0	0.00
2026-09-19	118776773	Поиск Корпоративы	5552984098	корпоративные мероприятия москва	16902913817	4	0	0.00	0.00	--	0	0.00
2026-09-19	118776773	Поиск Корпоративы	5552984171	проведение корпоратива в москве	16902913949	1	0	0.00	0.00	--	0	0.00
2026-09-19	118776779	Поиск Свадебные банкеты	5552984225	банкетный зал для свадьбы	16902921393	2	0	0.00	0.00	--	0	0.00
2026-09-19	118776779	Поиск Свадебные банкеты	5552984225	банкетный зал для свадьбы	16902921395	1	0	0.00	0.00	--	0	0.00
2026-09-19	118776779	Поиск Свадебные банкеты	5552984226	банкетный зал для проведения свадьбы	16902921397	2	0	0.00	0.00	--	0	0.00
2026-09-19	118776779	Поиск Свадебные банкеты	5552984226	банкетный зал для проведения свадьбы	16902921398	1	0	0.00	0.00	--	0	0.00
2026-09-19	118776779	Поиск Свадебные банкеты	5552984236	банкет на свадьбу в москве	16902921436	1	0	0.00	0.00	--	0	0.00
2026-09-19	118776779	Поиск Свадебные банкеты	5552984251	банкет на свадьбу	16902921496	1	0	0.00	0.00	--	0	0.00
2026-09-19	118776779	Поиск Свадебные банкеты	5552984255	как отметить свадьбу москве	16902921515	3	0	0.00	0.00	--	0	0.00
2026-09-19	118776779	Поиск Свадебные банкеты	5552984257	красивая свадьба в москве	16902921521	2	0	0.00	0.00	--	0	0.00
2026-09-19	118776779	Поиск Свадебные банкеты	5552984257	красивая свадьба в москве	16902921524	1	0	0.00	0.00	--	0	0.00
2026-09-19	118776779	Поиск Свадебные банкеты	5552984268	места для проведения свадьбы в москве	16902921565	1	0	0.00	0.00	--	0	0.00
2026-09-19	118776779	Поиск Свадебные банкеты	5552984270	место для свадьбы	16902921574	1	0	0.00	0.00	--	0	0.00
2026-09-19	118776779	Поиск Свадебные банкеты	5552984281	площадки для свадьбы	16902921619	1	0	0.00	0.00	--	0	0.00
2026-09-19	118776779	Поиск Свадебные банкеты	5552984285	проведение свадеб в москве	16902921634	1	0	0.00	0.00	--	0	0.00
2026-09-19	118776779	Поиск Свадебные банкеты	5552984286	проведение свадьбы	16902921640	1	0	0.00	0.00	--	0	0.00
2026-09-19	118776779	Поиск Свадебные банкеты	5552984287	провести свадьбу в москве	16902921641	1	1	100.00	393.11	393.11	0	0.00
2026-09-19	118776779	Поиск Свадебные банкеты	5552984289	ресторан в москве для проведения свадьбы	16902921649	2	1	50.00	416.50	416.50	0	0.00
2026-09-19	118776779	Поиск Свадебные банкеты	5552984325	свадьба цена	16902921793	1	0	0.00	0.00	--	0	0.00
2026-09-19	118776779	Поиск Свадебные банкеты	5552984325	свадьба цена	16902921795	1	0	0.00	0.00	--	0	0.00
2026-09-19	118776779	Поиск Свадебные банкеты	5552984325	свадьба цена	16902921796	1	0	0.00	0.00	--	0	0.00
2026-09-19	118776779	Поиск Свадебные банкеты	5552984333	услуги проведения свадьбы	16902921826	1	0	0.00	0.00	--	0	0.00
2026-09-19	118776779	Поиск Свадебные банкеты	5552984336	веранда +для свадьбы	16902921837	1	0	0.00	0.00	--	0	0.00
2026-09-19	118776785	Ремаркетинг	5552984378	Новая группа	16902928679	6	0	0.00	0.00	--	0	0.00
2026-09-19	700792063	Тест РСЯ банкет	5598457174	Банкеты	17085709723	17	2	11.76	0.58	0.29	0	0.00
2026-09-19	700792063	Тест РСЯ банкет	5598457174	Банкеты	17085709724	71	5	7.04	3.43	0.69	0	0.00
2026-09-19	700792063	Тест РСЯ банкет	5598457174	Банкеты	17085709725	2840	55	1.94	1199.70	21.81	2	0.00
2026-09-19	700792063	Тест РСЯ банкет	5598457174	Банкеты	17085709726	41	2	4.88	1.27	0.63	0	0.00
2026-09-19	700792063	Тест РСЯ банкет	5598457175	Баннеры	17085709727	10	0	0.00	0.00	--	0	0.00
2026-09-19	700792072	Тест РСЯ конференции	5598457238	конференц зал	17085710064	1	0	0.00	0.00	--	0	0.00
2026-09-19	700792072	Тест РСЯ конференции	5598457243	подготовить конференцию	17085710075	1	0	0.00	0.00	--	0	0.00
2026-09-19	700792082	Тест РСЯ Корпоративы	5598457300	провести корпоратив	17085710298	5	0	0.00	0.00	--	0	0.00
2026-09-19	700792082	Тест РСЯ Корпоративы	5598457301	корпоративные мероприятия	17085710301	6	0	0.00	0.00	--	0	0.00
2026-09-19	700792082	Тест РСЯ Корпоративы	5598457302	организация корпоратива	17085710304	187	0	0.00	0.00	--	0	0.00
2026-09-19	700792082	Тест РСЯ Корпоративы	5598457303	корпоративный праздник	17085710305	5	0	0.00	0.00	--	0	0.00
2026-09-19	700792082	Тест РСЯ Корпоративы	5598457303	корпоративный праздник	17085710306	155	0	0.00	0.00	--	0	0.00
2026-09-19	700792082	Тест РСЯ Корпоративы	5598457303	корпоративный праздник	17085710307	3	0	0.00	0.00	--	0	0.00
2026-09-19	700792082	Тест РСЯ Корпоративы	5598457304	проведение корпоратива	17085710308	19	0	0.00	0.00	--	0	0.00
2026-09-19	700792082	Тест РСЯ Корпоративы	5598457304	проведение корпоратива	17085710309	85	0	0.00	0.00	--	0	0.00
2026-09-19	700792082	Тест РСЯ Корпоративы	5598457305	ресторан для корпоратива	17085710311	5	0	0.00	0.00	--	0	0.00
2026-09-19	700792082	Тест РСЯ Корпоративы	5598457307	отметить корпоратив	17085710318	52	0	0.00	0.00	--	0	0.00
2026-09-19	700792082	Тест РСЯ Корпоративы	5598457308	корпоратив в центре	17085710321	121	0	0.00	0.00	--	0	0.00
2026-09-19	700792082	Тест РСЯ Корпоративы	5598457310	корпоратив на 50 челоек	17085710327	12	0	0.00	0.00	--	0	0.00
2026-09-19	700792082	Тест РСЯ Корпоративы	5598457310	корпоратив на 50 челоек	17085710328	1	0	0.00	0.00	--	0	0.00
2026-09-19	700792082	Тест РСЯ Корпоративы	5598457311	корпоратив на 100 челоек	17085710329	9	0	0.00	0.00	--	0	0.00
2026-09-19	700792082	Тест РСЯ Корпоративы	5598457311	корпоратив на 100 челоек	17085710330	17	0	0.00	0.00	--	0	0.00
2026-09-19	700792082	Тест РСЯ Корпоративы	5598457311	корпоратив на 100 челоек	17085710331	42	0	0.00	0.00	--	0	0.00
2026-09-19	700792082	Тест РСЯ Корпоративы	5598457312	корпоратив на 150 челоек	17085710332	8	0	0.00	0.00	--	0	0.00
2026-09-19	700792082	Тест РСЯ Корпоративы	5598457312	корпоратив на 150 челоек	17085710333	144	2	1.39	8.29	4.15	0	0.00
2026-09-19	700792082	Тест РСЯ Корпоративы	5598457312	корпоратив на 150 челоек	17085710334	30	0	0.00	0.00	--	0	0.00
2026-09-19	700792082	Тест РСЯ Корпоративы	5598457313	корпоратив на 200 челоек	17085710335	822	33	4.01	263.46	7.98	0	0.00
2026-09-19	700792082	Тест РСЯ Корпоративы	5598457313	корпоратив на 200 челоек	17085710336	14	0	0.00	0.00	--	0	0.00
2026-09-19	700792082	Тест РСЯ Корпоративы	5598457313	корпоратив на 200 челоек	17085710337	17	0	0.00	0.00	--	0	0.00
2026-09-19	700792082	Тест РСЯ Корпоративы	5598457314	корпоратив на 250 челоек	17085710338	4	0	0.00	0.00	--	0	0.00
2026-09-19	700792082	Тест РСЯ Корпоративы	5598457314	корпоратив на 250 челоек	17085710339	161	0	0.00	0.00	--	0	0.00
2026-09-19	700792082	Тест РСЯ Корпоративы	5598457315	корпоратив на чистых прудах	17085710341	9	0	0.00	0.00	--	0	0.00
2026-09-19	700792082	Тест РСЯ Корпоративы	5598457315	корпоратив на чистых прудах	17085710342	24	0	0.00	0.00	--	0	0.00
2026-09-19	700792082	Тест РСЯ Корпоративы	5598457316	корпоратив на красных воротах	17085710344	1	1	100.00	54.91	54.91	0	0.00
2026-09-19	700792082	Тест РСЯ Корпоративы	5598457316	корпоратив на красных воротах	17085710345	75	2	2.67	20.75	10.37	0	0.00
2026-09-19	700792082	Тест РСЯ Корпоративы	5598457316	корпоратив на красных воротах	17085710346	1	0	0.00	0.00	--	0	0.00
2026-09-19	700792082	Тест РСЯ Корпоративы	5598457317	корпоративы с караоке	17085710347	39	0	0.00	0.00	--	0	0.00
2026-09-19	700792082	Тест РСЯ Корпоративы	5598457317	корпоративы с караоке	17085710348	19	0	0.00	0.00	--	0	0.00
2026-09-19	700792082	Тест РСЯ Корпоративы	5598457317	корпоративы с караоке	17085710349	36	0	0.00	0.00	--	0	0.00
2026-09-19	700792082	Тест РСЯ Корпоративы	5598457318	Баннеры	17085710350	1	0	0.00	0.00	--	0	0.00
2026-09-19	700792082	Тест РСЯ Корпоративы	5598457318	Баннеры	17085710352	5	1	20.00	1.63	1.63	0	0.00
2026-09-19	700792082	Тест РСЯ Корпоративы	5598457321	корпоратив 30	17085710360	347	1	0.29	4.43	4.43	0	0.00
2026-09-19	700792082	Тест РСЯ Корпоративы	5598457321	корпоратив 30	17085710361	409	0	0.00	0.00	--	0	0.00
2026-09-19	700792082	Тест РСЯ Корпоративы	5598457321	корпоратив 30	17085710362	359	2	0.56	66.15	33.07	0	0.00
2026-09-19	700792082	Тест РСЯ Корпоративы	5598457322	корпоратив 40	17085710363	48	3	6.25	20.84	6.95	0	0.00
2026-09-19	700792082	Тест РСЯ Корпоративы	5598457322	корпоратив 40	17085710364	38	3	7.89	13.84	4.61	0	0.00
2026-09-19	700792082	Тест РСЯ Корпоративы	5598457322	корпоратив 40	17085710365	72	0	0.00	0.00	--	0	0.00
2026-09-19	700792084	Тест РСЯ Свадебные банкеты	5598457353	свадьба в москве	17085710533	582	7	1.20	53.42	7.63	3	0.00
2026-09-19	700792084	Тест РСЯ Свадебные банкеты	5598457353	свадьба в москве	17085710534	1892	11	0.58	449.46	40.86	8	0.00
2026-09-19	700792084	Тест РСЯ Свадебные банкеты	5598457353	свадьба в москве	17085710535	22	0	0.00	0.00	--	0	0.00
2026-09-19	700792084	Тест РСЯ Свадебные банкеты	5598457353	свадьба в москве	17085710536	21	0	0.00	0.00	--	0	0.00
2026-09-19	700792084	Тест РСЯ Свадебные банкеты	5598457354	свадебный ресторан	17085710537	2	0	0.00	0.00	--	0	0.00
2026-09-19	700792084	Тест РСЯ Свадебные банкеты	5598457354	свадебный ресторан	17085710538	289	50	17.30	30.49	0.61	15	0.00
2026-09-19	700792084	Тест РСЯ Свадебные банкеты	5598457354	свадебный ресторан	17085710539	40	4	10.00	2.79	0.70	2	0.00
2026-09-19	700792084	Тест РСЯ Свадебные банкеты	5598457354	свадебный ресторан	17085710540	27	0	0.00	0.00	--	0	0.00
2026-09-19	700792084	Тест РСЯ Свадебные банкеты	5598457355	площадка для свадьбы	17085710542	5	1	20.00	0.48	0.48	0	0.00
2026-09-19	700792084	Тест РСЯ Свадебные банкеты	5598457355	площадка для свадьбы	17085710543	8	3	37.50	0.82	0.27	0	0.00
2026-09-19	700792084	Тест РСЯ Свадебные банкеты	5598457355	площадка для свадьбы	17085710544	9	3	33.33	2.30	0.77	3	0.00
2026-09-19	700792084	Тест РСЯ Свадебные банкеты	5598457356	веранда для свадьбы	17085710545	2	0	0.00	0.00	--	0	0.00
2026-09-19	700792084	Тест РСЯ Свадебные банкеты	5598457356	веранда для свадьбы	17085710546	107	12	11.21	7.84	0.65	6	0.00
2026-09-19	700792084	Тест РСЯ Свадебные банкеты	5598457356	веранда для свадьбы	17085710547	2	0	0.00	0.00	--	0	0.00
2026-09-19	700792084	Тест РСЯ Свадебные банкеты	5598457356	веранда для свадьбы	17085710548	11	0	0.00	0.00	--	0	0.00
2026-09-19	700792084	Тест РСЯ Свадебные банкеты	5598457357	свадебный зал	17085710549	5	0	0.00	0.00	--	0	0.00
2026-09-19	700792084	Тест РСЯ Свадебные банкеты	5598457357	свадебный зал	17085710550	74	3	4.05	0.98	0.33	1	0.00
2026-09-19	700792084	Тест РСЯ Свадебные банкеты	5598457357	свадебный зал	17085710551	12	0	0.00	0.00	--	0	0.00
2026-09-19	700792084	Тест РСЯ Свадебные банкеты	5598457357	свадебный зал	17085710552	8	0	0.00	0.00	--	0	0.00
2026-09-19	700792084	Тест РСЯ Свадебные банкеты	5598457358	свадьба под ключ	17085710553	10	1	10.00	0.20	0.20	0	0.00
2026-09-19	700792084	Тест РСЯ Свадебные банкеты	5598457358	свадьба под ключ	17085710554	16	0	0.00	0.00	--	0	0.00
2026-09-19	700792084	Тест РСЯ Свадебные банкеты	5598457358	свадьба под ключ	17085710555	42	2	4.76	1.92	0.96	2	0.00
2026-09-19	700792084	Тест РСЯ Свадебные банкеты	5598457358	свадьба под ключ	17085710556	20	3	15.00	2.90	0.97	1	0.00
2026-09-19	700792084	Тест РСЯ Свадебные банкеты	5598457359	банкет для свадьбы	17085710558	72	13	18.06	27.85	2.14	3	0.00
2026-09-19	700792084	Тест РСЯ Свадебные банкеты	5598457359	банкет для свадьбы	17085710559	14	0	0.00	0.00	--	0	0.00
2026-09-19	700792084	Тест РСЯ Свадебные банкеты	5598457359	банкет для свадьбы	17085710560	24	1	4.17	2.19	2.19	0	0.00
2026-09-19	700792084	Тест РСЯ Свадебные банкеты	5598457360	ресторан для свадьбы	17085710562	55	0	0.00	0.00	--	0	0.00
2026-09-19	700792084	Тест РСЯ Свадебные банкеты	5598457360	ресторан для свадьбы	17085710563	6	0	0.00	0.00	--	0	0.00
2026-09-19	700792084	Тест РСЯ Свадебные банкеты	5598457360	ресторан для свадьбы	17085710564	433	26	6.00	172.51	6.64	6	0.00
2026-09-19	700792084	Тест РСЯ Свадебные банкеты	5598457361	зал для свадьбы	17085710566	16	1	6.25	0.45	0.45	0	0.00
2026-09-19	700792084	Тест РСЯ Свадебные банкеты	5598457361	зал для свадьбы	17085710567	101	32	31.68	20.15	0.63	13	0.00
2026-09-19	700792084	Тест РСЯ Свадебные банкеты	5598457361	зал для свадьбы	17085710568	7	1	14.29	0.69	0.69	1	0.00
2026-09-19	700792084	Тест РСЯ Свадебные банкеты	5598457362	Ремаркетинг на просмотры страницы свадьбы	17085710569	49	2	4.08	1.27	0.64	0	0.00
2026-09-19	702195391	Тест РСЯ банкет (Похожие сайты)	5622970380	Банкеты	17201006655	6	0	0.00	0.00	--	0	0.00
2026-09-19	702195391	Тест РСЯ банкет (Похожие сайты)	5622970380	Банкеты	17201006656	34	3	8.82	3.43	1.14	0	0.00
2026-09-19	702195391	Тест РСЯ банкет (Похожие сайты)	5622970380	Банкеты	17201006657	132	4	3.03	14.36	3.59	0	0.00
2026-09-19	702195391	Тест РСЯ банкет (Похожие сайты)	5622970380	Банкеты	17201006658	10	1	10.00	4.63	4.63	0	0.00
2026-09-19	702195391	Тест РСЯ банкет (Похожие сайты)	5622970381	Баннеры	17201006659	79	0	0.00	0.00	--	0	0.00
2026-09-19	700792082	Тест РСЯ Корпоративы	5628294387	новогодний корпоратив	17235485071	75	0	0.00	0.00	--	0	0.00
2026-09-19	700792082	Тест РСЯ Корпоративы	5628294388	корпоративный новый год	17235485072	1103	13	1.18	223.07	17.16	0	0.00
2026-09-19	700792082	Тест РСЯ Корпоративы	5628294389	корпоратив на новый год	17235485073	6	0	0.00	0.00	--	0	0.00
2026-09-19	708328266	РСЯ банкетное меню	5734561489	Банкеты	17663635579	904	54	5.97	163.68	3.03	0	0.00
2026-09-19	709907560	Поиск Банкеты( конверсии)	5750739662	помещение для банкета	17718636696	1	0	0.00	0.00	--	0	0.00
2026-09-19	709907560	Поиск Банкеты( конверсии)	5750739663	проведение банкетов	17718636702	1	0	0.00	0.00	--	0	0.00
2026-09-19	709907560	Поиск Банкеты( конверсии)	5750739665	ресторан для банкета	17718636708	1	0	0.00	0.00	--	0	0.00
2026-09-19	709907560	Поиск Банкеты( конверсии)	5750739665	ресторан для банкета	17718636711	1	0	0.00	0.00	--	0	0.00
2026-09-19	709907560	Поиск Банкеты( конверсии)	5750739676	банкет с полным обслуживанием	17718636756	1	0	0.00	0.00	--	0	0.00
2026-09-19	709907560	Поиск Банкеты( конверсии)	5750739678	мероприятия банкеты	17718636766	1	0	0.00	0.00	--	0	0.00
2026-09-19	709907560	Поиск Банкеты( конверсии)	5750739685	банкетные залы	17718636792	2	0	0.00	0.00	--	0	0.00
2026-09-19	709907560	Поиск Банкеты( конверсии)	5750739685	банкетные залы	17718636794	1	0	0.00	0.00	--	0	0.00
2026-09-19	709907560	Поиск Банкеты( конверсии)	5750739685	банкетные залы	17718636795	1	0	0.00	0.00	--	0	0.00
2026-09-19	709907560	Поиск Банкеты( конверсии)	5750739686	Отметить день рождения в ресторане	17718636799	3	0	0.00	0.00	--	0	0.00
2026-09-19	709907560	Поиск Банкеты( конверсии)	5750739687	день рождения в ресторане	17718636805	1	0	0.00	0.00	--	0	0.00
2026-09-19	709907560	Поиск Банкеты( конверсии)	5750739689	банкетный зал 70	17718636816	1	0	0.00	0.00	--	0	0.00
2026-09-19	709907560	Поиск Банкеты( конверсии)	5750739690	банкетный зал 80	17718636820	1	0	0.00	0.00	--	0	0.00
2026-09-19	709907560	Поиск Банкеты( конверсии)	5750739692	банкетный зал 100	17718636828	1	0	0.00	0.00	--	0	0.00
2026-09-19	709907560	Поиск Банкеты( конверсии)	5750739694	банкетный зал 120	17718636836	1	0	0.00	0.00	--	0	0.00
2026-09-19	700792082	Тест РСЯ Корпоративы	5628294387	новогодний корпоратив	17770196555	119	1	0.84	30.49	30.49	0	0.00
2026-09-19	700792082	Тест РСЯ Корпоративы	5628294387	новогодний корпоратив	17770196556	30	0	0.00	0.00	--	0	0.00
2026-09-19	700792082	Тест РСЯ Корпоративы	5628294388	корпоративный новый год	17770196557	17	0	0.00	0.00	--	0	0.00
2026-09-19	700792082	Тест РСЯ Корпоративы	5628294388	корпоративный новый год	17770196558	10	0	0.00	0.00	--	0	0.00
2026-09-19	700792082	Тест РСЯ Корпоративы	5628294389	корпоратив на новый год	17770196559	1	0	0.00	0.00	--	0	0.00
2026-09-19	712849433	Поиск Банкеты квиз( конверсии)	5773918653	помещение для банкета	1915822986185365494	2	0	0.00	0.00	--	0	0.00
2026-09-19	712849433	Поиск Банкеты квиз( конверсии)	5773918655	провести банкет	1915822986185365496	1	0	0.00	0.00	--	0	0.00
2026-09-19	712849433	Поиск Банкеты квиз( конверсии)	5773918656	ресторан для банкета	1915822986185365497	2	0	0.00	0.00	--	0	0.00
2026-09-19	712849433	Поиск Банкеты квиз( конверсии)	5773918658	банкеты караоке	1915822986185365499	1	1	100.00	465.02	465.02	1	0.00
2026-09-19	712849433	Поиск Банкеты квиз( конверсии)	5773918675	банкетные залы	1915822986185365516	5	1	20.00	401.69	401.69	0	0.00
2026-09-19	712849433	Поиск Банкеты квиз( конверсии)	5773918676	Отметить день рождения в ресторане	1915822986185365517	5	0	0.00	0.00	--	0	0.00
2026-09-19	712849433	Поиск Банкеты квиз( конверсии)	5773918677	день рождения в ресторане	1915822986185365518	1	1	100.00	38.40	38.40	1	0.00
